id,client_id,card_brand,card_type,card_number,expires,cvv,has_chip,num_cards_issued,credit_limit,acct_open_date,year_pin_last_changed,card_on_dark_web
4524,825,Visa,Debit,4.34468E+15,dic-22,623,YES,2,"$24,295",sep-02,2008,No
2731,825,Visa,Debit,4.95697E+15,dic-20,393,YES,2,"$21,968",abr-14,2014,No
3701,825,Visa,Debit,4.58231E+15,feb-24,719,YES,2,"$46,414",jul-03,2004,No
42,825,Visa,Credit,4.87949E+15,ago-24,693,NO,1,"$12,400",ene-03,2012,No
4659,825,Mastercard,Debit (Prepaid),5.72287E+15,mar-09,75,YES,1,$28,sep-08,2009,No
4537,1746,Visa,Credit,4.4049E+15,sep-03,736,YES,1,"$27,500",sep-03,2012,No
1278,1746,Visa,Debit,4.00148E+15,jul-22,972,YES,2,"$28,508",feb-11,2011,No
3687,1746,Mastercard,Debit,5.62722E+15,jun-22,48,YES,2,"$9,022",jul-03,2015,No
3465,1746,Mastercard,Debit (Prepaid),5.71138E+15,nov-20,722,YES,2,$54,jun-10,2015,No
3754,1746,Mastercard,Debit (Prepaid),5.76612E+15,feb-23,908,YES,1,$99,jul-06,2012,No
5144,1718,Mastercard,Debit,5.4952E+15,mar-22,677,YES,2,"$31,599",oct-09,2009,No
2029,1718,Mastercard,Debit,5.8045E+15,jul-23,258,NO,2,"$27,480",mar-02,2008,No
2379,1718,Mastercard,Debit,5.76635E+15,feb-20,992,YES,1,"$26,743",mar-19,2019,No
2732,1718,Visa,Debit,4.24202E+15,jun-20,928,YES,1,"$31,463",abr-14,2014,No
4706,1718,Mastercard,Debit,5.19103E+15,jun-24,360,YES,1,"$16,055",sep-09,2009,No
281,708,Visa,Credit,4.01726E+15,may-15,877,YES,2,"$98,100",ene-11,2011,No
1106,708,Mastercard,Debit (Prepaid),5.58197E+15,jun-20,448,YES,1,$62,feb-07,2007,No
5621,708,Visa,Debit,4.03224E+15,jun-22,53,YES,1,"$132,439",nov-10,2011,No
5165,708,Visa,Debit,4.93597E+15,jun-20,649,YES,1,"$125,723",oct-09,2010,No
5757,1164,Mastercard,Debit,5.90503E+15,ene-22,886,YES,1,"$34,900",dic-99,2012,No
27,68,Visa,Credit,4.09962E+15,sep-21,74,YES,2,"$9,900",ene-02,2019,No
4648,68,Visa,Debit,4.2812E+15,jul-13,865,YES,2,"$21,587",sep-07,2007,No
5435,68,Visa,Credit,4.41146E+15,nov-22,922,YES,2,"$15,800",nov-05,2011,No
3287,1075,Mastercard,Debit,5.20248E+15,abr-22,861,YES,1,"$29,964",jun-05,2014,No
4761,1075,Mastercard,Credit,5.08977E+15,jul-23,686,YES,2,"$11,200",sep-10,2010,No
5286,1075,Mastercard,Debit,5.76734E+15,dic-21,669,NO,2,"$26,753",oct-14,2014,No
744,1711,Visa,Debit,4.59583E+15,may-23,689,NO,2,"$17,480",ene-20,2020,No
5559,1116,Mastercard,Debit,5.34105E+15,sep-21,396,YES,2,"$26,546",nov-09,2009,No
4905,1116,Mastercard,Debit,5.66883E+15,ene-21,356,YES,1,"$23,253",sep-17,2017,No
79,1116,Visa,Credit,4.40006E+15,feb-21,497,YES,1,"$16,100",ene-05,2014,No
301,1116,Visa,Credit,4.80855E+15,feb-21,921,YES,2,"$8,700",ene-12,2012,No
3115,1116,Mastercard,Debit,5.22474E+15,ene-19,922,YES,1,"$29,333",may-12,2012,No
3880,1752,Mastercard,Debit,5.29418E+15,jul-24,265,YES,2,"$9,496",jul-09,2012,No
1766,192,Visa,Debit,4.8578E+15,jul-21,930,YES,1,"$25,499",feb-20,2020,No
1767,192,Visa,Debit,4.32406E+15,feb-20,358,YES,1,"$18,641",feb-20,2020,No
745,640,Visa,Debit,4.85264E+15,may-23,995,YES,1,"$26,019",ene-20,2020,No
1459,1679,Mastercard,Debit,5.65638E+15,ene-21,547,YES,1,"$25,845",feb-20,2020,No
138,1094,Visa,Debit,4.55693E+15,jun-23,64,YES,2,"$2,365",ene-07,2009,No
3755,1094,Mastercard,Debit,5.51578E+15,jun-23,419,YES,2,"$18,684",jul-06,2017,No
1768,1094,Visa,Credit,4.50839E+15,feb-21,364,NO,2,"$7,400",feb-20,2020,No
5924,1590,Mastercard,Debit,5.54827E+15,dic-24,145,YES,2,"$4,147",dic-08,2016,No
6074,1660,Visa,Debit (Prepaid),4.98627E+15,abr-22,385,YES,1,$76,dic-12,2012,No
5923,1660,Discover,Credit,6.72606E+15,ene-09,105,NO,1,"$4,700",dic-08,2014,No
4223,1660,Visa,Credit,4.15711E+15,jun-21,433,YES,2,"$5,800",ago-07,2011,No
4455,1660,Mastercard,Debit,5.23146E+15,mar-24,754,YES,2,"$12,082",ago-16,2016,No
3234,1660,Mastercard,Credit,5.07484E+15,mar-23,741,NO,2,"$6,000",jun-02,2010,No
1005,1660,Visa,Debit,4.98637E+15,nov-09,367,YES,1,$620,feb-02,2014,No
151,1747,Mastercard,Debit,5.89201E+15,ago-22,879,YES,1,"$14,499",ene-08,2008,No
4198,1747,Mastercard,Debit,5.17916E+15,jul-23,457,YES,2,"$12,332",ago-07,2009,No
4403,1747,Mastercard,Debit,5.56964E+15,sep-24,904,YES,1,"$18,424",ago-13,2013,No
4120,1747,Visa,Credit,4.70891E+15,jul-23,149,NO,1,"$15,400",ago-03,2008,No
4224,1747,Visa,Debit,4.79572E+15,feb-22,136,YES,2,"$14,548",ago-07,2013,No
4895,1747,Mastercard,Credit,5.30016E+15,dic-16,740,YES,2,"$10,100",sep-16,2016,No
1028,153,Discover,Credit,6.58024E+15,abr-11,416,YES,1,"$11,200",feb-04,2008,No
5956,153,Mastercard,Debit,5.03246E+15,oct-24,240,YES,2,"$20,291",dic-09,2011,No
107,153,Visa,Debit,4.38232E+15,ago-18,852,YES,1,"$32,092",ene-06,2010,No
440,153,Mastercard,Debit,5.45681E+15,feb-20,217,YES,1,"$20,463",ene-20,2020,No
746,429,Visa,Debit,4.46536E+15,ago-22,738,YES,1,"$15,802",ene-20,2020,No
1769,429,Visa,Debit,4.66845E+15,feb-20,314,NO,2,"$4,612",feb-20,2020,No
421,429,Discover,Credit,6.3776E+15,jul-20,675,YES,2,"$19,900",ene-20,2020,No
974,511,Mastercard,Debit (Prepaid),5.11709E+15,oct-20,42,YES,1,$73,feb-00,2012,No
4707,511,Mastercard,Debit,5.37786E+15,ene-24,24,YES,1,"$11,858",sep-09,2010,No
7,511,Mastercard,Debit,5.58524E+15,mar-05,749,YES,1,"$9,664",ene-98,2011,No
2212,511,Mastercard,Debit,5.35528E+15,jun-20,810,YES,1,"$8,367",mar-09,2009,No
1038,511,Visa,Credit,4.15009E+15,jun-22,135,YES,2,"$6,100",feb-04,2009,No
1460,309,Mastercard,Debit,5.9793E+15,feb-20,630,YES,3,"$9,944",feb-20,2020,No
747,309,Visa,Credit,4.47364E+15,ene-20,771,YES,1,"$7,900",ene-20,2020,No
1770,309,Visa,Credit,4.80012E+15,dic-20,201,YES,1,"$5,600",feb-20,2020,No
748,777,Visa,Debit,4.83233E+15,ago-23,580,YES,1,"$68,400",ene-20,2020,No
441,777,Mastercard,Debit,5.27808E+15,abr-23,437,YES,2,"$77,237",ene-20,2020,No
3679,1946,Visa,Debit,4.86985E+15,ago-24,701,YES,2,"$4,488",jul-02,2015,No
5701,1946,Visa,Credit,4.23153E+15,feb-20,499,YES,2,"$12,500",nov-14,2014,No
4510,1674,Mastercard,Debit,5.81361E+15,dic-20,734,YES,2,"$23,432",sep-01,2008,No
2873,1674,Amex,Credit,3.66521E+14,may-22,447,YES,2,"$8,800",may-05,2011,No
1461,482,Mastercard,Credit,5.3927E+15,feb-20,886,YES,2,"$12,100",feb-20,2020,No
442,877,Mastercard,Debit,5.04815E+15,feb-20,931,YES,1,"$9,708",ene-20,2020,No
3877,877,Amex,Credit,3.71643E+14,nov-21,683,YES,2,"$12,000",jul-09,2011,No
2296,877,Mastercard,Debit,5.70073E+15,nov-23,230,YES,1,"$11,973",mar-12,2012,No
5048,128,Mastercard,Debit,5.38944E+15,feb-22,658,YES,2,"$13,601",oct-06,2014,No
1462,128,Mastercard,Credit,5.07912E+15,ene-24,849,YES,2,"$7,800",feb-20,2020,No
4269,775,Visa,Debit,4.39043E+15,oct-23,790,YES,2,"$17,816",ago-08,2016,No
5188,1536,Mastercard,Debit,5.21757E+15,mar-21,625,NO,2,"$17,707",oct-10,2010,No
2874,1536,Amex,Credit,3.97857E+14,nov-20,2,YES,1,"$9,500",may-05,2009,No
3041,140,Mastercard,Debit,5.52918E+15,ene-22,182,YES,1,"$19,110",may-10,2011,No
5312,140,Mastercard,Debit,5.48902E+15,ago-23,196,YES,1,"$13,428",oct-16,2016,No
4150,140,Mastercard,Debit,5.79368E+15,jun-22,43,YES,1,"$24,608",ago-05,2009,No
152,140,Mastercard,Debit,5.84537E+15,sep-22,111,YES,1,"$13,441",ene-08,2011,No
443,1884,Mastercard,Debit (Prepaid),5.75029E+15,feb-20,788,YES,2,$74,ene-20,2020,No
3377,1874,Mastercard,Debit,5.42979E+15,oct-12,674,YES,1,"$17,872",jun-08,2008,No
5789,1874,Mastercard,Credit,5.30111E+15,sep-22,425,YES,1,"$12,900",dic-03,2010,No
2106,1874,Mastercard,Debit,5.5711E+15,may-24,52,YES,2,"$25,264",mar-06,2020,No
2078,1874,Mastercard,Debit,5.40195E+15,dic-22,920,YES,2,"$20,634",mar-05,2007,No
5866,1310,Visa,Credit,4.29536E+15,abr-07,656,YES,2,"$12,200",dic-06,2010,No
173,1310,Visa,Credit,4.73748E+15,feb-10,221,YES,2,"$5,500",ene-08,2008,No
1771,1689,Visa,Credit,4.50937E+15,mar-20,281,NO,2,"$6,600",feb-20,2020,No
6132,1689,Mastercard,Debit,5.06826E+15,nov-20,890,YES,1,"$25,815",dic-17,2017,No
327,379,Amex,Credit,3.54813E+14,jun-21,527,YES,2,"$8,400",ene-14,2014,No
2019,379,Mastercard,Debit,5.91093E+15,feb-20,525,YES,1,"$21,628",mar-01,2008,No
3881,379,Mastercard,Debit,5.40018E+15,oct-21,412,YES,1,"$24,232",jul-09,2009,No
1166,34,Mastercard,Debit,5.03905E+15,nov-23,339,YES,2,"$10,775",feb-09,2010,No
3342,34,Mastercard,Debit (Prepaid),5.67201E+15,feb-20,598,YES,2,$105,jun-07,2013,No
5622,822,Visa,Credit,4.33673E+15,ene-21,221,NO,2,"$7,100",nov-10,2010,No
5424,822,Mastercard,Debit,5.98558E+15,jul-24,951,YES,1,"$29,351",nov-05,2007,No
2558,822,Mastercard,Debit,5.28106E+15,mar-20,835,YES,2,"$15,125",abr-08,2012,No
5385,822,Mastercard,Credit,5.61566E+15,nov-21,865,YES,2,"$8,000",nov-03,2008,No
5596,822,Mastercard,Debit (Prepaid),5.31488E+15,may-11,994,YES,1,$83,nov-10,2010,No
3991,1499,Amex,Credit,3.11095E+14,ene-24,536,YES,2,"$23,700",jul-12,2012,No
6126,1780,Visa,Credit,4.62475E+15,feb-24,986,YES,2,$700,dic-16,2016,No
3756,1806,Mastercard,Debit,5.59556E+15,jul-24,594,YES,2,"$7,488",jul-06,2016,No
971,811,Visa,Credit,4.17102E+15,ene-02,225,NO,1,"$24,900",feb-99,2010,No
2079,811,Mastercard,Debit,5.24634E+15,jun-21,638,YES,2,"$30,971",mar-05,2020,No
387,811,Amex,Credit,3.99966E+14,ene-24,343,YES,1,"$24,400",ene-20,2020,No
444,811,Mastercard,Debit,5.06414E+15,feb-20,599,YES,2,"$53,549",ene-20,2020,No
5277,811,Visa,Debit,4.90554E+15,sep-18,573,YES,1,"$53,036",oct-13,2013,No
4358,811,Mastercard,Debit,5.70385E+15,dic-24,300,YES,1,"$35,750",ago-11,2011,No
2318,811,Visa,Debit,4.0554E+15,jul-21,902,YES,1,"$33,375",mar-13,2013,No
6019,1844,Visa,Debit (Prepaid),4.58748E+15,jul-23,858,YES,2,$22,dic-10,2010,No
4421,1844,Discover,Credit,6.52143E+15,nov-20,608,YES,1,"$13,100",ago-14,2014,No
3702,1844,Visa,Debit,4.19971E+15,oct-24,440,YES,1,"$16,516",jul-03,2011,No
2854,1844,Mastercard,Credit,5.17274E+15,jul-16,906,YES,1,"$15,700",may-04,2011,No
4114,1844,Mastercard,Debit,5.21464E+15,may-24,474,YES,1,"$21,058",ago-03,2007,No
28,1852,Visa,Debit,4.01388E+15,oct-23,543,YES,2,"$36,425",ene-02,2004,No
6127,1852,Visa,Debit (Prepaid),4.96605E+15,mar-21,585,YES,2,$91,dic-16,2016,No
2477,1852,Mastercard,Credit,5.24758E+15,sep-21,379,YES,1,"$13,400",abr-05,2014,No
2632,1852,Mastercard,Credit,5.91132E+15,abr-21,37,YES,2,"$21,600",abr-10,2010,No
1463,1231,Mastercard,Debit,5.05877E+15,feb-20,12,NO,1,"$9,090",feb-20,2020,No
5679,970,Visa,Debit,4.68288E+15,feb-23,846,NO,1,"$25,942",nov-12,2012,No
1012,970,Mastercard,Credit,5.88284E+15,jul-19,614,YES,2,"$10,700",feb-03,2013,No
1464,970,Mastercard,Credit,5.63715E+15,jul-22,630,YES,2,"$4,900",feb-20,2020,No
1465,381,Mastercard,Credit,5.1157E+15,abr-22,587,NO,1,"$18,100",feb-20,2020,No
388,1134,Amex,Credit,3.2464E+14,mar-24,659,YES,2,"$7,200",ene-20,2020,No
3708,1296,Mastercard,Debit,5.03343E+15,feb-20,546,YES,2,"$22,660",jul-04,2007,No
3087,1296,Discover,Credit,6.96995E+15,dic-22,588,YES,1,"$19,800",may-11,2011,No
67,1296,Mastercard,Credit,5.18123E+15,nov-24,820,YES,2,"$15,500",ene-05,2014,No
80,1296,Visa,Debit (Prepaid),4.31069E+15,jun-23,458,YES,1,$13,ene-05,2008,No
3665,1296,Mastercard,Debit,5.05107E+15,jun-21,526,YES,2,"$4,317",jul-01,2011,No
2014,1880,Mastercard,Debit,5.45692E+15,dic-21,553,NO,1,"$14,719",mar-00,2008,No
4906,1880,Mastercard,Debit,5.13266E+15,may-21,593,YES,1,"$9,532",sep-17,2017,No
3757,1880,Mastercard,Credit,5.75287E+15,mar-20,486,YES,1,"$10,900",jul-06,2014,No
5365,322,Mastercard,Credit,5.49423E+15,sep-24,428,YES,2,"$6,200",nov-01,2012,No
5425,322,Mastercard,Debit,5.78964E+15,dic-12,43,YES,2,"$2,903",nov-05,2011,No
5758,322,Mastercard,Debit,5.39296E+15,oct-20,803,YES,2,"$4,355",dic-99,2010,No
5482,461,Mastercard,Debit,5.18282E+15,abr-21,126,YES,1,"$28,963",nov-07,2012,No
3172,461,Mastercard,Debit,5.10235E+15,dic-22,667,YES,2,"$20,913",may-16,2016,No
1209,461,Mastercard,Debit,5.03314E+15,jul-24,170,YES,1,"$23,344",feb-10,2010,No
5313,461,Mastercard,Debit,5.61152E+15,ene-20,882,YES,2,"$33,642",oct-16,2016,No
4762,1165,Mastercard,Debit,5.0374E+15,ene-22,681,YES,1,"$14,695",sep-10,2011,No
126,1448,Mastercard,Credit,5.57136E+15,sep-23,510,YES,1,"$13,200",ene-07,2015,No
4685,1448,Visa,Debit,4.08303E+15,ene-20,173,YES,1,"$29,950",sep-08,2013,No
5907,1448,Visa,Credit,4.82992E+15,jul-24,768,YES,2,"$4,600",dic-07,2011,No
2428,1288,Mastercard,Debit,5.45849E+15,dic-22,92,YES,1,"$10,051",abr-02,2011,No
1013,1288,Mastercard,Debit,5.87909E+15,dic-15,729,YES,2,"$9,796",feb-03,2013,No
5145,1178,Mastercard,Debit,5.76944E+15,oct-21,957,YES,1,"$17,826",oct-09,2009,No
5854,1178,Mastercard,Debit,5.5888E+15,nov-24,778,YES,1,"$19,086",dic-06,2009,No
5296,1178,Visa,Debit,4.41069E+15,jun-24,265,YES,2,"$17,345",oct-14,2014,No
1327,1178,Visa,Debit,4.47082E+15,sep-20,923,YES,2,"$17,976",feb-13,2013,No
383,1178,Visa,Debit,4.80434E+15,ene-22,279,YES,2,"$16,447",ene-19,2019,No
5129,1391,Visa,Debit,4.19436E+15,oct-24,271,YES,2,"$29,573",oct-08,2009,No
5995,1391,Mastercard,Debit (Prepaid),5.43647E+15,dic-21,48,YES,2,$98,dic-10,2010,No
4107,1391,Mastercard,Debit,5.64887E+15,ago-19,71,YES,2,"$2,559",ago-02,2012,No
36,1391,Mastercard,Debit,5.91424E+15,oct-12,436,YES,2,"$6,552",ene-03,2010,No
445,838,Mastercard,Credit,5.19378E+15,ene-21,591,YES,2,"$13,800",ene-20,2020,No
1466,54,Mastercard,Debit,5.95793E+15,ago-20,746,YES,1,"$16,375",feb-20,2020,No
749,54,Visa,Debit,4.55706E+15,may-23,780,YES,1,"$14,213",ene-20,2020,No
1772,54,Visa,Debit (Prepaid),4.88322E+15,sep-20,2,YES,1,$73,feb-20,2020,No
3801,1452,Mastercard,Debit,5.47641E+15,nov-22,688,YES,2,"$53,466",jul-07,2013,No
282,1602,Visa,Credit,4.69894E+15,sep-20,450,YES,1,"$6,600",ene-11,2013,No
6105,1602,Mastercard,Credit,5.57915E+15,jun-22,806,NO,2,"$7,200",dic-15,2015,No
446,1938,Mastercard,Debit,5.09961E+15,nov-20,856,YES,1,"$2,868",ene-20,2020,No
422,1938,Discover,Credit,6.1775E+15,may-24,97,YES,1,"$3,400",ene-20,2020,No
5231,1492,Mastercard,Debit,5.18813E+15,ene-22,446,YES,1,"$12,915",oct-11,2013,No
2615,1492,Visa,Debit (Prepaid),4.86032E+15,dic-23,366,YES,2,$84,abr-09,2017,No
2776,1492,Discover,Credit,6.4176E+15,jul-21,504,YES,2,"$17,600",abr-18,2018,No
5452,1492,Mastercard,Debit,5.51672E+15,dic-12,621,YES,1,"$31,542",nov-06,2009,No
3563,1492,Mastercard,Debit,5.89105E+15,feb-22,362,YES,2,"$23,049",jun-13,2013,No
6134,1492,Visa,Debit,4.22257E+15,may-20,141,YES,1,"$29,734",dic-17,2017,No
4818,1492,Visa,Credit,4.45374E+15,ene-20,346,YES,2,"$27,000",sep-11,2016,No
2171,1492,Mastercard,Debit (Prepaid),5.33598E+15,nov-22,320,YES,1,$18,mar-08,2010,No
6106,688,Mastercard,Debit,5.70815E+15,abr-23,824,YES,1,"$17,848",dic-15,2015,No
3042,688,Mastercard,Debit,5.23868E+15,nov-22,870,NO,1,"$25,563",may-10,2010,No
5209,688,Visa,Credit,4.74088E+15,abr-20,168,YES,2,"$12,000",oct-10,2010,No
1296,688,Amex,Credit,3.61649E+14,nov-18,709,NO,2,"$6,600",feb-12,2012,No
389,749,Amex,Credit,3.63306E+14,sep-23,943,NO,1,"$5,600",ene-20,2020,No
1773,749,Visa,Debit,4.36086E+15,nov-22,428,YES,3,"$11,873",feb-20,2020,No
1467,749,Mastercard,Credit,5.49802E+15,feb-20,871,YES,1,"$7,200",feb-20,2020,No
1395,643,Amex,Credit,3.81573E+14,ago-24,145,YES,1,"$10,000",feb-20,2020,No
5597,643,Mastercard,Credit,5.0793E+15,abr-23,381,YES,2,$500,nov-10,2010,No
1468,1219,Mastercard,Debit,5.547E+15,feb-20,718,YES,1,"$22,697",feb-20,2020,No
2309,1219,Mastercard,Credit,5.32603E+15,ago-23,437,YES,1,"$18,000",mar-13,2013,No
3466,1219,Mastercard,Debit,5.09615E+15,oct-24,862,YES,1,"$32,903",jun-10,2010,No
2804,1198,Visa,Debit,4.48987E+15,ago-21,547,YES,2,"$12,764",may-99,2010,No
1388,1198,Mastercard,Credit,5.62173E+15,oct-22,60,YES,1,"$6,300",feb-19,2019,No
4660,898,Mastercard,Debit,5.92314E+15,feb-22,934,YES,2,"$7,541",sep-08,2013,No
3356,898,Visa,Debit,4.44799E+15,mar-22,995,YES,2,"$1,266",jun-07,2012,No
4870,898,Mastercard,Credit,5.00031E+15,abr-20,263,NO,1,"$9,500",sep-14,2014,No
3467,882,Mastercard,Debit,5.70731E+15,abr-20,203,YES,2,"$1,837",jun-10,2010,No
1079,882,Mastercard,Debit,5.86499E+15,ago-23,258,YES,2,"$17,453",feb-06,2008,No
2977,348,Visa,Debit,4.22889E+15,oct-13,543,NO,1,"$28,283",may-08,2012,No
3073,348,Visa,Credit,4.21024E+15,abr-20,160,YES,1,"$13,500",may-10,2012,No
3554,348,Visa,Credit,4.87707E+15,jul-14,786,YES,2,"$13,300",jun-12,2012,No
2597,633,Mastercard,Debit,5.55804E+15,sep-21,69,YES,2,"$17,941",abr-09,2009,No
3489,1493,Visa,Credit,4.6425E+15,abr-18,594,YES,1,"$14,400",jun-10,2012,No
4003,1493,Visa,Credit,4.2444E+15,abr-20,120,YES,1,"$4,400",jul-12,2012,No
1469,1493,Mastercard,Credit,5.15744E+15,mar-20,657,YES,1,"$13,000",feb-20,2020,No
1774,1493,Visa,Debit,4.07952E+15,abr-23,72,YES,2,"$22,701",feb-20,2020,No
1470,1161,Mastercard,Credit,5.59712E+15,ago-24,934,NO,1,"$16,100",feb-20,2020,No
1471,1161,Mastercard,Debit,5.80837E+15,sep-23,138,YES,2,"$7,629",feb-20,2020,No
2691,217,Mastercard,Debit,5.5655E+15,mar-22,430,NO,1,"$16,538",abr-12,2012,No
174,217,Visa,Debit,4.07289E+15,dic-20,578,YES,2,"$22,746",ene-08,2010,No
1364,217,Mastercard,Debit,5.16193E+15,jul-16,743,YES,1,"$9,737",feb-16,2016,No
1266,217,Mastercard,Credit,5.35936E+15,jul-19,428,YES,1,"$6,500",feb-11,2014,No
1267,217,Mastercard,Debit,5.09351E+15,jun-20,889,YES,2,"$2,650",feb-11,2013,No
207,217,Visa,Credit,4.40979E+15,may-12,839,YES,2,"$8,200",ene-09,2011,No
5448,217,Amex,Credit,3.73326E+14,ene-22,204,YES,2,"$6,200",nov-06,2013,No
5449,1877,Amex,Credit,3.66837E+14,ene-21,803,YES,2,"$22,600",nov-06,2014,No
2107,1877,Mastercard,Debit,5.26026E+15,may-24,428,YES,2,"$6,940",mar-06,2009,No
2398,1877,Mastercard,Debit,5.91194E+15,mar-24,410,YES,2,"$23,408",abr-96,2008,No
5414,1877,Visa,Credit,4.22628E+15,sep-22,966,YES,2,"$9,700",nov-04,2007,No
3758,668,Mastercard,Debit,5.625E+15,jun-24,992,NO,2,"$10,538",jul-06,2006,No
4097,668,Mastercard,Debit,5.75221E+15,mar-23,385,YES,2,"$6,853",ago-01,2006,No
5778,668,Mastercard,Debit,5.47002E+15,oct-20,598,YES,2,$607,dic-02,2010,No
4318,668,Mastercard,Credit,5.7646E+15,ago-21,397,YES,1,$0,ago-10,2010,No
5015,668,Visa,Debit,4.37835E+15,jun-21,644,YES,2,"$8,253",oct-04,2011,No
750,533,Visa,Debit,4.4152E+15,sep-20,847,YES,2,"$8,492",ene-20,2020,No
242,203,Visa,Credit,4.71631E+15,jul-22,275,YES,1,"$9,100",ene-10,2010,No
3966,203,Mastercard,Credit,5.17541E+15,abr-22,497,NO,2,"$2,600",jul-11,2011,No
5375,203,Mastercard,Credit,5.07943E+15,may-24,813,NO,1,"$7,300",nov-02,2010,No
5166,1738,Visa,Credit,4.84159E+15,ago-20,207,YES,1,"$15,000",oct-09,2009,No
1472,1738,Mastercard,Credit,5.13334E+15,abr-24,497,YES,2,"$18,700",feb-20,2020,No
751,1738,Visa,Debit,4.04469E+15,may-21,579,YES,1,"$21,458",ene-20,2020,No
5623,1738,Visa,Credit,4.82518E+15,abr-20,635,NO,1,"$15,700",nov-10,2014,No
6099,713,Mastercard,Debit,5.53306E+15,ene-20,13,YES,2,"$20,765",dic-14,2014,No
1473,713,Mastercard,Debit,5.13781E+15,jun-22,170,NO,2,"$18,101",feb-20,2020,No
1775,713,Visa,Credit,4.40955E+15,nov-24,528,YES,1,"$8,400",feb-20,2020,No
447,713,Mastercard,Debit,5.16971E+15,mar-20,66,YES,1,"$1,737",ene-20,2020,No
1474,1631,Mastercard,Credit,5.78214E+15,feb-20,217,YES,2,"$20,900",feb-20,2020,No
1776,1631,Visa,Credit,4.4501E+15,nov-21,601,YES,1,"$23,700",feb-20,2020,No
448,1631,Mastercard,Credit,5.29808E+15,nov-21,989,YES,1,"$17,500",ene-20,2020,No
5978,1487,Visa,Debit,4.91189E+15,jun-24,769,YES,1,"$26,083",dic-09,2009,No
2978,1487,Visa,Debit,4.39401E+15,oct-22,943,YES,1,"$31,589",may-08,2008,No
4946,1487,Visa,Credit,4.98411E+15,jun-21,453,YES,2,"$24,200",oct-00,2013,No
1475,1265,Mastercard,Debit,5.65888E+15,feb-20,190,YES,2,"$18,321",feb-20,2020,No
5376,370,Mastercard,Debit,5.37713E+15,oct-22,94,YES,2,"$7,551",nov-02,2010,No
4127,370,Mastercard,Debit,5.60682E+15,jun-14,451,YES,1,"$15,377",ago-04,2011,No
5093,370,Visa,Debit,4.5017E+15,mar-23,324,YES,1,"$12,990",oct-07,2016,No
3490,370,Visa,Debit,4.0151E+15,feb-23,494,YES,1,"$8,509",jun-10,2010,No
5702,1014,Visa,Debit,4.4672E+15,nov-14,176,YES,1,"$96,907",nov-14,2014,No
2200,1014,Visa,Credit,4.08147E+15,jul-15,45,YES,1,"$43,900",mar-08,2013,No
5436,1014,Visa,Debit (Prepaid),4.8683E+15,oct-20,440,YES,2,$76,nov-05,2007,No
449,290,Mastercard,Debit,5.84371E+15,ene-20,533,YES,2,"$50,915",ene-20,2020,No
1777,290,Visa,Debit,4.05231E+15,dic-21,369,YES,2,"$31,767",feb-20,2020,No
3862,985,Visa,Credit,4.22989E+15,abr-24,82,YES,2,"$13,200",jul-08,2010,No
1268,985,Mastercard,Credit,5.93695E+15,oct-22,372,YES,2,"$16,000",feb-11,2012,No
752,985,Visa,Debit,4.74846E+15,jul-24,223,YES,2,"$18,132",ene-20,2020,No
2704,985,Visa,Credit,4.86279E+15,feb-19,466,YES,1,$300,abr-12,2012,No
2808,135,Mastercard,Debit,5.73684E+15,nov-22,714,YES,2,"$2,236",may-00,2015,No
4791,135,Visa,Debit,4.52885E+15,ago-19,451,YES,2,"$21,591",sep-10,2010,No
1476,307,Mastercard,Debit,5.9568E+15,abr-20,927,YES,2,"$11,521",feb-20,2020,No
753,307,Visa,Credit,4.94983E+15,jun-20,561,NO,1,"$8,600",ene-20,2020,No
4112,1783,Amex,Credit,3.23782E+14,mar-20,659,YES,1,"$9,800",ago-03,2010,No
1154,1783,Visa,Credit,4.17288E+15,mar-12,902,YES,2,"$11,300",feb-08,2009,No
2598,1783,Mastercard,Credit,5.15349E+15,oct-19,492,YES,1,"$8,400",abr-09,2011,No
10,1783,Mastercard,Debit,5.51321E+15,dic-23,789,YES,1,"$16,597",ene-99,2009,No
4655,1783,Amex,Credit,3.16139E+14,sep-20,876,YES,2,"$9,400",sep-08,2008,No
5908,1321,Visa,Debit,4.70994E+15,dic-08,122,YES,1,"$18,702",dic-07,2007,No
3357,1511,Visa,Debit,4.72544E+15,jun-22,675,YES,1,"$24,806",jun-07,2007,No
5502,1511,Visa,Debit,4.99299E+15,may-23,457,YES,1,"$19,856",nov-07,2011,No
1238,900,Visa,Debit (Prepaid),4.58025E+15,feb-21,397,YES,2,$68,feb-10,2010,No
3412,900,Amex,Credit,3.47103E+14,dic-22,791,YES,2,"$4,900",jun-09,2009,No
1477,953,Mastercard,Debit,5.77939E+15,feb-22,421,YES,1,"$13,390",feb-20,2020,No
1396,953,Amex,Credit,3.43259E+14,nov-24,210,YES,3,"$8,400",feb-20,2020,No
1297,233,Amex,Credit,3.74396E+14,mar-24,659,YES,2,"$13,700",feb-12,2012,No
3605,406,Discover,Credit,6.3088E+15,nov-24,205,YES,2,"$4,200",jun-16,2016,No
5167,1069,Visa,Debit,4.43983E+15,ago-20,424,YES,2,"$2,292",oct-09,2015,No
3922,1069,Amex,Credit,3.04372E+14,mar-21,495,YES,1,"$8,800",jul-10,2010,No
5453,180,Mastercard,Credit,5.88138E+15,mar-23,312,NO,2,"$7,600",nov-06,2009,No
2888,180,Visa,Credit,4.96673E+15,nov-21,756,YES,2,"$6,200",may-05,2018,No
3208,996,Mastercard,Credit,5.78496E+15,jul-23,348,YES,1,"$12,900",jun-99,2011,No
4661,996,Mastercard,Debit,5.61738E+15,jun-22,228,YES,2,"$18,820",sep-08,2015,No
3277,996,Visa,Debit,4.81329E+15,jul-05,979,YES,2,"$16,167",jun-04,2009,No
1107,996,Mastercard,Credit,5.65904E+15,jun-23,857,YES,2,"$4,200",feb-07,2011,No
3310,996,Mastercard,Debit,5.69112E+15,ago-24,190,YES,2,"$18,861",jun-06,2011,No
1279,996,Visa,Debit,4.80334E+15,feb-20,568,NO,1,"$27,231",feb-11,2011,No
1778,1866,Visa,Debit,4.27433E+15,dic-24,174,YES,1,"$24,390",feb-20,2020,No
1478,1866,Mastercard,Debit,5.07351E+15,feb-23,802,YES,1,"$3,106",feb-20,2020,No
2108,1981,Mastercard,Debit,5.551E+15,jul-20,980,YES,2,"$13,595",mar-06,2010,No
5143,1981,Discover,Credit,6.61665E+15,nov-09,72,NO,2,"$12,300",oct-09,2009,No
4151,1981,Mastercard,Credit,5.3841E+15,feb-19,704,YES,2,"$12,300",ago-05,2009,No
3606,1981,Mastercard,Debit,5.08202E+15,abr-21,459,YES,1,"$20,743",jun-16,2016,No
3248,1981,Mastercard,Debit,5.84343E+15,ago-21,570,YES,2,"$17,706",jun-03,2010,No
2996,1981,Mastercard,Debit,5.8982E+15,ago-22,332,YES,2,"$20,962",may-09,2009,No
4,1981,Mastercard,Debit,5.43337E+15,mar-24,530,YES,2,"$19,439",ene-97,2007,No
3257,870,Visa,Debit,4.07366E+15,mar-22,973,NO,1,"$30,160",jun-03,2017,No
3626,870,Amex,Credit,3.49089E+14,jun-22,652,YES,2,$0,jun-18,2018,No
1039,870,Visa,Debit,4.70114E+15,nov-12,807,NO,1,"$28,937",feb-04,2008,No
2080,16,Mastercard,Debit (Prepaid),5.15115E+15,may-20,636,NO,2,$22,mar-05,2011,No
49,16,Mastercard,Debit,5.28986E+15,ago-15,59,YES,2,"$1,575",ene-04,2005,No
4964,16,Mastercard,Debit,5.49666E+15,dic-20,962,YES,2,"$7,562",oct-02,2011,No
4093,16,Mastercard,Debit,5.57141E+15,may-24,741,YES,2,"$17,211",ago-99,2013,No
2979,16,Visa,Credit,4.25542E+15,jun-10,361,NO,2,"$9,500",may-08,2010,No
3513,46,Mastercard,Debit,5.71839E+15,nov-22,117,YES,2,"$24,191",jun-11,2011,No
3732,46,Mastercard,Debit (Prepaid),5.35812E+15,mar-23,129,YES,2,$68,jul-05,2006,No
2925,46,Mastercard,Debit,5.61593E+15,feb-20,432,YES,2,"$8,037",may-07,2010,No
1167,46,Mastercard,Debit (Prepaid),5.31069E+15,feb-18,830,YES,2,$97,feb-09,2015,No
450,800,Mastercard,Debit,5.19825E+15,may-21,789,YES,1,"$15,555",ene-20,2020,No
2759,800,Mastercard,Debit,5.30634E+15,may-16,523,YES,1,"$18,242",abr-16,2016,No
1779,800,Visa,Debit (Prepaid),4.33883E+15,dic-21,148,YES,2,$62,feb-20,2020,No
754,800,Visa,Debit,4.43002E+15,dic-22,451,NO,1,"$16,715",ene-20,2020,No
1479,1968,Mastercard,Debit (Prepaid),5.43936E+15,feb-20,309,YES,1,$46,feb-20,2020,No
1298,697,Mastercard,Debit,5.139E+15,abr-21,740,YES,2,"$20,195",feb-12,2012,No
3640,697,Mastercard,Debit,5.42052E+15,jul-19,257,YES,2,"$39,818",jun-19,2019,No
3074,697,Visa,Debit,4.87341E+15,sep-18,423,YES,2,"$33,736",may-10,2010,No
4239,1269,Mastercard,Debit,5.20518E+15,nov-11,911,YES,2,"$17,850",ago-08,2008,No
4147,1269,Amex,Credit,3.24624E+14,feb-21,846,YES,2,"$11,300",ago-05,2008,No
3075,1782,Visa,Debit,4.85301E+15,sep-15,554,NO,2,"$1,981",may-10,2014,No
4289,1782,Mastercard,Debit,5.77003E+15,jul-24,811,YES,1,"$15,695",ago-09,2010,No
2172,1782,Mastercard,Debit,5.30546E+15,jun-14,605,YES,2,"$23,475",mar-08,2011,No
5366,1977,Mastercard,Credit,5.65675E+15,jun-17,315,YES,1,"$12,900",nov-01,2011,No
2673,1977,Mastercard,Debit (Prepaid),5.75572E+15,feb-21,988,YES,1,$91,abr-11,2011,No
965,1977,Mastercard,Debit,5.83393E+15,oct-22,344,YES,2,"$15,341",feb-99,2014,No
4763,1734,Mastercard,Debit,5.1169E+15,jun-15,698,YES,2,"$42,116",sep-10,2011,No
451,1734,Mastercard,Debit,5.94568E+15,ene-20,843,NO,2,"$39,312",ene-20,2020,No
3300,1913,Visa,Debit,4.0825E+15,abr-08,947,NO,2,"$21,370",jun-05,2010,No
5226,1913,Amex,Credit,3.56204E+14,dic-22,312,YES,2,"$16,700",oct-11,2011,No
5477,1913,Amex,Credit,3.56951E+14,oct-24,952,YES,1,"$17,800",nov-07,2011,No
5877,1913,Mastercard,Credit,5.69757E+15,nov-20,356,YES,2,"$16,200",dic-07,2011,No
3084,1913,Amex,Credit,3.33505E+14,dic-20,276,YES,1,"$17,700",may-11,2013,No
13,858,Mastercard,Credit,5.10605E+15,mar-21,686,YES,1,"$14,600",ene-00,2012,No
4735,858,Visa,Credit,4.89913E+15,jul-24,490,YES,2,"$10,700",sep-09,2011,No
2633,858,Mastercard,Debit (Prepaid),5.24139E+15,jul-23,137,YES,1,$89,abr-10,2010,No
4173,606,Mastercard,Debit,5.69142E+15,sep-06,349,YES,3,"$11,398",ago-06,2013,No
5925,1564,Mastercard,Credit,5.27203E+15,dic-23,905,YES,2,"$8,200",dic-08,2010,No
4240,1564,Mastercard,Credit,5.3992E+15,jun-21,479,YES,1,"$6,100",ago-08,2008,No
3514,1564,Mastercard,Debit,5.15875E+15,jul-24,813,YES,1,"$15,820",jun-11,2011,No
1480,1109,Mastercard,Debit,5.60746E+15,ago-23,252,YES,2,"$9,774",feb-20,2020,No
3136,1301,Visa,Debit,4.19961E+15,sep-23,765,YES,1,"$22,833",may-13,2013,No
755,1301,Visa,Debit,4.9129E+15,nov-22,446,YES,1,"$48,502",ene-20,2020,No
2787,1301,Visa,Debit,4.72995E+15,jul-22,461,YES,2,"$34,888",abr-19,2019,No
4435,1301,Visa,Debit,4.1646E+15,ago-19,90,NO,1,"$29,503",ago-14,2014,No
378,1301,Mastercard,Debit,5.03633E+15,ago-21,627,YES,2,"$19,570",ene-19,2019,No
3189,1301,Mastercard,Debit,5.97501E+15,dic-23,551,YES,1,"$22,297",may-17,2017,No
3595,1301,Visa,Debit,4.42096E+15,sep-23,75,YES,1,"$20,031",jun-15,2015,No
1481,1301,Mastercard,Debit,5.017E+15,feb-20,597,YES,2,"$30,323",feb-20,2020,No
390,1301,Amex,Credit,3.08101E+14,abr-24,881,YES,1,"$19,000",ene-20,2020,No
4065,1399,Mastercard,Debit,5.83525E+15,feb-20,308,YES,1,"$18,162",jul-18,2018,No
756,1399,Visa,Debit (Prepaid),4.04973E+15,dic-20,662,YES,1,$54,ene-20,2020,No
1482,1399,Mastercard,Credit,5.31401E+15,ago-22,991,YES,1,"$8,700",feb-20,2020,No
452,1399,Mastercard,Debit,5.84955E+15,may-21,767,YES,1,"$14,295",ene-20,2020,No
5743,1775,Visa,Debit,4.9978E+15,nov-24,545,NO,1,"$17,620",nov-19,2019,No
344,1775,Mastercard,Debit,5.30994E+15,feb-20,924,YES,2,"$17,201",ene-15,2015,No
423,1775,Discover,Credit,6.10841E+15,ago-21,894,YES,1,"$8,300",ene-20,2020,No
5542,1673,Visa,Debit,4.2511E+15,ago-23,439,YES,2,"$17,853",nov-08,2011,No
2777,1673,Mastercard,Debit,5.55737E+15,dic-24,434,YES,1,"$10,794",abr-18,2018,No
5598,1673,Mastercard,Debit,5.86555E+15,dic-19,155,YES,1,"$15,832",nov-10,2011,No
3759,1957,Mastercard,Debit (Prepaid),5.87851E+15,oct-06,699,YES,1,$26,jul-06,2019,No
5483,1957,Mastercard,Credit,5.8254E+15,may-13,531,YES,2,"$16,300",nov-07,2009,No
453,1033,Mastercard,Debit,5.40787E+15,oct-24,228,YES,2,"$14,836",ene-20,2020,No
454,1033,Mastercard,Debit,5.08903E+15,jul-24,464,YES,2,"$13,972",ene-20,2020,No
3564,1024,Mastercard,Debit,5.84731E+15,jun-24,574,YES,1,"$33,103",jun-13,2013,No
4241,1024,Mastercard,Debit,5.45434E+15,sep-23,247,YES,1,"$20,847",ago-08,2010,No
5268,1024,Mastercard,Debit,5.18372E+15,nov-13,569,YES,1,"$31,807",oct-13,2013,No
1006,1024,Visa,Credit,4.90311E+15,mar-24,274,YES,1,"$16,100",feb-02,2014,No
2825,1441,Mastercard,Debit,5.3708E+15,jul-21,851,YES,1,"$28,894",may-02,2011,No
1007,1441,Visa,Debit (Prepaid),4.12952E+15,mar-02,84,YES,1,$61,feb-02,2009,No
4792,1441,Visa,Credit,4.16475E+15,feb-23,24,YES,1,"$12,500",sep-10,2012,No
2599,1103,Mastercard,Debit,5.5579E+15,jun-23,598,YES,2,"$15,409",abr-09,2010,No
4984,1103,Mastercard,Credit,5.67517E+15,ago-23,294,YES,1,"$5,300",oct-03,2012,No
2895,1103,Mastercard,Debit,5.25928E+15,dic-16,403,YES,1,"$13,469",may-06,2009,No
455,431,Mastercard,Debit,5.15545E+15,may-20,719,YES,1,"$16,524",ene-20,2020,No
456,431,Mastercard,Debit,5.83106E+15,ene-20,570,NO,1,"$29,526",ene-20,2020,No
1483,431,Mastercard,Debit,5.15796E+15,jul-23,657,YES,1,"$16,407",feb-20,2020,No
3378,165,Mastercard,Debit (Prepaid),5.8742E+15,abr-23,206,YES,2,$61,jun-08,2015,No
5146,165,Mastercard,Debit,5.80356E+15,nov-20,827,YES,2,"$40,628",oct-09,2014,No
2559,165,Mastercard,Debit,5.28348E+15,ago-10,149,YES,2,"$24,980",abr-08,2014,No
1484,353,Mastercard,Debit,5.31688E+15,may-20,122,YES,1,"$10,290",feb-20,2020,No
5328,353,Mastercard,Debit (Prepaid),5.96281E+15,ene-23,217,YES,1,$84,oct-18,2018,No
2154,1758,Visa,Debit,4.6311E+15,dic-18,597,YES,1,"$13,725",mar-07,2014,No
4686,1758,Visa,Debit,4.71676E+15,dic-24,821,YES,2,"$8,278",sep-08,2010,No
3440,1758,Visa,Debit,4.05341E+15,sep-20,491,YES,2,"$13,514",jun-09,2018,No
2674,1758,Mastercard,Credit,5.10552E+15,nov-24,883,YES,1,"$3,800",abr-11,2011,No
2478,1266,Mastercard,Debit,5.19237E+15,oct-24,603,YES,2,"$15,119",abr-05,2011,No
457,1943,Mastercard,Debit (Prepaid),5.18257E+15,ene-21,310,YES,1,$81,ene-20,2020,No
458,1943,Mastercard,Debit,5.39472E+15,feb-20,16,YES,1,"$34,183",ene-20,2020,No
757,1943,Visa,Credit,4.86443E+15,jul-22,534,YES,1,"$22,200",ene-20,2020,No
1485,792,Mastercard,Debit,5.12415E+15,feb-22,6,YES,1,"$15,117",feb-20,2020,No
3491,792,Visa,Debit (Prepaid),4.0737E+15,abr-20,274,YES,2,$81,jun-10,2010,No
3249,1055,Mastercard,Debit,5.4768E+15,may-23,744,YES,2,"$1,543",jun-03,2009,No
459,1159,Mastercard,Debit,5.75336E+15,sep-24,795,YES,1,"$22,821",ene-20,2020,No
1780,1159,Visa,Credit,4.20196E+15,ene-23,619,YES,1,"$13,200",feb-20,2020,No
460,1159,Mastercard,Debit,5.78659E+15,ago-24,58,YES,1,"$16,330",ene-20,2020,No
758,1159,Visa,Debit (Prepaid),4.09117E+15,ene-20,916,NO,2,$39,ene-20,2020,No
5484,1115,Mastercard,Credit,5.34579E+15,nov-07,412,YES,2,"$6,400",nov-07,2011,No
2809,1115,Visa,Credit,4.89738E+15,may-00,382,YES,1,"$3,500",may-00,2007,No
6138,1115,Visa,Debit,4.17196E+15,abr-23,251,YES,1,"$12,606",dic-18,2018,No
374,1115,Visa,Debit,4.90641E+15,feb-23,579,YES,1,"$9,921",ene-18,2018,No
4225,1115,Visa,Debit (Prepaid),4.1761E+15,may-22,661,YES,2,$96,ago-07,2009,No
1014,1115,Mastercard,Debit,5.41224E+15,dic-24,594,YES,1,"$18,964",feb-03,2009,No
2526,38,Mastercard,Debit,5.29726E+15,ene-24,580,YES,2,"$3,711",abr-07,2013,No
1352,1027,Mastercard,Debit,5.73579E+15,mar-23,748,NO,1,"$35,279",feb-15,2015,No
5543,1027,Visa,Credit,4.8635E+15,jul-20,593,YES,2,"$13,800",nov-08,2015,No
3671,1027,Mastercard,Debit,5.48997E+15,feb-22,7,YES,2,"$24,215",jul-02,2007,No
5503,11,Visa,Credit,4.50811E+15,sep-24,763,YES,1,"$19,400",nov-07,2010,No
2096,11,Visa,Debit (Prepaid),4.80004E+15,jun-20,59,YES,2,$30,mar-05,2014,No
243,11,Visa,Debit,4.14457E+15,mar-24,543,YES,2,"$17,208",ene-10,2016,No
18,11,Mastercard,Credit,5.91985E+15,nov-04,604,YES,2,"$18,300",ene-01,2011,No
1336,11,Mastercard,Debit,5.20845E+15,sep-21,126,YES,1,"$51,012",feb-14,2014,No
189,11,Amex,Credit,3.20736E+14,feb-19,686,YES,1,"$15,000",ene-09,2011,No
2910,871,Visa,Credit,4.32581E+15,abr-18,642,YES,1,"$7,600",may-06,2009,No
2081,871,Mastercard,Debit,5.67287E+15,nov-23,952,YES,2,"$8,052",mar-05,2012,No
2082,871,Mastercard,Credit,5.02502E+15,jul-24,783,YES,1,"$8,600",mar-05,2007,No
5336,871,Mastercard,Debit,5.12516E+15,ago-20,945,YES,2,"$20,128",oct-19,2019,No
3831,871,Amex,Credit,3.39949E+14,mar-23,643,YES,1,"$9,000",jul-08,2013,No
5645,871,Mastercard,Debit (Prepaid),5.96792E+15,oct-20,849,YES,2,$91,nov-11,2012,No
958,746,Amex,Credit,3.13387E+14,dic-24,961,YES,1,"$6,800",feb-96,2009,No
3043,746,Mastercard,Debit (Prepaid),5.28731E+15,jul-11,597,YES,1,$93,may-10,2010,No
2319,746,Visa,Credit,4.51105E+15,ene-16,263,YES,2,"$9,800",mar-13,2013,No
3492,746,Visa,Credit,4.79557E+15,ene-21,731,YES,2,"$6,700",jun-10,2011,No
108,1520,Visa,Credit,4.51559E+15,may-23,983,YES,1,"$9,800",ene-06,2015,No
3329,1520,Visa,Debit,4.18503E+15,ene-18,48,YES,2,"$24,544",jun-06,2013,No
2956,1520,Mastercard,Debit,5.83588E+15,may-23,642,YES,1,"$22,639",may-08,2010,No
4033,1520,Discover,Credit,6.11398E+15,nov-23,899,YES,1,"$1,100",jul-15,2015,No
2715,1520,Mastercard,Debit (Prepaid),5.13915E+15,may-16,509,YES,1,$86,abr-13,2013,No
2655,1372,Visa,Debit,4.57437E+15,ago-20,742,YES,2,"$2,330",abr-10,2011,No
1781,1372,Visa,Credit,4.80627E+15,ago-20,289,YES,2,"$5,900",feb-20,2020,No
5909,1799,Visa,Debit,4.46139E+15,feb-20,981,YES,2,"$47,372",dic-07,2008,No
3076,1799,Visa,Debit,4.26001E+15,jul-22,447,NO,2,"$28,127",may-10,2010,No
4595,1799,Mastercard,Debit (Prepaid),5.83477E+15,mar-10,553,YES,1,$28,sep-06,2006,No
1782,1799,Visa,Debit,4.95548E+15,mar-24,397,YES,2,"$62,081",feb-20,2020,No
4806,1905,Amex,Credit,3.0364E+14,nov-22,807,YES,1,"$5,800",sep-11,2011,No
3902,1905,Visa,Credit,4.06011E+15,jul-16,408,YES,1,"$6,700",jul-09,2009,No
2127,1905,Visa,Credit,4.64606E+15,feb-15,856,YES,1,"$6,700",mar-06,2012,No
5807,1905,Mastercard,Debit,5.04062E+15,jul-22,87,YES,2,"$1,424",dic-04,2012,No
1486,130,Mastercard,Debit (Prepaid),5.21481E+15,jul-24,453,NO,1,$58,feb-20,2020,No
3785,130,Visa,Credit,4.99624E+15,may-09,700,YES,2,"$19,400",jul-06,2008,No
6020,130,Visa,Debit,4.63498E+15,may-12,897,YES,2,"$4,052",dic-10,2013,No
2468,130,Visa,Credit,4.43702E+15,may-10,955,YES,2,"$9,300",abr-04,2010,No
1783,1990,Visa,Credit,4.86201E+15,may-22,405,YES,1,"$9,600",feb-20,2020,No
1487,1990,Mastercard,Debit,5.70252E+15,feb-20,24,YES,1,"$16,923",feb-20,2020,No
461,593,Mastercard,Credit,5.65901E+15,feb-20,777,YES,1,"$7,700",ene-20,2020,No
1488,540,Mastercard,Debit,5.12897E+15,jul-22,466,YES,2,$146,feb-20,2020,No
2997,1155,Mastercard,Debit,5.67725E+15,mar-23,293,NO,1,"$12,091",may-09,2009,No
4596,1155,Mastercard,Debit,5.85433E+15,nov-06,280,YES,2,"$11,157",sep-06,2011,No
5784,1155,Visa,Credit,4.98638E+15,jul-10,21,YES,2,"$7,100",dic-02,2012,No
4319,1155,Mastercard,Debit,5.71814E+15,ene-12,915,YES,1,"$7,612",ago-10,2011,No
1328,1155,Visa,Credit,4.97366E+15,dic-21,9,YES,2,"$6,100",feb-13,2013,No
5941,663,Visa,Debit,4.72499E+15,jul-23,384,YES,2,"$27,706",dic-08,2008,No
2173,663,Mastercard,Debit (Prepaid),5.65145E+15,abr-09,851,NO,2,$45,mar-08,2009,No
975,663,Mastercard,Debit,5.56033E+15,may-21,732,NO,2,"$2,046",feb-00,2008,No
4831,663,Mastercard,Credit,5.07819E+15,oct-24,929,YES,1,"$17,400",sep-12,2012,No
5926,663,Mastercard,Debit,5.24355E+15,may-20,648,YES,1,"$26,231",dic-08,2008,No
3358,1987,Visa,Credit,4.32549E+15,feb-09,692,YES,2,"$18,300",jun-07,2010,No
3668,1987,Visa,Credit,4.75964E+15,may-16,644,YES,2,"$13,900",jul-01,2014,No
3209,1484,Mastercard,Credit,5.06007E+15,ago-22,113,YES,2,"$17,200",jun-99,2013,No
5058,1484,Visa,Debit,4.24887E+15,jun-23,619,YES,2,"$14,217",oct-06,2012,No
2527,1484,Mastercard,Debit,5.0939E+15,mar-24,472,YES,2,"$39,533",abr-07,2016,No
4242,1484,Mastercard,Debit,5.2233E+15,abr-23,262,YES,2,"$3,141",ago-08,2013,No
2733,1484,Visa,Credit,4.94142E+15,nov-22,50,YES,2,"$12,800",abr-14,2014,No
4764,1484,Mastercard,Debit,5.43117E+15,ene-20,187,NO,1,"$38,342",sep-10,2010,No
462,417,Mastercard,Credit,5.2294E+15,ene-20,704,YES,1,"$3,000",ene-20,2020,No
1784,298,Visa,Debit,4.85882E+15,dic-20,125,NO,1,"$16,486",feb-20,2020,No
463,306,Mastercard,Debit,5.54007E+15,may-24,684,YES,2,"$28,868",ene-20,2020,No
464,306,Mastercard,Debit,5.28931E+15,feb-21,998,YES,1,"$51,836",ene-20,2020,No
1785,607,Visa,Credit,4.58893E+15,sep-21,748,YES,2,"$8,900",feb-20,2020,No
1489,607,Mastercard,Credit,5.67418E+15,feb-20,303,YES,1,"$9,900",feb-20,2020,No
759,607,Visa,Debit,4.91337E+15,feb-20,711,YES,1,"$22,935",ene-20,2020,No
1786,607,Visa,Credit,4.72932E+15,oct-23,582,YES,2,"$7,900",feb-20,2020,No
6100,607,Mastercard,Debit,5.07684E+15,feb-20,969,YES,1,"$17,336",dic-14,2014,No
3981,1769,Visa,Debit,4.13063E+15,mar-21,268,YES,2,"$20,206",jul-11,2011,No
375,1769,Visa,Credit,4.2142E+15,oct-23,598,YES,2,"$9,900",ene-18,2018,No
295,1769,Mastercard,Debit (Prepaid),5.92839E+15,nov-21,853,NO,1,$78,ene-12,2012,No
5599,1769,Mastercard,Debit,5.53814E+15,may-23,623,YES,1,"$17,335",nov-10,2010,No
43,1769,Visa,Credit,4.08829E+15,jun-24,140,YES,1,"$9,700",ene-03,2020,No
5820,698,Visa,Debit,4.85998E+15,jun-21,971,NO,2,"$25,048",dic-04,2010,No
2332,698,Visa,Debit,4.40174E+15,dic-14,322,YES,1,"$25,214",mar-14,2014,No
1490,698,Mastercard,Debit,5.56852E+15,abr-23,226,YES,1,"$33,580",feb-20,2020,No
2286,896,Visa,Debit,4.85124E+15,abr-13,684,NO,2,"$1,952",mar-11,2011,No
3882,1975,Mastercard,Debit,5.05939E+15,may-23,996,YES,1,"$18,491",jul-09,2011,No
4336,1975,Visa,Credit,4.82255E+15,feb-13,509,YES,1,"$9,800",ago-10,2014,No
5957,1975,Mastercard,Credit,5.32002E+15,dic-21,92,YES,1,$0,dic-09,2010,No
267,645,Mastercard,Debit,5.09789E+15,sep-23,447,YES,1,"$5,857",ene-11,2012,No
5094,645,Visa,Debit,4.45978E+15,jun-20,869,YES,2,"$10,366",oct-07,2014,No
2469,645,Visa,Debit,4.01754E+15,ene-24,109,YES,1,"$10,161",abr-04,2008,No
68,645,Mastercard,Debit,5.14839E+15,abr-21,316,YES,2,"$9,297",ene-05,2012,No
3703,645,Visa,Debit,4.89893E+15,sep-21,199,YES,1,"$12,434",jul-03,2012,No
5600,227,Mastercard,Debit,5.94337E+15,abr-20,300,YES,2,"$29,973",nov-10,2010,No
4886,227,Visa,Debit,4.28421E+15,feb-20,154,YES,2,"$25,330",sep-15,2015,No
2512,227,Visa,Debit,4.09385E+15,abr-20,286,YES,2,"$52,609",abr-06,2010,No
5867,227,Visa,Credit,4.32969E+15,oct-20,827,YES,1,"$25,200",dic-06,2016,No
5750,84,Visa,Debit,4.74488E+15,nov-22,747,YES,1,"$11,832",dic-96,2007,No
2580,84,Visa,Credit,4.15283E+15,ago-16,446,YES,1,"$5,400",abr-08,2013,No
3417,84,Mastercard,Debit,5.7547E+15,ene-24,939,NO,1,"$3,384",jun-09,2009,No
3543,1684,Mastercard,Debit,5.28753E+15,abr-14,946,YES,1,"$13,756",jun-12,2012,No
94,1684,Mastercard,Debit,5.76188E+15,jun-22,312,YES,1,"$9,263",ene-06,2010,No
2723,1684,Mastercard,Debit,5.9035E+15,dic-24,779,YES,1,"$16,899",abr-14,2014,No
3278,1684,Visa,Credit,4.81469E+15,ene-22,424,YES,1,"$5,700",jun-04,2012,No
2140,1684,Mastercard,Debit (Prepaid),5.95508E+15,may-21,513,YES,1,$46,mar-07,2012,No
1491,745,Mastercard,Credit,5.95395E+15,ene-24,474,YES,2,"$11,400",feb-20,2020,No
5646,1508,Mastercard,Debit (Prepaid),5.86886E+15,ago-22,245,YES,1,$95,nov-11,2011,No
1108,1508,Mastercard,Credit,5.41816E+15,jun-23,559,YES,2,"$10,700",feb-07,2015,No
3508,1508,Amex,Credit,3.77303E+14,feb-24,524,YES,1,"$8,700",jun-11,2011,No
3279,1508,Visa,Debit,4.60948E+15,ene-22,347,YES,2,"$12,150",jun-04,2008,No
3617,1158,Discover,Credit,6.6172E+15,mar-19,499,YES,1,"$7,800",jun-17,2017,No
1329,1158,Visa,Debit,4.8637E+15,oct-13,748,NO,1,"$13,761",feb-13,2013,No
3946,1427,Visa,Debit,4.52598E+15,jun-20,662,YES,2,"$45,377",jul-10,2011,No
465,352,Mastercard,Debit,5.16814E+15,ene-20,454,YES,1,"$18,091",ene-20,2020,No
466,352,Mastercard,Debit,5.08115E+15,dic-22,211,YES,1,"$14,514",ene-20,2020,No
1492,1948,Mastercard,Credit,5.54006E+15,mar-22,749,YES,1,"$15,900",feb-20,2020,No
760,1948,Visa,Credit,4.08924E+15,dic-20,999,YES,1,"$13,000",ene-20,2020,No
761,1948,Visa,Debit,4.08444E+15,sep-21,778,YES,2,"$17,905",ene-20,2020,No
5624,724,Visa,Credit,4.01526E+15,jul-22,244,YES,2,"$7,000",nov-10,2011,No
2656,724,Visa,Credit,4.9986E+15,jul-20,12,YES,3,"$7,100",abr-10,2010,No
2876,724,Mastercard,Debit,5.83236E+15,jun-24,245,YES,2,"$16,476",may-05,2008,No
5868,724,Visa,Credit,4.98484E+15,oct-09,257,NO,2,"$7,200",dic-06,2011,No
5996,543,Mastercard,Credit,5.9299E+15,oct-17,671,YES,1,"$11,800",dic-10,2011,No
4320,543,Mastercard,Debit,5.28402E+15,dic-18,405,YES,2,"$6,832",ago-10,2015,No
4708,543,Mastercard,Debit,5.5349E+15,dic-23,387,YES,2,"$6,222",sep-09,2009,No
2920,1559,Amex,Credit,3.69192E+14,mar-24,251,YES,1,"$13,300",may-07,2015,No
5797,1559,Visa,Debit,4.86244E+15,ago-23,49,YES,2,"$2,942",dic-03,2014,No
3301,1559,Visa,Debit,4.71475E+15,dic-22,297,YES,2,"$33,539",jun-05,2018,No
1787,1199,Visa,Credit,4.49525E+15,abr-23,938,YES,2,"$14,000",feb-20,2020,No
762,1199,Visa,Debit,4.98236E+15,jun-24,388,YES,1,"$20,160",ene-20,2020,No
467,1745,Mastercard,Debit,5.50497E+15,mar-22,907,YES,1,"$35,466",ene-20,2020,No
1788,1745,Visa,Debit,4.42061E+15,feb-20,318,YES,2,"$24,677",feb-20,2020,No
1789,1745,Visa,Debit,4.86329E+15,feb-20,80,YES,1,"$16,520",feb-20,2020,No
5028,1950,Visa,Debit,4.15432E+15,abr-08,150,YES,2,"$6,708",oct-05,2013,No
328,1950,Mastercard,Credit,5.96398E+15,oct-22,871,YES,1,"$1,200",ene-14,2014,No
4374,1950,Visa,Debit,4.1558E+15,jun-22,512,YES,1,"$10,903",ago-11,2011,No
1312,1950,Mastercard,Debit,5.25804E+15,oct-21,728,YES,1,"$6,710",feb-13,2013,No
5730,1950,Mastercard,Debit,5.93116E+15,may-24,580,YES,2,"$10,841",nov-17,2017,No
763,1397,Visa,Debit (Prepaid),4.35677E+15,nov-24,204,YES,1,$40,ene-20,2020,No
2957,1397,Mastercard,Debit,5.72879E+15,may-23,492,YES,2,"$29,340",may-08,2010,No
3627,1397,Amex,Credit,3.3975E+14,jun-20,70,YES,2,"$13,600",jun-18,2018,No
3044,1397,Mastercard,Credit,5.7174E+15,sep-22,862,YES,2,"$7,700",may-10,2010,No
5401,873,Mastercard,Debit,5.25684E+15,nov-21,934,YES,1,"$18,803",nov-04,2008,No
3205,873,Mastercard,Debit,5.28911E+15,oct-22,314,YES,2,"$28,405",jun-98,2008,No
1269,873,Mastercard,Debit,5.64954E+15,abr-11,892,YES,1,"$15,521",feb-11,2011,No
20,1728,Visa,Credit,4.66537E+15,jun-21,412,YES,1,"$3,800",ene-01,2003,No
3493,1728,Visa,Credit,4.20915E+15,oct-22,498,YES,2,"$10,900",jun-10,2013,No
153,1728,Mastercard,Debit,5.0428E+15,mar-23,431,YES,2,"$1,930",ene-08,2015,No
4422,1728,Discover,Credit,6.20374E+15,mar-24,288,YES,2,"$13,900",ago-14,2014,No
223,299,Mastercard,Debit,5.54183E+15,mar-24,143,YES,1,"$5,575",ene-10,2010,No
2756,299,Amex,Credit,3.39124E+14,may-23,369,NO,2,"$8,300",abr-16,2016,No
208,299,Visa,Debit,4.28287E+15,may-20,127,YES,1,"$13,009",ene-09,2009,No
468,299,Mastercard,Debit,5.69229E+15,dic-24,696,YES,2,"$12,029",ene-20,2020,No
764,299,Visa,Credit,4.14912E+15,ago-22,294,YES,1,"$6,100",ene-20,2020,No
4414,1742,Visa,Debit,4.15543E+15,oct-22,653,YES,1,"$24,123",ago-13,2013,No
1155,1742,Visa,Credit,4.76898E+15,mar-15,74,YES,1,"$14,700",feb-08,2010,No
5869,1742,Visa,Debit (Prepaid),4.79231E+15,feb-20,221,YES,2,$12,dic-06,2013,No
4559,1742,Visa,Debit,4.36537E+15,jul-20,290,YES,1,"$11,737",sep-04,2009,No
2005,1004,Visa,Debit,4.47981E+15,ene-24,246,YES,1,"$14,366",mar-97,2008,No
345,1004,Mastercard,Debit,5.10975E+15,ago-15,246,YES,1,"$17,272",ene-15,2015,No
3672,1004,Mastercard,Debit,5.89829E+15,nov-23,372,YES,2,"$13,605",jul-02,2009,No
3742,301,Visa,Credit,4.18097E+15,may-23,975,YES,1,"$21,000",jul-05,2009,No
1493,1011,Mastercard,Debit,5.25674E+15,may-24,930,YES,2,"$21,470",feb-20,2020,No
4915,906,Visa,Debit,4.30109E+15,dic-17,718,YES,1,"$26,850",sep-17,2017,No
1190,906,Visa,Credit,4.17309E+15,sep-24,817,YES,2,"$10,400",feb-09,2010,No
5095,906,Visa,Credit,4.91765E+15,jul-08,328,YES,2,"$8,000",oct-07,2011,No
2409,906,Visa,Credit,4.45756E+15,ene-20,701,YES,2,"$13,000",abr-00,2010,No
3760,906,Mastercard,Debit,5.56107E+15,mar-20,147,YES,1,"$5,840",jul-06,2009,No
2174,906,Mastercard,Debit (Prepaid),5.45978E+15,feb-12,293,YES,2,$68,mar-08,2012,No
4756,110,Amex,Credit,3.32229E+14,oct-22,702,YES,1,"$16,000",sep-10,2016,No
3240,110,Visa,Debit,4.35951E+15,mar-08,274,NO,1,"$32,223",jun-02,2005,No
5189,110,Mastercard,Debit,5.38634E+15,ene-22,713,YES,2,"$13,323",oct-10,2010,No
4103,110,Visa,Debit,4.15735E+15,jul-21,945,YES,2,$576,ago-01,2011,No
2547,1073,Visa,Debit,4.61442E+15,sep-24,808,YES,1,"$25,977",abr-07,2009,No
4436,1073,Visa,Debit (Prepaid),4.79125E+15,mar-16,126,YES,1,$84,ago-14,2014,No
4597,705,Mastercard,Debit (Prepaid),5.61992E+15,oct-21,786,YES,2,$23,sep-06,2010,No
5359,705,Visa,Credit,4.56002E+15,sep-23,454,NO,2,"$5,200",nov-99,2009,No
3311,820,Mastercard,Debit (Prepaid),5.41681E+15,ago-13,557,YES,2,$66,jun-06,2010,No
5040,820,Amex,Credit,3.04316E+14,jun-24,649,YES,1,"$1,200",oct-06,2009,No
127,820,Mastercard,Debit,5.73896E+15,nov-20,730,YES,1,"$20,759",ene-07,2009,No
3224,820,Mastercard,Credit,5.88049E+15,jun-24,558,YES,1,"$15,100",jun-01,2010,No
469,820,Mastercard,Credit,5.63448E+15,oct-21,490,YES,1,"$11,100",ene-20,2020,No
470,1188,Mastercard,Debit (Prepaid),5.5702E+15,may-22,85,YES,2,$52,ene-20,2020,No
4548,1128,Mastercard,Debit,5.49355E+15,ago-24,774,YES,2,"$15,110",sep-04,2009,No
4765,1128,Mastercard,Credit,5.59863E+15,abr-23,830,YES,2,"$10,600",sep-10,2014,No
4583,1128,Visa,Credit,4.92338E+15,ene-20,785,YES,2,"$8,600",sep-05,2011,No
4316,1128,Amex,Credit,3.62085E+14,sep-20,71,YES,2,"$8,400",ago-10,2012,No
3144,1128,Mastercard,Credit,5.38987E+15,oct-22,754,YES,2,"$11,100",may-14,2014,No
1139,1479,Mastercard,Credit,5.67631E+15,nov-21,58,YES,1,"$2,800",feb-08,2010,No
6128,1594,Visa,Credit,4.4348E+15,sep-19,633,YES,2,"$5,700",dic-16,2016,No
3241,1594,Visa,Debit,4.591E+15,ago-11,564,YES,1,"$12,252",jun-02,2010,No
3565,1594,Mastercard,Debit,5.3845E+15,dic-23,809,YES,1,"$22,420",jun-13,2013,No
5029,1485,Visa,Debit,4.07255E+15,sep-18,874,YES,2,"$3,715",oct-05,2009,No
4298,1485,Visa,Debit (Prepaid),4.15869E+15,jun-21,782,YES,1,$67,ago-09,2011,No
3819,1485,Visa,Debit,4.64905E+15,nov-20,362,YES,2,"$26,460",jul-07,2017,No
4736,1485,Visa,Debit,4.99811E+15,nov-23,358,YES,1,"$12,783",sep-09,2015,No
88,1390,Amex,Credit,3.43439E+14,mar-23,98,YES,2,"$21,400",ene-06,2011,No
3359,1390,Visa,Credit,4.93698E+15,feb-21,521,NO,2,"$13,600",jun-07,2007,No
5269,1390,Mastercard,Debit,5.98489E+15,mar-20,810,NO,1,"$46,201",oct-13,2013,No
2657,644,Visa,Credit,4.40316E+15,abr-22,303,YES,2,"$7,700",abr-10,2010,No
5020,1912,Mastercard,Debit,5.82517E+15,ene-10,127,YES,2,"$18,937",oct-05,2010,No
3544,1584,Mastercard,Debit,5.82492E+15,oct-21,975,YES,1,"$14,539",jun-12,2012,No
6038,1584,Mastercard,Debit,5.79439E+15,mar-20,830,YES,2,"$21,723",dic-11,2011,No
1494,1803,Mastercard,Debit,5.71762E+15,dic-23,840,YES,1,"$16,858",feb-20,2020,No
1790,1824,Visa,Debit,4.37809E+15,sep-22,813,NO,2,"$22,143",feb-20,2020,No
1791,1824,Visa,Debit (Prepaid),4.10072E+15,mar-23,975,YES,2,$61,feb-20,2020,No
5721,1824,Mastercard,Debit,5.35302E+15,abr-22,793,YES,1,"$15,683",nov-16,2016,No
471,340,Mastercard,Debit (Prepaid),5.54469E+15,ago-20,626,YES,1,$65,ene-20,2020,No
4922,650,Mastercard,Debit,5.66635E+15,abr-22,14,YES,1,"$12,139",sep-19,2019,No
3669,650,Visa,Debit,4.58546E+15,jul-21,441,YES,1,"$10,130",jul-01,2011,No
3717,650,Visa,Credit,4.45217E+15,ago-23,43,YES,1,"$7,300",jul-04,2010,No
5580,650,Visa,Debit (Prepaid),4.61939E+15,ene-12,728,NO,1,$57,nov-09,2016,No
3494,650,Visa,Credit,4.53452E+15,nov-22,855,YES,1,"$3,800",jun-10,2011,No
3837,650,Mastercard,Debit (Prepaid),5.04666E+15,mar-21,209,YES,2,$121,jul-08,2008,No
1080,762,Mastercard,Debit,5.89915E+15,nov-20,920,YES,1,"$13,569",feb-06,2007,No
472,1061,Mastercard,Debit,5.17883E+15,feb-20,674,YES,1,"$15,358",ene-20,2020,No
5356,1931,Mastercard,Debit,5.33775E+15,dic-99,627,NO,1,"$9,550",nov-99,2018,No
3530,1931,Visa,Credit,4.33334E+15,mar-24,27,YES,1,"$17,300",jun-11,2011,No
4199,702,Mastercard,Credit,5.98151E+15,feb-21,991,YES,2,"$15,000",ago-07,2007,No
3863,702,Visa,Debit (Prepaid),4.92885E+15,abr-23,730,YES,2,$106,jul-08,2008,No
2258,702,Visa,Credit,4.07141E+15,abr-21,58,YES,1,"$20,100",mar-10,2017,No
4096,702,Visa,Debit (Prepaid),4.58884E+15,dic-22,44,YES,2,$50,ago-00,2008,No
2175,918,Mastercard,Debit,5.51126E+15,feb-15,356,YES,1,"$10,843",mar-08,2009,No
2734,918,Visa,Debit,4.44235E+15,ago-23,225,YES,2,"$12,057",abr-14,2014,No
3202,1137,Mastercard,Credit,5.01828E+15,mar-22,425,YES,2,"$11,100",may-19,2019,No
3718,1137,Visa,Debit,4.27795E+15,jun-12,902,YES,1,"$13,969",jul-04,2008,No
3688,1137,Mastercard,Credit,5.3271E+15,abr-23,715,YES,1,"$7,600",jul-03,2017,No
765,66,Visa,Debit,4.4538E+15,oct-24,667,YES,1,"$9,578",ene-20,2020,No
1792,66,Visa,Debit,4.49191E+15,oct-23,158,YES,1,"$16,711",feb-20,2020,No
6136,66,Mastercard,Debit,5.15813E+15,nov-20,958,YES,2,"$15,435",dic-18,2018,No
391,66,Amex,Credit,3.069E+14,jun-20,741,YES,1,"$14,300",ene-20,2020,No
2743,1406,Mastercard,Debit,5.59756E+15,abr-20,348,YES,1,"$9,431",abr-15,2015,No
3883,1406,Mastercard,Credit,5.93355E+15,abr-22,92,YES,1,"$6,100",jul-09,2012,No
5186,437,Discover,Credit,6.66161E+15,sep-14,5,YES,1,"$17,400",oct-10,2013,No
5454,437,Mastercard,Debit,5.07332E+15,ene-24,52,YES,1,"$35,500",nov-06,2011,No
3271,437,Mastercard,Debit,5.74585E+15,ago-23,938,YES,2,"$27,687",jun-04,2007,No
1495,806,Mastercard,Debit,5.74129E+15,ene-24,500,NO,2,"$40,073",feb-20,2020,No
1496,806,Mastercard,Credit,5.00775E+15,ago-23,279,YES,2,"$22,000",feb-20,2020,No
766,806,Visa,Debit,4.33819E+15,mar-21,287,NO,2,"$8,509",ene-20,2020,No
3566,891,Mastercard,Debit,5.12854E+15,dic-18,303,YES,1,"$11,037",jun-13,2013,No
2141,891,Mastercard,Debit,5.71393E+15,oct-23,41,YES,1,"$16,986",mar-07,2010,No
5096,891,Visa,Credit,4.79607E+15,mar-11,978,YES,1,"$8,800",oct-07,2014,No
4321,891,Mastercard,Debit,5.89548E+15,ene-24,598,YES,2,"$8,212",ago-10,2011,No
4649,891,Visa,Debit,4.75047E+15,sep-23,924,YES,2,"$24,270",sep-07,2008,No
767,1191,Visa,Debit,4.0527E+15,ene-24,388,YES,2,"$12,586",ene-20,2020,No
365,701,Amex,Credit,3.02702E+14,sep-19,163,NO,2,"$11,800",ene-18,2018,No
2042,1147,Mastercard,Debit,5.06597E+15,oct-21,724,NO,2,"$18,050",mar-03,2010,No
3924,1147,Discover,Credit,6.27511E+15,sep-22,286,YES,2,"$21,800",jul-10,2011,No
1497,1625,Mastercard,Debit (Prepaid),5.16882E+15,abr-24,832,YES,1,$97,feb-20,2020,No
2557,1664,Amex,Credit,3.18803E+14,may-09,526,YES,2,"$19,600",abr-08,2011,No
2273,1664,Discover,Credit,6.61133E+15,dic-19,708,NO,2,"$21,900",mar-11,2011,No
5544,1664,Visa,Credit,4.4044E+15,dic-08,547,YES,2,"$21,400",nov-08,2011,No
5147,1664,Mastercard,Debit,5.16639E+15,feb-24,231,NO,2,"$34,572",oct-09,2015,No
1498,1273,Mastercard,Credit,5.45018E+15,ago-20,94,YES,2,"$11,700",feb-20,2020,No
154,1009,Mastercard,Credit,5.16618E+15,feb-20,459,YES,1,"$8,500",ene-08,2009,No
4709,1009,Mastercard,Debit,5.12486E+15,ago-21,457,YES,2,"$19,928",sep-09,2011,No
5601,1009,Mastercard,Debit,5.10319E+15,ene-23,278,YES,1,"$9,902",nov-10,2012,No
1008,1341,Visa,Credit,4.70016E+15,abr-21,598,YES,1,"$11,000",feb-02,2015,No
4766,1341,Mastercard,Credit,5.74272E+15,ago-23,363,YES,1,"$6,300",sep-10,2010,No
4394,1341,Visa,Debit,4.45458E+15,dic-22,519,YES,1,"$22,474",ago-12,2012,No
4098,1341,Mastercard,Debit,5.67674E+15,ago-24,195,YES,1,"$24,926",ago-01,2011,No
1499,925,Mastercard,Debit (Prepaid),5.83257E+15,feb-20,589,YES,2,$77,feb-20,2020,No
768,824,Visa,Credit,4.97342E+15,feb-20,351,YES,1,"$9,100",ene-20,2020,No
5958,824,Mastercard,Debit,5.51429E+15,jul-18,616,YES,1,"$10,838",dic-09,2010,No
473,824,Mastercard,Debit,5.39348E+15,jul-20,98,YES,1,"$1,940",ene-20,2020,No
3838,824,Mastercard,Debit,5.53816E+15,jun-16,877,YES,2,$100,jul-08,2008,No
5074,563,Mastercard,Debit,5.49305E+15,ene-21,938,YES,1,"$23,231",oct-07,2011,No
2097,563,Visa,Debit,4.48387E+15,mar-09,224,YES,2,"$17,323",mar-05,2011,No
1060,563,Visa,Credit,4.53928E+15,jul-21,719,YES,2,"$11,800",feb-05,2018,No
4054,563,Mastercard,Credit,5.26155E+15,jun-22,897,YES,2,"$6,100",jul-17,2017,No
2760,563,Mastercard,Debit,5.60755E+15,jun-22,320,YES,1,"$18,241",abr-16,2016,No
2864,563,Visa,Debit (Prepaid),4.61508E+15,nov-07,149,NO,2,$100,may-04,2010,No
5485,1612,Mastercard,Credit,5.23765E+15,dic-07,555,YES,2,"$12,700",nov-07,2010,No
2581,1700,Visa,Credit,4.0124E+15,mar-22,931,YES,3,"$4,600",abr-08,2010,No
474,963,Mastercard,Debit,5.14473E+15,may-23,686,YES,1,"$21,106",ene-20,2020,No
1500,963,Mastercard,Debit,5.40713E+15,feb-20,444,YES,1,"$16,417",feb-20,2020,No
1353,963,Mastercard,Credit,5.01173E+15,oct-20,29,YES,1,"$6,500",feb-15,2015,No
475,904,Mastercard,Credit,5.95222E+15,ago-20,821,YES,2,"$5,600",ene-20,2020,No
2297,1586,Mastercard,Credit,5.99153E+15,jul-15,711,YES,1,"$5,700",mar-12,2012,No
6051,1586,Visa,Credit,4.44237E+15,nov-22,200,YES,1,"$11,800",dic-11,2011,No
1122,1586,Visa,Credit,4.63559E+15,may-22,313,YES,2,"$20,700",feb-07,2007,No
1365,1586,Mastercard,Debit,5.89151E+15,feb-21,906,YES,2,"$17,587",feb-16,2016,No
5168,1286,Visa,Debit,4.8208E+15,ene-21,40,YES,2,"$24,651",oct-09,2015,No
5798,1286,Visa,Debit,4.8555E+15,feb-20,610,YES,2,"$27,727",dic-03,2009,No
5518,719,Mastercard,Debit,5.86636E+15,dic-23,102,YES,1,"$21,727",nov-08,2008,No
6021,719,Visa,Credit,4.68245E+15,ago-23,554,YES,1,"$13,900",dic-10,2010,No
4075,719,Mastercard,Credit,5.20605E+15,may-22,923,YES,2,"$10,300",jul-19,2019,No
769,1469,Visa,Debit (Prepaid),4.2086E+15,nov-24,957,YES,1,$16,ene-20,2020,No
770,930,Visa,Debit,4.44793E+15,abr-24,90,YES,1,"$9,146",ene-20,2020,No
1501,930,Mastercard,Credit,5.14035E+15,feb-20,633,YES,2,"$5,000",feb-20,2020,No
2761,1814,Mastercard,Debit,5.3332E+15,jul-16,47,YES,1,"$17,895",abr-16,2016,No
4375,1814,Visa,Debit (Prepaid),4.79034E+15,ene-22,921,YES,1,$59,ago-11,2011,No
1040,1814,Visa,Credit,4.20538E+15,jul-22,905,YES,1,"$11,800",feb-04,2013,No
2298,1723,Mastercard,Debit (Prepaid),5.00067E+15,oct-16,358,YES,2,$74,mar-12,2012,No
4099,1723,Mastercard,Debit,5.26171E+15,may-20,104,YES,1,"$13,168",ago-01,2007,No
2479,1723,Mastercard,Debit,5.19772E+15,jul-06,928,YES,1,"$12,431",abr-05,2007,No
1502,1377,Mastercard,Debit,5.36739E+15,feb-20,488,YES,2,"$21,478",feb-20,2020,No
4598,1377,Mastercard,Debit,5.13204E+15,jun-22,792,YES,2,"$4,583",sep-06,2015,No
1793,1377,Visa,Debit (Prepaid),4.38925E+15,feb-20,950,YES,1,$11,feb-20,2020,No
5097,470,Visa,Credit,4.0507E+15,jul-20,644,YES,1,"$5,800",oct-07,2013,No
2896,470,Mastercard,Debit,5.56953E+15,ene-13,29,YES,2,"$2,704",may-06,2013,No
3733,470,Mastercard,Debit,5.92637E+15,abr-21,982,NO,1,"$7,581",jul-05,2014,No
1794,1804,Visa,Credit,4.33357E+15,feb-20,211,NO,1,"$10,200",feb-20,2020,No
476,1804,Mastercard,Debit,5.97946E+15,oct-22,565,YES,1,"$9,984",ene-20,2020,No
1795,1804,Visa,Debit,4.97005E+15,abr-22,864,YES,2,"$2,174",feb-20,2020,No
771,1804,Visa,Credit,4.10101E+15,mar-23,701,YES,2,$200,ene-20,2020,No
1503,229,Mastercard,Credit,5.61318E+15,abr-21,874,YES,2,"$7,900",feb-20,2020,No
2683,229,Visa,Debit,4.90946E+15,mar-20,892,NO,1,"$20,827",abr-11,2011,No
1504,229,Mastercard,Debit (Prepaid),5.4588E+15,feb-20,895,NO,1,$74,feb-20,2020,No
1796,229,Visa,Debit,4.49251E+15,feb-20,858,YES,1,"$52,585",feb-20,2020,No
5942,229,Visa,Credit,4.70429E+15,jun-23,871,NO,1,"$16,700",dic-08,2009,No
4139,1512,Visa,Debit,4.19416E+15,dic-23,523,YES,2,"$32,030",ago-04,2009,No
4923,1512,Mastercard,Debit (Prepaid),5.0407E+15,nov-20,796,YES,2,$64,sep-19,2019,No
95,1512,Mastercard,Debit (Prepaid),5.31499E+15,jun-14,406,YES,1,$78,ene-06,2011,No
2582,1512,Visa,Credit,4.86586E+15,nov-22,615,YES,1,"$18,500",abr-08,2012,No
5049,1512,Mastercard,Debit,5.00819E+15,sep-19,644,YES,2,"$26,357",oct-06,2013,No
5190,1512,Mastercard,Debit,5.56833E+15,dic-20,811,YES,1,"$28,864",oct-10,2013,No
976,1512,Mastercard,Debit,5.94899E+15,jul-20,368,NO,2,"$19,651",feb-00,2013,No
3689,1512,Mastercard,Debit,5.40251E+15,oct-21,514,NO,2,"$52,179",jul-03,2010,No
4425,1543,Mastercard,Debit,5.12574E+15,ago-22,13,YES,2,"$47,709",ago-14,2014,No
4687,1543,Visa,Debit,4.13434E+15,mar-16,354,YES,2,"$54,128",sep-08,2011,No
4473,1543,Visa,Debit,4.55987E+15,ago-24,810,YES,2,"$39,389",ago-18,2018,No
3864,1543,Visa,Credit,4.90067E+15,feb-20,304,YES,1,"$29,800",jul-08,2011,No
424,147,Discover,Credit,6.83718E+15,ene-20,482,YES,1,"$19,100",ene-20,2020,No
3013,147,Visa,Debit,4.63373E+15,jul-09,565,NO,2,"$2,819",may-09,2009,No
772,147,Visa,Credit,4.34197E+15,ene-20,255,YES,1,"$12,100",ene-20,2020,No
2634,147,Mastercard,Credit,5.8909E+15,ago-21,152,YES,1,"$18,000",abr-10,2010,No
1109,1941,Mastercard,Credit,5.93132E+15,nov-19,164,YES,2,"$8,700",feb-07,2007,No
2940,1941,Visa,Debit (Prepaid),4.70414E+15,feb-20,251,YES,2,$30,may-07,2008,No
2030,1941,Mastercard,Debit,5.18339E+15,ago-13,886,YES,2,"$22,248",mar-02,2015,No
2031,901,Mastercard,Debit (Prepaid),5.05005E+15,sep-07,783,YES,1,$69,mar-02,2012,No
3729,901,Discover,Credit,6.63078E+15,ago-24,24,YES,1,"$9,600",jul-05,2012,No
4152,901,Mastercard,Debit,5.95647E+15,feb-22,270,YES,2,"$4,319",ago-05,2011,No
773,191,Visa,Debit,4.5638E+15,ene-20,922,YES,1,"$24,079",ene-20,2020,No
477,12,Mastercard,Debit,5.10848E+15,feb-20,101,YES,2,"$10,058",ene-20,2020,No
2782,1828,Visa,Debit,4.05417E+15,jul-23,695,YES,2,$974,abr-18,2018,No
3090,1828,Mastercard,Debit,5.51311E+15,jul-20,255,YES,2,"$1,212",may-11,2011,No
2783,29,Visa,Credit,4.79484E+15,feb-21,764,YES,1,"$2,700",abr-18,2018,No
3045,29,Mastercard,Debit,5.34521E+15,ago-22,387,YES,1,"$16,113",may-10,2010,No
4477,181,Amex,Credit,3.83088E+14,dic-19,884,YES,2,"$13,700",ago-19,2019,No
1061,995,Visa,Debit,4.7548E+15,mar-24,932,NO,2,"$19,097",feb-05,2010,No
1505,1218,Mastercard,Debit,5.35865E+15,feb-20,384,YES,1,"$12,874",feb-20,2020,No
3302,186,Visa,Credit,4.21991E+15,sep-15,998,YES,2,"$8,900",jun-05,2011,No
4490,171,Mastercard,Debit (Prepaid),5.64806E+15,dic-24,793,YES,2,$46,sep-96,2007,No
3704,171,Visa,Debit,4.9925E+15,oct-15,867,YES,2,"$13,116",jul-03,2012,No
1239,171,Visa,Debit,4.54839E+15,oct-21,555,YES,2,"$21,022",feb-10,2011,No
774,1401,Visa,Credit,4.49557E+15,ene-21,844,NO,1,"$13,200",ene-20,2020,No
1506,1401,Mastercard,Debit,5.94962E+15,feb-20,513,YES,1,"$12,569",feb-20,2020,No
2911,1314,Visa,Credit,4.45912E+15,ago-10,455,YES,2,"$10,100",may-06,2010,No
1081,1314,Mastercard,Debit,5.28703E+15,sep-12,649,YES,2,"$15,714",feb-06,2006,No
2359,1314,Visa,Credit,4.33329E+15,ago-17,973,YES,1,"$15,000",mar-16,2016,No
1140,1314,Mastercard,Debit,5.28392E+15,mar-22,447,NO,2,"$14,664",feb-08,2010,No
3162,1314,Mastercard,Debit,5.94631E+15,oct-15,291,YES,1,"$12,605",may-15,2015,No
5455,1560,Mastercard,Credit,5.544E+15,oct-23,107,YES,2,$500,nov-06,2011,No
2767,1560,Mastercard,Debit,5.48906E+15,jun-21,833,YES,1,"$15,492",abr-17,2017,No
2528,1560,Mastercard,Credit,5.22809E+15,nov-20,545,YES,2,"$12,800",abr-07,2010,No
1507,1560,Mastercard,Credit,5.30816E+15,feb-23,627,YES,2,"$3,300",feb-20,2020,No
5769,1560,Discover,Credit,6.42664E+15,ago-20,662,YES,1,"$15,500",dic-01,2008,No
2501,1560,Amex,Credit,3.63303E+14,jun-22,838,YES,2,"$4,100",abr-06,2010,No
2635,613,Mastercard,Debit,5.94661E+15,feb-20,861,YES,2,"$18,764",abr-10,2014,No
775,613,Visa,Debit,4.16805E+15,jul-22,790,YES,2,"$33,302",ene-20,2020,No
3799,613,Amex,Credit,3.12434E+14,jul-24,697,YES,1,"$12,600",jul-07,2011,No
1191,613,Visa,Debit,4.10252E+15,jul-23,669,YES,1,"$28,320",feb-09,2009,No
2176,346,Mastercard,Debit,5.5943E+15,oct-23,782,YES,2,"$2,883",mar-08,2015,No
2440,346,Mastercard,Debit,5.10002E+15,may-23,189,YES,2,"$28,886",abr-03,2011,No
192,346,Discover,Credit,6.6901E+15,nov-22,162,YES,1,"$14,400",ene-09,2009,No
3379,346,Mastercard,Debit (Prepaid),5.51143E+15,dic-23,463,NO,2,$86,jun-08,2010,No
5927,346,Mastercard,Credit,5.11739E+15,feb-24,711,NO,1,"$11,800",dic-08,2008,No
4115,346,Mastercard,Credit,5.27988E+15,feb-21,249,YES,2,"$18,900",ago-03,2007,No
2778,346,Mastercard,Debit,5.44732E+15,jun-20,843,YES,1,"$37,318",abr-18,2018,No
5256,812,Discover,Credit,6.10703E+15,ene-20,870,YES,1,"$2,400",oct-12,2012,No
4862,13,Visa,Credit,4.8468E+15,may-19,143,NO,2,"$3,500",sep-13,2013,No
2109,13,Mastercard,Credit,5.50649E+15,dic-22,413,YES,1,"$10,400",mar-06,2015,No
2941,13,Visa,Debit,4.06696E+15,ago-20,283,YES,1,"$10,629",may-07,2008,No
4270,13,Visa,Debit (Prepaid),4.1912E+15,nov-23,495,YES,2,$64,ago-08,2012,No
4165,602,Visa,Debit,4.78949E+15,jul-24,994,YES,1,"$13,361",ago-05,2010,No
6084,602,Mastercard,Debit,5.9317E+15,may-21,894,YES,1,"$24,739",dic-13,2013,No
5979,602,Visa,Debit,4.35594E+15,ago-22,502,YES,2,"$12,978",dic-09,2009,No
3982,602,Visa,Credit,4.5098E+15,nov-21,529,YES,1,"$9,500",jul-11,2016,No
346,657,Mastercard,Debit,5.50732E+15,feb-21,373,YES,1,"$15,331",ene-15,2015,No
2420,657,Visa,Debit,4.36858E+15,oct-10,578,YES,1,"$16,725",abr-01,2008,No
4013,657,Visa,Debit,4.6343E+15,abr-14,37,YES,1,"$22,861",jul-13,2013,No
4662,657,Mastercard,Debit,5.22053E+15,may-24,201,YES,1,"$24,186",sep-08,2008,No
155,909,Mastercard,Debit (Prepaid),5.23757E+15,mar-24,599,YES,2,$21,ene-08,2013,No
3719,909,Visa,Debit,4.27512E+15,sep-23,740,YES,2,"$32,075",jul-04,2010,No
4663,909,Mastercard,Debit,5.27573E+15,may-20,479,YES,2,"$3,934",sep-08,2015,No
5232,909,Mastercard,Debit,5.82971E+15,jun-22,538,YES,1,"$5,204",oct-11,2013,No
2583,909,Visa,Debit,4.27671E+15,abr-23,793,YES,2,"$11,239",abr-08,2010,No
1508,183,Mastercard,Credit,5.44514E+15,feb-20,611,YES,1,"$11,200",feb-20,2020,No
1797,183,Visa,Debit,4.21503E+15,jun-22,544,YES,2,"$10,430",feb-20,2020,No
1798,183,Visa,Credit,4.19482E+15,dic-21,521,YES,1,"$9,400",feb-20,2020,No
478,1792,Mastercard,Debit,5.98837E+15,ene-22,648,NO,2,"$18,296",ene-20,2020,No
1440,1792,Discover,Credit,6.34754E+15,mar-24,277,YES,2,"$4,300",feb-20,2020,No
5744,1599,Visa,Credit,4.21517E+15,feb-22,152,YES,2,"$7,500",nov-19,2019,No
776,1599,Visa,Debit,4.43506E+15,sep-21,229,YES,1,"$22,811",ene-20,2020,No
777,1599,Visa,Debit,4.15014E+15,may-22,502,YES,1,"$9,865",ene-20,2020,No
44,1267,Visa,Debit,4.1944E+15,ago-24,282,YES,2,"$27,584",ene-03,2008,No
4299,1267,Visa,Debit (Prepaid),4.36813E+15,feb-24,624,YES,1,$50,ago-09,2009,No
3926,1267,Mastercard,Debit,5.78129E+15,oct-11,834,YES,2,"$23,152",jul-10,2010,No
3802,1267,Mastercard,Debit,5.83578E+15,ene-22,844,YES,2,"$11,108",jul-07,2015,No
1509,411,Mastercard,Debit,5.35045E+15,may-23,611,YES,1,"$37,192",feb-20,2020,No
4832,411,Mastercard,Debit (Prepaid),5.53378E+15,oct-17,834,YES,2,$59,sep-12,2012,No
5021,350,Mastercard,Debit,5.42837E+15,jun-09,574,YES,2,"$24,413",oct-05,2015,No
3709,350,Mastercard,Debit,5.50629E+15,oct-20,366,YES,1,"$27,491",jul-04,2014,No
2865,350,Visa,Credit,4.48215E+15,mar-23,969,YES,2,"$12,100",may-04,2010,No
3623,350,Visa,Debit,4.87986E+15,mar-24,878,YES,2,"$19,256",jun-17,2017,No
479,1323,Mastercard,Debit,5.05412E+15,jul-24,774,YES,1,"$12,053",ene-20,2020,No
318,1323,Visa,Credit,4.49889E+15,feb-20,734,YES,2,"$8,700",ene-13,2013,No
3993,1323,Mastercard,Debit,5.37653E+15,sep-23,565,YES,1,"$19,267",jul-12,2012,No
2980,1323,Visa,Debit,4.00725E+15,may-13,524,YES,1,"$14,074",may-08,2009,No
1799,934,Visa,Credit,4.15943E+15,feb-20,640,YES,2,$0,feb-20,2020,No
1800,934,Visa,Credit,4.92057E+15,nov-21,378,NO,1,"$12,300",feb-20,2020,No
480,934,Mastercard,Debit,5.94912E+15,feb-20,399,NO,2,"$2,055",ene-20,2020,No
4389,421,Mastercard,Debit,5.80349E+15,dic-21,503,YES,1,"$33,070",ago-12,2012,No
6101,421,Mastercard,Debit,5.86567E+15,ago-24,626,YES,2,"$16,094",dic-14,2014,No
5560,421,Mastercard,Debit,5.21895E+15,feb-20,497,YES,2,"$19,651",nov-09,2009,No
1510,421,Mastercard,Debit,5.33133E+15,jun-23,453,YES,1,"$23,875",feb-20,2020,No
2177,421,Mastercard,Credit,5.97346E+15,sep-23,685,YES,1,"$10,600",mar-08,2016,No
4153,421,Mastercard,Debit,5.13248E+15,oct-10,625,YES,2,"$26,774",ago-05,2015,No
5075,421,Mastercard,Debit,5.30536E+15,dic-22,307,NO,2,"$7,842",oct-07,2014,No
4080,223,Visa,Debit (Prepaid),4.50277E+15,abr-24,928,YES,1,$55,jul-19,2019,No
2926,223,Mastercard,Credit,5.57385E+15,sep-14,32,YES,1,"$12,600",may-07,2012,No
2636,223,Mastercard,Debit,5.28766E+15,jun-12,973,YES,2,"$16,647",abr-10,2012,No
5682,223,Amex,Credit,3.15285E+14,dic-22,695,YES,1,"$8,600",nov-13,2013,No
268,223,Mastercard,Credit,5.68215E+15,nov-12,9,YES,3,"$15,900",ene-11,2011,No
2167,223,Amex,Credit,3.00717E+14,sep-09,194,YES,1,"$5,800",mar-08,2008,No
481,1402,Mastercard,Debit,5.57346E+15,sep-24,515,YES,2,"$31,845",ene-20,2020,No
296,1402,Mastercard,Credit,5.19061E+15,oct-18,920,YES,2,"$25,300",ene-12,2012,No
2299,1402,Mastercard,Debit,5.69042E+15,jul-22,216,YES,1,"$35,299",mar-12,2012,No
482,1650,Mastercard,Debit,5.79956E+15,ene-20,461,YES,2,"$7,488",ene-20,2020,No
483,1650,Mastercard,Credit,5.65695E+15,jul-21,589,YES,2,"$10,200",ene-20,2020,No
1801,1650,Visa,Credit,4.79472E+15,sep-22,468,NO,2,"$15,300",feb-20,2020,No
3657,354,Visa,Debit,4.62894E+15,may-22,450,YES,1,"$23,798",jul-00,2007,No
1168,354,Mastercard,Debit,5.22625E+15,jun-23,896,YES,1,"$20,859",feb-09,2009,No
2924,354,Discover,Credit,6.8467E+15,jul-07,994,YES,1,"$9,200",may-07,2014,No
4518,354,Mastercard,Debit,5.64511E+15,feb-24,508,YES,1,"$35,681",sep-02,2014,No
4902,354,Amex,Credit,3.971E+14,ago-23,647,YES,1,"$9,000",sep-17,2017,No
3168,354,Visa,Debit,4.2987E+15,ene-21,595,YES,1,"$15,206",may-15,2015,No
4907,314,Mastercard,Credit,5.40881E+15,oct-20,504,YES,2,"$19,800",sep-17,2017,No
1511,1457,Mastercard,Credit,5.01756E+15,feb-24,331,NO,2,"$5,400",feb-20,2020,No
1512,1457,Mastercard,Debit,5.58279E+15,ene-22,82,YES,1,"$15,834",feb-20,2020,No
484,1457,Mastercard,Debit,5.47847E+15,may-20,881,YES,1,"$15,688",ene-20,2020,No
1513,1457,Mastercard,Credit,5.15991E+15,sep-24,479,YES,1,"$12,200",feb-20,2020,No
5519,1613,Mastercard,Credit,5.72095E+15,nov-20,145,YES,1,"$12,500",nov-08,2010,No
4549,1613,Mastercard,Debit,5.43123E+15,abr-22,976,YES,1,"$5,796",sep-04,2011,No
4538,1613,Visa,Debit (Prepaid),4.59051E+15,jun-22,270,YES,2,$109,sep-03,2009,No
1802,1613,Visa,Debit,4.48924E+15,jul-20,557,YES,2,"$15,747",feb-20,2020,No
485,945,Mastercard,Credit,5.58404E+15,abr-21,410,YES,1,"$11,900",ene-20,2020,No
1397,945,Amex,Credit,3.83902E+14,jul-23,353,YES,2,"$12,700",feb-20,2020,No
3983,586,Visa,Credit,4.09543E+15,mar-21,614,YES,2,"$20,300",jul-11,2011,No
1514,586,Mastercard,Debit (Prepaid),5.44711E+15,nov-21,762,YES,1,$75,feb-20,2020,No
1515,586,Mastercard,Debit,5.16177E+15,mar-22,746,NO,1,"$15,163",feb-20,2020,No
3124,586,Visa,Debit,4.95792E+15,nov-22,577,YES,1,"$30,952",may-12,2012,No
5928,119,Mastercard,Debit,5.7366E+15,ene-22,145,YES,2,"$13,177",dic-08,2014,No
5980,119,Visa,Credit,4.28255E+15,mar-19,688,YES,1,"$2,500",dic-09,2009,No
379,119,Mastercard,Debit,5.13821E+15,sep-20,400,NO,2,"$20,819",ene-19,2019,No
3014,1312,Visa,Debit,4.8348E+15,ago-23,389,YES,1,"$10,599",may-09,2010,No
1156,1529,Visa,Debit,4.29405E+15,may-23,325,YES,2,"$38,171",feb-08,2011,No
3927,1529,Mastercard,Debit,5.17921E+15,dic-20,46,YES,1,"$61,324",jul-10,2011,No
4985,1529,Mastercard,Debit,5.21497E+15,abr-16,439,YES,1,"$31,362",oct-03,2010,No
1803,326,Visa,Debit,4.35631E+15,dic-21,452,YES,2,"$15,569",feb-20,2020,No
2326,1596,Mastercard,Debit,5.58967E+15,oct-16,536,YES,1,"$16,398",mar-14,2014,No
21,1596,Visa,Credit,4.26282E+15,jun-12,826,YES,1,"$6,600",ene-01,2010,No
995,1596,Mastercard,Credit,5.12593E+15,oct-22,60,YES,2,"$6,600",feb-02,2007,No
2637,1596,Mastercard,Debit (Prepaid),5.87138E+15,jul-21,254,YES,1,$59,abr-10,2010,No
2958,714,Mastercard,Debit (Prepaid),5.08295E+15,jul-22,776,YES,1,$42,may-08,2014,No
2616,714,Visa,Debit (Prepaid),4.63608E+15,nov-22,931,YES,2,$119,abr-09,2009,No
3720,887,Visa,Debit,4.7646E+15,nov-06,823,YES,2,"$24,250",jul-04,2010,No
1024,887,Visa,Credit,4.11691E+15,abr-24,22,YES,1,"$12,400",feb-03,2013,No
4875,887,Visa,Credit,4.7792E+15,nov-22,322,YES,2,"$6,500",sep-14,2014,No
5997,887,Mastercard,Credit,5.9256E+15,jul-20,209,YES,1,"$13,900",dic-10,2010,No
4006,1425,Mastercard,Debit (Prepaid),5.68616E+15,nov-15,950,YES,2,$100,jul-13,2013,No
1141,1425,Mastercard,Credit,5.26464E+15,mar-22,743,YES,1,"$8,000",feb-08,2010,No
2600,1425,Mastercard,Debit (Prepaid),5.24119E+15,nov-18,876,YES,2,$49,abr-09,2009,No
2851,1425,Discover,Credit,6.77484E+15,ago-20,620,YES,2,"$2,900",may-04,2011,No
3835,1425,Discover,Credit,6.89866E+15,ene-16,21,YES,1,"$10,400",jul-08,2014,No
1015,1425,Mastercard,Debit (Prepaid),5.11902E+15,may-23,793,YES,2,$37,feb-03,2016,No
5929,1425,Mastercard,Debit,5.75175E+15,dic-23,323,NO,2,"$13,606",dic-08,2016,No
5386,1425,Mastercard,Debit,5.8079E+15,mar-24,591,YES,2,"$13,347",nov-03,2007,No
1047,1645,Mastercard,Debit (Prepaid),5.88812E+15,dic-23,444,NO,1,$54,feb-05,2007,No
5878,1645,Mastercard,Debit,5.11598E+15,nov-24,328,NO,2,"$23,402",dic-07,2011,No
778,1645,Visa,Debit,4.75681E+15,may-20,369,NO,2,"$30,393",ene-20,2020,No
2213,1863,Mastercard,Debit,5.12933E+15,ene-22,128,YES,2,"$1,298",mar-09,2012,No
5855,1576,Mastercard,Debit (Prepaid),5.25353E+15,nov-24,565,YES,1,$101,dic-06,2010,No
5821,1576,Visa,Debit (Prepaid),4.58579E+15,sep-20,821,YES,1,$70,dic-04,2007,No
486,1576,Mastercard,Debit,5.40872E+15,jul-22,404,YES,3,"$15,163",ene-20,2020,No
2480,1576,Mastercard,Debit (Prepaid),5.6075E+15,ene-22,70,YES,1,$107,abr-05,2011,No
5169,1576,Visa,Debit,4.88131E+15,oct-09,863,YES,2,"$21,107",oct-09,2009,No
5248,1576,Visa,Debit,4.73693E+15,mar-23,978,YES,1,"$15,807",oct-11,2011,No
380,1576,Mastercard,Debit,5.11363E+15,ago-24,601,YES,2,"$18,689",ene-19,2019,No
2441,1576,Mastercard,Debit,5.75382E+15,ene-18,985,YES,2,"$15,839",abr-03,2010,No
2658,1268,Visa,Credit,4.63698E+15,abr-18,380,YES,2,"$5,900",abr-10,2010,No
4965,1268,Mastercard,Debit,5.96105E+15,jun-22,89,NO,1,"$11,726",oct-02,2011,No
5520,1268,Mastercard,Debit,5.43774E+15,feb-22,753,YES,1,"$13,537",nov-08,2009,No
1804,1268,Visa,Debit,4.67409E+15,jul-22,713,YES,1,"$10,609",feb-20,2020,No
3820,1565,Visa,Credit,4.69117E+15,jun-21,911,YES,2,"$2,000",jul-07,2007,No
3743,1842,Visa,Debit,4.09017E+15,jul-23,593,YES,2,"$4,817",jul-05,2014,No
5426,1842,Mastercard,Credit,5.6932E+15,jul-24,166,YES,2,"$1,300",nov-05,2011,No
1516,664,Mastercard,Debit,5.28347E+15,dic-23,465,YES,1,"$1,684",feb-20,2020,No
1805,664,Visa,Credit,4.41122E+15,sep-24,926,YES,2,"$2,000",feb-20,2020,No
4154,485,Mastercard,Credit,5.98082E+15,abr-22,655,YES,1,"$13,200",ago-05,2009,No
1517,485,Mastercard,Debit,5.83289E+15,nov-21,820,YES,2,"$11,641",feb-20,2020,No
1082,244,Mastercard,Credit,5.30437E+15,feb-24,871,NO,2,"$7,100",feb-06,2011,No
5953,244,Amex,Credit,3.08555E+14,dic-09,606,YES,1,"$8,500",dic-09,2012,No
5521,145,Mastercard,Credit,5.97323E+15,abr-21,257,YES,1,"$6,000",nov-08,2013,No
3575,145,Mastercard,Credit,5.70382E+15,jul-20,263,YES,2,"$2,000",jun-14,2014,No
4058,145,Visa,Debit,4.44682E+15,jun-20,232,YES,2,"$15,240",jul-17,2017,No
2110,866,Mastercard,Debit,5.03662E+15,nov-24,765,YES,2,"$7,272",mar-06,2016,No
1806,866,Visa,Debit,4.40383E+15,sep-22,451,YES,2,"$9,542",feb-20,2020,No
3337,866,Amex,Credit,3.99832E+14,nov-24,984,YES,1,"$4,500",jun-07,2007,No
4710,1424,Mastercard,Credit,5.03395E+15,may-21,76,YES,2,"$8,000",sep-09,2011,No
4876,1424,Visa,Debit (Prepaid),4.03581E+15,ago-21,400,YES,1,$84,sep-14,2014,No
487,1424,Mastercard,Debit,5.00499E+15,mar-20,489,NO,1,"$9,957",ene-20,2020,No
3046,1424,Mastercard,Credit,5.47495E+15,jun-15,533,YES,2,"$8,300",may-10,2015,No
5625,427,Visa,Debit,4.36096E+15,dic-10,641,YES,1,"$11,739",nov-10,2011,No
269,427,Mastercard,Debit (Prepaid),5.53362E+15,sep-22,743,YES,1,$79,ene-11,2011,No
4819,427,Visa,Debit,4.12336E+15,nov-24,574,YES,1,"$11,093",sep-11,2011,No
5210,684,Visa,Debit,4.62379E+15,ago-22,42,YES,2,"$20,447",oct-10,2016,No
3088,684,Discover,Credit,6.21987E+15,nov-22,425,YES,2,"$8,800",may-11,2011,No
2768,684,Mastercard,Debit,5.76294E+15,abr-23,657,YES,1,"$13,946",abr-17,2017,No
6022,684,Visa,Debit,4.94135E+15,jul-20,963,NO,2,"$25,529",dic-10,2010,No
4474,684,Visa,Debit (Prepaid),4.53764E+15,dic-22,450,YES,1,$61,ago-18,2018,No
4908,684,Mastercard,Debit,5.7263E+15,feb-22,912,YES,2,"$17,536",sep-17,2017,No
334,684,Visa,Debit,4.43943E+15,mar-15,568,YES,2,"$20,770",ene-14,2014,No
488,1643,Mastercard,Debit (Prepaid),5.16984E+15,feb-20,821,YES,2,$22,ene-20,2020,No
1337,1300,Mastercard,Debit,5.28094E+15,jul-23,909,YES,1,"$10,691",feb-14,2014,No
2601,1300,Mastercard,Debit (Prepaid),5.66664E+15,ago-10,996,YES,1,$75,abr-09,2009,No
156,1300,Mastercard,Credit,5.0421E+15,jul-22,939,YES,1,"$4,900",ene-08,2011,No
5754,1300,Mastercard,Debit,5.12855E+15,jul-20,95,YES,2,"$14,661",dic-97,2009,No
1518,283,Mastercard,Credit,5.52951E+15,dic-20,568,YES,1,"$6,900",feb-20,2020,No
779,283,Visa,Credit,4.06997E+15,ene-22,328,YES,2,"$5,400",ene-20,2020,No
1519,355,Mastercard,Debit,5.67667E+15,jul-24,869,YES,2,"$2,725",feb-20,2020,No
1387,355,Discover,Credit,6.52594E+15,feb-20,511,YES,2,"$19,600",feb-19,2019,No
3303,1669,Visa,Debit,4.7396E+15,jul-23,48,YES,2,"$2,572",jun-05,2010,No
4359,1669,Mastercard,Credit,5.44529E+15,dic-22,212,YES,2,"$5,000",ago-11,2011,No
2456,1669,Discover,Credit,6.35069E+15,dic-13,840,YES,1,"$10,300",abr-04,2012,No
6097,1669,Amex,Credit,3.68766E+14,jun-18,731,YES,2,"$11,400",dic-14,2014,No
4664,937,Mastercard,Debit,5.56905E+15,feb-20,598,YES,2,"$9,230",sep-08,2013,No
2055,845,Mastercard,Debit,5.03288E+15,jun-24,626,YES,1,"$11,203",mar-04,2008,No
4599,845,Mastercard,Debit,5.63429E+15,feb-21,759,YES,2,"$12,369",sep-06,2010,No
5943,845,Visa,Credit,4.77633E+15,sep-17,925,YES,1,"$7,900",dic-08,2017,No
2855,845,Mastercard,Debit,5.98282E+15,oct-14,390,YES,2,"$20,362",may-04,2012,No
4491,845,Mastercard,Debit,5.35547E+15,may-21,63,YES,2,"$13,529",sep-96,2007,No
1204,1518,Discover,Credit,6.18395E+15,dic-22,831,YES,2,"$16,800",feb-10,2015,No
6083,1518,Discover,Credit,6.67548E+15,oct-22,64,YES,1,"$7,100",dic-13,2013,No
2584,1518,Visa,Credit,4.44453E+15,nov-20,623,YES,1,"$9,600",abr-08,2008,No
2056,1591,Mastercard,Debit (Prepaid),5.92915E+15,abr-21,955,YES,1,$113,mar-04,2008,No
489,1591,Mastercard,Debit,5.59691E+15,abr-20,708,YES,1,"$16,818",ene-20,2020,No
2043,1591,Mastercard,Debit,5.70244E+15,ago-21,137,YES,1,"$12,358",mar-03,2003,No
5919,1591,Amex,Credit,3.13238E+14,oct-11,951,YES,2,"$8,100",dic-08,2012,No
2847,1591,Visa,Credit,4.65471E+15,mar-20,269,YES,2,"$9,800",may-03,2008,No
3967,1591,Mastercard,Debit,5.36295E+15,dic-24,818,YES,2,"$17,332",jul-11,2012,No
1520,1172,Mastercard,Credit,5.49629E+15,nov-21,8,YES,2,"$6,000",feb-20,2020,No
4290,1629,Mastercard,Debit,5.36625E+15,abr-21,515,YES,2,"$18,776",ago-09,2012,No
5249,675,Visa,Credit,4.786E+15,mar-22,965,YES,1,"$9,300",oct-11,2011,No
4454,675,Discover,Credit,6.21089E+15,jun-21,895,YES,2,"$8,000",ago-16,2016,No
4020,675,Mastercard,Debit,5.9658E+15,sep-21,609,NO,1,"$11,194",jul-14,2014,No
5261,675,Visa,Debit,4.33169E+15,abr-23,525,YES,2,"$12,754",oct-12,2012,No
5250,675,Visa,Credit,4.76571E+15,ago-24,983,YES,1,"$9,700",oct-11,2013,No
3116,577,Mastercard,Debit,5.59108E+15,sep-20,615,YES,1,"$17,936",may-12,2012,No
2627,577,Amex,Credit,3.13916E+14,ene-21,852,YES,1,"$8,500",abr-10,2011,No
302,854,Visa,Debit,4.12082E+15,jun-23,110,YES,1,"$24,826",ene-12,2012,No
4121,1261,Visa,Debit,4.63753E+15,mar-20,640,YES,1,"$27,091",ago-03,2018,No
3515,1227,Mastercard,Debit (Prepaid),5.0726E+15,ene-21,519,YES,1,$67,jun-11,2011,No
122,1227,Amex,Credit,3.49565E+14,abr-20,178,NO,1,"$14,600",ene-07,2007,No
3545,1227,Mastercard,Credit,5.92323E+15,nov-21,392,YES,2,"$13,500",jun-12,2012,No
2310,1227,Mastercard,Debit,5.85185E+15,sep-23,71,YES,1,"$27,132",mar-13,2013,No
5602,840,Mastercard,Debit,5.02386E+15,dic-24,457,YES,2,"$10,400",nov-10,2013,No
2083,840,Mastercard,Debit,5.6649E+15,jul-20,500,YES,1,"$43,169",mar-05,2012,No
37,840,Mastercard,Debit,5.4869E+15,oct-23,258,YES,2,"$5,269",ene-03,2016,No
2416,840,Mastercard,Debit,5.82022E+15,dic-24,380,YES,2,"$48,370",abr-01,2011,No
3633,840,Visa,Credit,4.11569E+15,nov-19,996,YES,2,"$17,100",jun-18,2018,No
4992,840,Visa,Debit (Prepaid),4.87656E+15,abr-24,661,YES,1,$65,oct-03,2009,No
3091,733,Mastercard,Debit,5.90415E+15,dic-20,277,YES,2,"$2,656",may-11,2015,No
2529,733,Mastercard,Credit,5.7702E+15,oct-24,676,YES,2,"$7,800",abr-07,2011,No
3707,733,Discover,Credit,6.68921E+15,mar-20,740,YES,1,"$13,400",jul-04,2005,No
1048,733,Mastercard,Debit,5.9116E+15,ago-23,315,NO,1,"$16,726",feb-05,2020,No
2098,454,Visa,Debit,4.75096E+15,dic-24,269,YES,1,"$30,162",mar-05,2010,No
4767,454,Mastercard,Debit,5.77636E+15,oct-10,394,YES,1,"$19,970",sep-10,2010,No
5735,454,Mastercard,Debit,5.72313E+15,may-24,268,YES,1,"$31,199",nov-18,2018,No
5456,454,Mastercard,Debit,5.91686E+15,oct-24,827,YES,2,"$14,983",nov-06,2010,No
5287,454,Mastercard,Debit,5.82678E+15,oct-14,629,YES,2,"$18,491",oct-14,2014,No
2201,961,Visa,Debit,4.57552E+15,ago-21,618,YES,2,"$23,094",mar-08,2011,No
4584,961,Visa,Credit,4.58719E+15,oct-22,166,YES,1,"$18,300",sep-05,2005,No
1389,961,Mastercard,Debit,5.67298E+15,feb-24,676,YES,1,"$31,907",feb-19,2019,No
2202,961,Visa,Debit,4.30624E+15,oct-20,588,YES,2,"$32,761",mar-08,2008,No
4665,768,Mastercard,Debit,5.35917E+15,abr-24,84,YES,1,"$11,105",sep-08,2009,No
490,817,Mastercard,Debit,5.77849E+15,ago-21,852,YES,2,"$32,267",ene-20,2020,No
491,817,Mastercard,Debit,5.51797E+15,sep-21,792,YES,1,"$30,670",ene-20,2020,No
5910,78,Visa,Debit (Prepaid),4.74935E+15,ene-17,556,YES,2,$83,dic-07,2007,No
1157,1334,Visa,Debit,4.50955E+15,jul-20,152,YES,1,"$13,821",feb-08,2009,No
2866,1334,Visa,Credit,4.72303E+15,may-21,423,YES,1,"$14,400",may-04,2010,No
3761,1334,Mastercard,Credit,5.70063E+15,oct-10,713,YES,1,"$13,300",jul-06,2007,No
209,1334,Visa,Credit,4.14493E+15,ago-14,312,NO,1,"$9,300",ene-09,2009,No
3968,1610,Mastercard,Debit,5.67829E+15,ago-22,15,YES,1,"$8,580",jul-11,2011,No
5879,1610,Mastercard,Credit,5.77105E+15,oct-23,53,YES,2,"$6,600",dic-07,2008,No
2585,108,Visa,Debit,4.46663E+15,jun-14,238,YES,1,"$12,783",abr-08,2010,No
1299,108,Mastercard,Debit,5.08514E+15,may-21,100,YES,2,"$14,321",feb-12,2012,No
4070,108,Visa,Debit,4.81403E+15,dic-20,804,YES,2,"$14,488",jul-18,2018,No
780,108,Visa,Debit,4.03173E+15,ene-20,126,NO,1,"$16,116",ene-20,2020,No
4972,1308,Visa,Credit,4.90099E+15,jul-21,24,YES,2,"$14,800",oct-02,2012,No
6023,780,Visa,Debit (Prepaid),4.12999E+15,jul-21,8,YES,2,$43,dic-10,2011,No
1375,1340,Visa,Debit,4.24991E+15,jul-24,892,YES,2,"$36,546",feb-17,2017,No
3272,1340,Mastercard,Debit,5.05611E+15,ago-21,165,YES,1,"$18,462",jun-04,2007,No
2954,1340,Amex,Credit,3.29809E+14,jun-21,259,NO,1,"$13,300",may-08,2013,No
2178,1340,Mastercard,Debit (Prepaid),5.26056E+15,ago-20,729,YES,2,$36,mar-08,2018,No
6035,1340,Amex,Credit,3.94844E+14,sep-23,682,YES,2,"$11,200",dic-11,2011,No
1016,1888,Mastercard,Debit,5.55235E+15,feb-20,588,YES,2,"$30,074",feb-03,2006,No
1017,1888,Mastercard,Debit,5.61335E+15,may-16,681,YES,1,"$7,589",feb-03,2011,No
1169,1888,Mastercard,Debit,5.21075E+15,dic-14,402,NO,2,"$27,112",feb-09,2015,No
2179,247,Mastercard,Credit,5.76598E+15,feb-21,740,YES,1,"$16,700",mar-08,2008,No
1240,247,Visa,Debit,4.04589E+15,jul-13,54,YES,2,"$24,968",feb-10,2010,No
4155,247,Mastercard,Debit,5.71163E+15,ene-12,577,YES,2,"$16,751",ago-05,2010,No
5191,247,Mastercard,Debit,5.04758E+15,jul-21,601,YES,2,"$12,852",oct-10,2012,No
2137,247,Discover,Credit,6.97372E+15,nov-23,526,NO,2,"$10,200",mar-07,2010,No
2084,247,Mastercard,Debit,5.58458E+15,dic-06,331,YES,1,"$21,922",mar-05,2011,No
781,238,Visa,Credit,4.60564E+15,may-22,245,YES,2,"$5,600",ene-20,2020,No
3762,915,Mastercard,Debit,5.92777E+15,dic-06,774,YES,2,"$9,609",jul-06,2008,No
492,1927,Mastercard,Debit (Prepaid),5.80347E+15,ene-20,940,YES,1,$62,ene-20,2020,No
5647,1927,Mastercard,Debit,5.79614E+15,may-18,474,YES,2,"$12,194",nov-11,2011,No
493,1658,Mastercard,Debit,5.87572E+15,ene-20,798,YES,2,"$12,636",ene-20,2020,No
782,1658,Visa,Credit,4.35153E+15,feb-20,164,YES,1,$0,ene-20,2020,No
1170,1208,Mastercard,Debit,5.08469E+15,feb-20,476,YES,2,"$8,024",feb-09,2012,No
2203,1208,Visa,Debit,4.37245E+15,nov-20,569,YES,2,"$8,902",mar-08,2008,No
2449,1208,Visa,Debit,4.18359E+15,nov-20,323,NO,2,"$8,081",abr-03,2011,No
494,1255,Mastercard,Debit,5.82693E+15,jun-23,803,YES,1,"$9,773",ene-20,2020,No
1521,1255,Mastercard,Debit,5.04061E+15,dic-23,98,YES,1,"$13,130",feb-20,2020,No
495,85,Mastercard,Debit,5.33562E+15,oct-23,617,YES,2,"$9,953",ene-20,2020,No
3923,1382,Amex,Credit,3.02129E+14,nov-21,236,YES,1,"$9,000",jul-10,2015,No
2838,1382,Mastercard,Debit,5.94777E+15,oct-24,760,YES,2,"$11,415",may-03,2013,No
5262,1382,Visa,Credit,4.37136E+15,may-22,931,YES,2,"$1,900",oct-12,2012,No
1110,1382,Mastercard,Debit (Prepaid),5.51775E+15,ene-17,251,YES,1,$54,feb-07,2008,No
1522,1932,Mastercard,Debit,5.05018E+15,jul-21,518,YES,1,$405,feb-20,2020,No
1210,1217,Mastercard,Debit,5.2283E+15,mar-11,82,NO,1,"$23,907",feb-10,2010,No
5030,1217,Visa,Credit,4.96333E+15,jun-22,180,YES,2,"$15,500",oct-05,2010,No
4086,1217,Visa,Debit,4.54057E+15,ago-20,540,YES,2,"$3,415",ago-96,2012,No
1123,514,Visa,Credit,4.66297E+15,abr-23,240,YES,2,"$8,500",feb-07,2007,No
2155,514,Visa,Debit,4.1704E+15,mar-20,831,YES,2,"$11,473",mar-07,2008,No
5759,514,Mastercard,Debit,5.56841E+15,jul-22,187,YES,3,"$23,932",dic-99,2011,No
4322,514,Mastercard,Debit,5.30475E+15,ago-13,249,YES,1,"$9,614",ago-10,2010,No
5959,232,Mastercard,Debit,5.76168E+15,feb-20,725,YES,1,"$58,709",dic-09,2009,No
2214,232,Mastercard,Debit (Prepaid),5.82802E+15,ene-16,350,YES,1,$98,mar-09,2009,No
3125,232,Visa,Debit,4.24734E+15,jul-22,598,YES,1,"$24,401",may-12,2012,No
4174,445,Mastercard,Debit,5.47223E+15,ene-16,726,YES,1,"$3,628",ago-06,2013,No
1807,1206,Visa,Debit,4.18292E+15,feb-20,603,YES,1,"$47,359",feb-20,2020,No
244,1206,Visa,Debit,4.86608E+15,may-10,1,YES,2,"$41,205",ene-10,2010,No
194,1206,Mastercard,Credit,5.32888E+15,mar-16,847,YES,2,"$17,400",ene-09,2010,No
4469,1276,Mastercard,Debit,5.78523E+15,abr-22,851,YES,1,"$17,688",ago-18,2018,No
5076,1276,Mastercard,Credit,5.05618E+15,oct-21,183,YES,1,"$15,000",oct-07,2013,No
996,1276,Mastercard,Debit,5.1921E+15,mar-23,276,YES,2,"$27,075",feb-02,2015,No
5954,1276,Discover,Credit,6.09905E+15,abr-22,120,YES,1,"$13,700",dic-09,2010,No
2009,1276,Mastercard,Credit,5.73078E+15,abr-24,910,YES,1,"$19,000",mar-98,2016,No
193,875,Discover,Credit,6.67075E+15,abr-14,213,NO,2,"$14,300",ene-09,2010,No
3495,875,Visa,Credit,4.01666E+15,may-24,840,YES,1,"$7,600",jun-10,2010,No
2380,875,Mastercard,Debit,5.83549E+15,nov-20,203,NO,1,"$13,788",mar-19,2019,No
496,875,Mastercard,Debit,5.94282E+15,ago-22,408,YES,1,"$20,801",ene-20,2020,No
2684,1546,Visa,Debit,4.48321E+15,jun-24,339,YES,2,"$19,015",abr-11,2011,No
245,1546,Visa,Debit,4.03048E+15,jul-13,437,YES,2,"$2,181",ene-10,2011,No
5504,1546,Visa,Credit,4.95205E+15,may-23,167,YES,2,"$6,400",nov-07,2007,No
6024,1546,Visa,Debit (Prepaid),4.98573E+15,jul-11,408,YES,2,$78,dic-10,2011,No
497,422,Mastercard,Debit (Prepaid),5.35279E+15,ene-24,196,NO,2,$63,ene-20,2020,No
1523,422,Mastercard,Debit,5.76472E+15,ago-23,350,NO,1,"$12,907",feb-20,2020,No
498,422,Mastercard,Credit,5.64912E+15,may-22,123,YES,1,"$6,500",ene-20,2020,No
1441,422,Discover,Credit,6.90556E+15,nov-24,902,YES,1,"$7,100",feb-20,2020,No
3380,519,Mastercard,Debit,5.16774E+15,feb-20,35,YES,1,"$12,353",jun-08,2008,No
4390,519,Mastercard,Debit (Prepaid),5.48313E+15,may-20,139,YES,2,$65,ago-12,2012,No
3555,519,Visa,Debit (Prepaid),4.03146E+15,abr-18,0,YES,1,$72,jun-12,2012,No
3173,519,Mastercard,Debit,5.6088E+15,ene-24,653,YES,2,"$18,526",may-16,2016,No
2867,1408,Visa,Debit,4.75176E+15,dic-23,978,YES,2,"$6,513",may-04,2013,No
5522,1408,Mastercard,Debit,5.82792E+15,ago-20,665,YES,1,"$5,044",nov-08,2008,No
3821,1204,Visa,Debit,4.96484E+15,ago-23,692,NO,2,"$25,079",jul-07,2008,No
2788,1204,Visa,Debit,4.78646E+15,abr-24,463,YES,1,"$39,578",abr-19,2019,No
210,1204,Visa,Debit,4.78011E+15,oct-22,498,YES,1,"$36,641",ene-09,2009,No
783,276,Visa,Debit,4.73219E+15,nov-23,875,YES,1,"$1,083",ene-20,2020,No
1524,276,Mastercard,Debit,5.57997E+15,mar-21,908,YES,1,"$9,628",feb-20,2020,No
392,1133,Amex,Credit,3.64782E+14,sep-24,787,YES,2,"$13,500",ene-20,2020,No
5211,1133,Visa,Debit,4.33285E+15,may-19,247,YES,2,"$12,512",oct-10,2012,No
2586,1133,Visa,Debit,4.8742E+15,abr-23,234,YES,2,"$21,442",abr-08,2015,No
195,1133,Mastercard,Debit (Prepaid),5.49191E+15,abr-24,256,YES,2,$69,ene-09,2013,No
784,1035,Visa,Debit,4.12343E+15,jun-22,929,NO,2,"$22,700",ene-20,2020,No
1808,1035,Visa,Debit (Prepaid),4.47738E+15,feb-20,256,YES,2,$60,feb-20,2020,No
4688,710,Visa,Debit (Prepaid),4.29158E+15,jul-21,284,NO,2,$80,sep-08,2013,No
3155,710,Visa,Credit,4.97744E+15,oct-23,725,YES,1,"$1,300",may-14,2014,No
4395,710,Visa,Debit,4.08383E+15,sep-19,35,YES,1,"$40,984",ago-12,2012,No
5233,582,Mastercard,Debit,5.00064E+15,ene-16,949,YES,1,"$19,536",oct-11,2014,No
2010,582,Mastercard,Debit,5.70695E+15,feb-09,808,YES,1,"$9,044",mar-99,2013,No
3634,582,Visa,Credit,4.88013E+15,may-24,582,NO,2,"$12,500",jun-18,2018,No
5880,821,Mastercard,Debit,5.70935E+15,sep-21,841,YES,2,"$2,338",dic-07,2016,No
6131,821,Amex,Credit,3.4025E+14,jul-24,789,YES,1,"$3,900",dic-17,2017,No
59,1352,Visa,Debit,4.96993E+15,nov-19,728,YES,2,"$12,528",ene-04,2012,No
2403,1352,Mastercard,Debit,5.06599E+15,mar-20,444,YES,2,"$19,756",abr-99,2013,No
5355,1352,Mastercard,Debit,5.07415E+15,oct-99,15,YES,1,"$2,042",nov-98,2008,No
3286,831,Discover,Credit,6.343E+15,jun-20,991,YES,1,"$8,300",jun-05,2013,No
4156,831,Mastercard,Debit,5.17699E+15,abr-22,744,YES,2,"$8,571",ago-05,2015,No
499,936,Mastercard,Debit,5.1936E+15,ago-20,655,YES,1,"$19,369",ene-20,2020,No
785,936,Visa,Debit (Prepaid),4.65117E+15,jul-24,135,YES,1,$70,ene-20,2020,No
1525,936,Mastercard,Debit,5.16933E+15,oct-20,927,YES,1,"$15,127",feb-20,2020,No
425,936,Discover,Credit,6.57573E+15,mar-22,371,YES,1,"$9,400",ene-20,2020,No
1809,936,Visa,Credit,4.25467E+15,jun-22,566,YES,2,"$5,400",feb-20,2020,No
3312,578,Mastercard,Debit,5.63923E+15,jun-06,482,YES,1,"$17,167",jun-06,2007,No
4807,1997,Mastercard,Debit,5.97452E+15,ago-20,89,YES,1,"$25,048",sep-11,2011,No
5786,1997,Amex,Credit,3.73197E+14,ago-22,333,YES,1,"$25,600",dic-03,2009,No
3343,1997,Mastercard,Debit,5.14508E+15,jul-20,818,YES,2,"$17,257",jun-07,2007,No
2481,1997,Mastercard,Debit,5.44625E+15,feb-22,977,NO,2,"$31,829",abr-05,2020,No
5106,1997,Mastercard,Debit,5.13886E+15,sep-14,695,YES,2,"$3,991",oct-08,2013,No
5457,1997,Mastercard,Debit,5.45084E+15,may-24,172,YES,2,"$3,991",nov-06,2013,No
5808,1997,Mastercard,Debit,5.95784E+15,ene-24,232,YES,2,"$34,953",dic-04,2011,No
1378,258,Mastercard,Debit,5.2005E+15,nov-21,790,YES,1,"$21,726",feb-18,2018,No
3197,258,Visa,Debit,4.4106E+15,ago-20,468,YES,1,"$15,063",may-17,2017,No
500,258,Mastercard,Debit,5.97925E+15,ene-20,949,YES,1,"$12,596",ene-20,2020,No
2912,851,Visa,Debit,4.97778E+15,ene-09,467,NO,2,"$6,335",may-06,2020,No
4243,851,Mastercard,Debit (Prepaid),5.95326E+15,abr-14,328,YES,1,$43,ago-08,2013,No
3613,851,Visa,Credit,4.45348E+15,ene-20,438,YES,2,"$8,100",jun-16,2016,No
1241,851,Visa,Credit,4.48465E+15,abr-23,400,YES,2,"$8,900",feb-10,2010,No
4148,1951,Amex,Credit,3.97409E+14,ene-24,358,YES,1,"$16,000",ago-05,2008,No
4157,1951,Mastercard,Debit,5.13132E+15,abr-11,260,YES,2,"$19,304",ago-05,2010,No
3360,1951,Visa,Debit,4.66754E+15,oct-20,724,YES,2,"$36,548",jun-07,2015,No
1142,1951,Mastercard,Debit,5.4947E+15,dic-23,105,YES,1,"$10,354",feb-08,2010,No
3188,1951,Discover,Credit,6.05998E+15,ago-24,661,YES,1,"$8,000",may-17,2017,No
501,1978,Mastercard,Debit,5.07013E+15,ene-20,795,YES,2,"$1,559",ene-20,2020,No
1526,1978,Mastercard,Debit,5.29337E+15,feb-20,489,YES,1,"$15,100",feb-20,2020,No
4948,1897,Mastercard,Debit,5.69537E+15,dic-23,110,YES,1,"$51,302",oct-01,2010,No
3690,1897,Mastercard,Debit (Prepaid),5.72725E+15,sep-14,184,YES,1,$80,jul-03,2010,No
4337,972,Visa,Credit,4.61378E+15,oct-21,881,YES,1,"$15,800",ago-10,2012,No
6052,972,Visa,Credit,4.34983E+15,nov-20,209,YES,1,"$16,800",dic-11,2011,No
4166,972,Visa,Debit,4.83155E+15,nov-21,45,NO,1,"$2,508",ago-05,2012,No
5689,972,Visa,Credit,4.0301E+15,dic-22,924,NO,2,"$2,600",nov-13,2013,No
2482,1010,Mastercard,Debit,5.59884E+15,may-22,590,YES,1,"$4,851",abr-05,2020,No
3047,1243,Mastercard,Credit,5.68844E+15,jun-23,723,YES,1,"$7,300",may-10,2011,No
3884,1243,Mastercard,Debit,5.78788E+15,mar-24,137,YES,1,"$18,540",jul-09,2009,No
3928,1243,Mastercard,Debit,5.14575E+15,feb-14,37,NO,2,"$4,072",jul-10,2010,No
1527,1243,Mastercard,Debit,5.86787E+15,feb-20,278,YES,1,"$1,744",feb-20,2020,No
3885,1243,Mastercard,Debit (Prepaid),5.23302E+15,ene-14,561,YES,2,$33,jul-09,2013,No
2327,1976,Mastercard,Debit,5.90514E+15,feb-20,324,YES,1,"$17,767",mar-14,2014,No
4847,1976,Mastercard,Debit (Prepaid),5.3762E+15,nov-22,419,YES,1,$57,sep-13,2013,No
4338,1976,Visa,Debit,4.07807E+15,may-22,725,YES,1,"$23,011",ago-10,2010,No
1171,1976,Mastercard,Debit,5.32054E+15,oct-23,66,YES,1,"$21,160",feb-09,2009,No
502,1976,Mastercard,Debit,5.31858E+15,dic-21,914,NO,2,"$21,291",ene-20,2020,No
2784,91,Visa,Credit,4.90598E+15,oct-20,543,YES,1,"$19,100",abr-18,2018,No
2790,1606,Mastercard,Debit,5.28578E+15,mar-20,790,YES,2,"$7,834",may-96,2012,No
2735,1201,Visa,Debit,4.56315E+15,dic-20,510,YES,2,"$38,317",abr-14,2014,No
16,1201,Visa,Debit,4.81727E+15,oct-23,706,YES,2,"$55,693",ene-00,2006,No
4793,1201,Visa,Debit,4.42342E+15,nov-20,362,YES,1,"$40,710",sep-10,2010,No
2744,1201,Mastercard,Debit,5.61428E+15,dic-24,906,YES,2,"$61,355",abr-15,2015,No
503,1887,Mastercard,Credit,5.72399E+15,feb-20,298,YES,1,"$5,300",ene-20,2020,No
504,1887,Mastercard,Credit,5.56861E+15,jun-22,926,YES,1,"$15,800",ene-20,2020,No
505,195,Mastercard,Debit,5.80956E+15,ene-20,643,YES,1,"$26,219",ene-20,2020,No
1442,195,Discover,Credit,6.64938E+15,feb-20,898,YES,1,"$20,400",feb-20,2020,No
1528,874,Mastercard,Debit,5.57858E+15,mar-20,532,YES,1,"$28,066",feb-20,2020,No
786,874,Visa,Credit,4.99578E+15,jun-24,153,NO,2,"$19,500",ene-20,2020,No
506,874,Mastercard,Credit,5.61893E+15,abr-20,47,YES,1,"$15,100",ene-20,2020,No
5790,1317,Mastercard,Debit,5.50439E+15,sep-22,389,YES,1,"$9,059",dic-03,2008,No
3576,1317,Mastercard,Credit,5.76519E+15,mar-24,244,YES,2,"$6,300",jun-14,2014,No
4909,1317,Mastercard,Debit,5.04959E+15,dic-17,287,YES,1,"$12,793",sep-17,2017,No
1529,1317,Mastercard,Credit,5.17105E+15,may-20,472,YES,1,"$7,800",feb-20,2020,No
1280,1311,Visa,Credit,4.30434E+15,oct-22,38,YES,1,"$14,000",feb-11,2011,No
1530,785,Mastercard,Debit (Prepaid),5.80281E+15,feb-23,374,NO,1,$80,feb-20,2020,No
507,785,Mastercard,Credit,5.18204E+15,dic-24,533,YES,1,"$15,400",ene-20,2020,No
2638,662,Mastercard,Debit,5.17859E+15,abr-21,647,YES,2,"$28,747",abr-10,2010,No
3092,662,Mastercard,Debit (Prepaid),5.41968E+15,jul-21,690,YES,2,$110,may-11,2011,No
5107,847,Mastercard,Debit (Prepaid),5.20755E+15,abr-22,310,YES,2,$112,oct-08,2012,No
3416,847,Discover,Credit,6.13334E+15,dic-10,252,NO,2,"$9,700",jun-09,2011,No
5581,847,Visa,Credit,4.01308E+15,oct-13,359,YES,1,"$8,600",nov-09,2014,No
987,847,Mastercard,Debit (Prepaid),5.58248E+15,oct-04,949,YES,2,$43,feb-01,2012,No
5998,847,Mastercard,Debit,5.16068E+15,abr-15,716,YES,2,"$19,629",dic-10,2011,No
4531,847,Mastercard,Credit,5.35073E+15,abr-21,29,YES,2,"$3,400",sep-03,2008,No
1531,685,Mastercard,Debit,5.20829E+15,ene-22,668,YES,2,"$20,769",feb-20,2020,No
1398,685,Amex,Credit,3.825E+14,dic-22,443,YES,2,"$12,100",feb-20,2020,No
1532,685,Mastercard,Debit,5.56821E+15,jun-23,658,YES,1,"$16,371",feb-20,2020,No
1533,685,Mastercard,Credit,5.31698E+15,oct-20,145,YES,1,"$12,500",feb-20,2020,No
1534,685,Mastercard,Debit,5.54842E+15,feb-20,573,YES,1,"$18,976",feb-20,2020,No
508,685,Mastercard,Debit,5.31938E+15,feb-20,205,YES,2,"$30,119",ene-20,2020,No
2354,617,Mastercard,Debit,5.12415E+15,jul-22,255,YES,2,"$26,147",mar-16,2016,No
1810,23,Visa,Debit (Prepaid),4.14059E+15,feb-20,914,YES,2,$74,feb-20,2020,No
787,339,Visa,Credit,4.09896E+15,ene-24,427,YES,1,"$7,100",ene-20,2020,No
1811,339,Visa,Debit,4.72899E+15,may-21,894,YES,2,"$13,964",feb-20,2020,No
1062,280,Visa,Credit,4.91423E+15,nov-20,149,YES,2,"$12,000",feb-05,2013,No
5856,280,Mastercard,Debit,5.50335E+15,jul-21,281,YES,2,"$14,710",dic-06,2016,No
2959,280,Mastercard,Credit,5.62562E+15,feb-24,413,NO,2,"$5,600",may-08,2011,No
123,280,Amex,Credit,3.4069E+14,may-07,921,YES,1,"$13,600",ene-07,2009,No
2826,280,Mastercard,Debit,5.83626E+15,ene-23,124,YES,2,"$14,592",may-02,2018,No
4404,1473,Mastercard,Debit,5.14402E+15,mar-24,991,YES,1,"$16,791",ago-13,2013,No
3839,1473,Mastercard,Debit,5.40171E+15,sep-24,387,YES,1,"$15,909",jul-08,2008,No
1535,1473,Mastercard,Debit,5.09044E+15,jun-22,678,NO,2,"$13,466",feb-20,2020,No
5108,65,Mastercard,Debit,5.42751E+15,nov-20,476,YES,2,"$5,066",oct-08,2016,No
4585,65,Visa,Debit,4.27073E+15,sep-24,431,YES,2,"$13,452",sep-05,2012,No
788,1353,Visa,Debit,4.60936E+15,ene-20,250,YES,1,"$17,652",ene-20,2020,No
3156,1353,Visa,Debit,4.09236E+15,jul-18,548,YES,1,"$22,566",may-14,2014,No
1536,1353,Mastercard,Debit (Prepaid),5.73976E+15,ene-23,543,YES,2,$101,feb-20,2020,No
4200,1353,Mastercard,Debit,5.88417E+15,feb-09,380,YES,1,"$17,860",ago-07,2010,No
1812,1353,Visa,Debit,4.73913E+15,dic-24,840,YES,1,"$13,635",feb-20,2020,No
3725,1353,Amex,Credit,3.40363E+14,oct-24,357,YES,1,"$12,800",jul-05,2014,No
966,1353,Mastercard,Debit,5.13466E+15,abr-22,682,YES,1,"$12,076",feb-99,2012,No
1537,736,Mastercard,Credit,5.42845E+15,may-24,692,YES,1,"$13,500",feb-20,2020,No
509,736,Mastercard,Debit (Prepaid),5.16668E+15,nov-24,462,YES,1,$38,ene-20,2020,No
510,736,Mastercard,Debit (Prepaid),5.58243E+15,sep-24,397,YES,2,$100,ene-20,2020,No
4482,1670,Visa,Debit,4.01166E+15,ene-23,523,YES,1,"$24,501",ago-19,2019,No
3304,1670,Visa,Credit,4.28182E+15,nov-20,956,YES,1,"$15,100",jun-05,2011,No
5809,1670,Mastercard,Debit,5.5373E+15,jul-23,933,YES,2,"$14,709",dic-04,2013,No
5603,1670,Mastercard,Debit,5.77035E+15,ago-20,914,NO,1,"$45,782",nov-10,2015,No
511,1776,Mastercard,Debit,5.08955E+15,feb-20,625,YES,2,"$18,292",ene-20,2020,No
4938,1776,Amex,Credit,3.57732E+14,may-20,270,YES,1,"$13,400",oct-99,2012,No
3596,1776,Visa,Credit,4.76096E+15,may-21,81,YES,2,"$11,100",jun-15,2015,No
1813,1474,Visa,Debit,4.55938E+15,ene-23,791,YES,1,"$33,397",feb-20,2020,No
2032,951,Mastercard,Debit (Prepaid),5.97823E+15,ago-17,310,YES,1,$80,mar-02,2008,No
2942,951,Visa,Credit,4.60996E+15,mar-23,512,YES,2,"$5,400",may-07,2013,No
2628,951,Amex,Credit,3.71781E+14,jun-21,461,YES,2,"$11,000",abr-10,2010,No
3330,951,Visa,Debit,4.71728E+15,mar-12,268,YES,1,"$8,374",jun-06,2010,No
3418,1818,Mastercard,Debit,5.63082E+15,mar-21,160,YES,2,"$23,691",jun-09,2015,No
2259,1818,Visa,Debit,4.53609E+15,dic-23,783,YES,2,"$15,817",mar-10,2013,No
4711,1818,Mastercard,Debit,5.40388E+15,jun-24,553,YES,2,"$36,912",sep-09,2015,No
1814,1450,Visa,Debit,4.7523E+15,sep-21,511,YES,2,"$36,976",feb-20,2020,No
512,1524,Mastercard,Debit,5.29841E+15,jun-22,451,YES,1,"$52,121",ene-20,2020,No
367,1789,Mastercard,Debit,5.96988E+15,mar-24,832,YES,1,"$12,564",ene-18,2018,No
5130,1789,Visa,Debit,4.71938E+15,may-21,716,YES,1,"$15,981",oct-08,2008,No
5911,767,Visa,Debit,4.4659E+15,dic-07,172,YES,2,"$12,758",dic-07,2011,No
513,767,Mastercard,Debit (Prepaid),5.99802E+15,ene-20,259,YES,2,$24,ene-20,2020,No
2111,767,Mastercard,Debit,5.75383E+15,oct-17,195,YES,2,"$13,209",mar-06,2012,No
514,678,Mastercard,Debit,5.84566E+15,sep-24,157,YES,1,"$11,254",ene-20,2020,No
3577,678,Mastercard,Debit,5.8152E+15,may-24,528,YES,2,"$16,703",jun-14,2014,No
3040,678,Discover,Credit,6.86308E+15,nov-20,357,YES,2,"$7,300",may-10,2010,No
1300,678,Mastercard,Credit,5.19036E+15,ago-22,377,YES,2,"$8,600",feb-12,2012,No
960,471,Visa,Debit,4.43509E+15,oct-13,429,YES,1,"$17,173",feb-97,2014,No
4415,471,Visa,Credit,4.61028E+15,mar-20,340,YES,2,"$22,000",ago-13,2013,No
5402,471,Mastercard,Debit,5.40217E+15,nov-09,383,YES,1,"$29,739",nov-04,2008,No
3048,757,Mastercard,Debit,5.60485E+15,feb-20,942,YES,2,"$12,905",may-10,2010,No
4175,757,Mastercard,Debit,5.30417E+15,oct-22,603,YES,2,$447,ago-06,2015,No
5458,757,Mastercard,Debit,5.0182E+15,feb-14,623,YES,1,"$22,100",nov-06,2009,No
3947,757,Visa,Debit,4.3645E+15,mar-24,787,YES,2,"$7,616",jul-10,2010,No
515,1724,Mastercard,Debit,5.82053E+15,jul-21,136,YES,1,"$17,665",ene-20,2020,No
5337,1724,Mastercard,Debit,5.69389E+15,sep-24,794,YES,1,"$12,551",oct-19,2019,No
1399,1724,Amex,Credit,3.29885E+14,may-22,818,YES,2,"$7,400",feb-20,2020,No
1313,1603,Mastercard,Debit,5.49561E+15,jun-24,810,YES,2,"$14,223",feb-13,2013,No
2138,1603,Discover,Credit,6.43993E+15,mar-12,549,NO,1,"$11,200",mar-07,2007,No
2381,1603,Mastercard,Credit,5.90318E+15,feb-20,618,YES,1,"$14,000",mar-19,2019,No
5981,1603,Visa,Debit (Prepaid),4.98284E+15,sep-22,119,YES,2,$79,dic-09,2009,No
1815,224,Visa,Debit,4.25448E+15,feb-20,642,YES,2,"$13,547",feb-20,2020,No
1538,808,Mastercard,Debit,5.36611E+15,jun-22,691,YES,1,"$12,626",feb-20,2020,No
3969,808,Mastercard,Debit,5.55963E+15,jul-24,138,YES,2,"$17,042",jul-11,2011,No
3516,808,Mastercard,Debit,5.86899E+15,ene-24,849,YES,2,"$11,930",jun-11,2011,No
5427,1326,Mastercard,Debit,5.92134E+15,dic-13,630,YES,2,"$10,442",nov-05,2005,No
5561,1326,Mastercard,Debit,5.57606E+15,ago-23,200,YES,2,"$23,296",nov-09,2014,No
5212,158,Visa,Debit,4.4367E+15,jun-15,894,YES,1,"$19,555",oct-10,2010,No
516,158,Mastercard,Debit,5.21792E+15,feb-20,902,YES,1,"$22,310",ene-20,2020,No
5722,1928,Mastercard,Credit,5.50355E+15,feb-21,850,NO,1,"$14,800",nov-16,2016,No
2434,1928,Visa,Credit,4.66939E+15,mar-20,661,YES,2,"$11,300",abr-02,2011,No
2442,1928,Mastercard,Debit (Prepaid),5.24111E+15,sep-22,740,YES,1,$31,abr-03,2010,No
4493,1928,Mastercard,Debit,5.62294E+15,may-24,799,YES,1,"$24,090",sep-98,2009,No
2112,1575,Mastercard,Debit,5.70017E+15,may-11,638,YES,1,"$18,138",mar-06,2008,No
3635,1575,Visa,Debit (Prepaid),4.32395E+15,may-23,830,YES,3,$74,jun-18,2018,No
224,1575,Mastercard,Debit,5.10715E+15,jun-21,365,YES,1,"$23,016",ene-10,2010,No
5582,1575,Visa,Debit,4.75306E+15,feb-20,352,YES,2,"$35,791",nov-09,2009,No
1539,1608,Mastercard,Debit,5.6049E+15,jul-22,330,YES,1,"$15,116",feb-20,2020,No
5843,1455,Visa,Credit,4.09669E+15,ago-22,25,YES,1,"$8,000",dic-05,2011,No
1386,1455,Amex,Credit,3.4916E+14,ene-23,386,YES,2,"$2,200",feb-19,2019,No
789,1455,Visa,Credit,4.53828E+15,oct-24,387,YES,1,"$6,800",ene-20,2020,No
2960,1455,Mastercard,Debit,5.73844E+15,mar-20,798,YES,1,$427,may-08,2010,No
997,1916,Mastercard,Debit,5.36164E+15,feb-02,26,YES,1,"$22,112",feb-02,2010,No
4863,1916,Visa,Debit,4.81537E+15,abr-18,733,YES,2,"$10,211",sep-13,2013,No
5077,1916,Mastercard,Debit,5.36372E+15,dic-08,937,YES,1,"$11,940",oct-07,2011,No
2395,1916,Visa,Credit,4.23425E+15,sep-21,115,YES,1,"$7,400",abr-94,2010,No
3305,1916,Visa,Debit (Prepaid),4.54118E+15,feb-21,768,NO,1,$64,jun-05,2014,No
2856,1916,Mastercard,Debit,5.07903E+15,dic-22,402,YES,2,"$7,343",may-04,2013,No
3258,1916,Visa,Credit,4.49441E+15,ene-23,670,YES,1,"$5,500",jun-03,2010,No
157,1617,Mastercard,Debit,5.90751E+15,ene-14,855,YES,2,"$3,843",ene-08,2009,No
517,143,Mastercard,Debit (Prepaid),5.71096E+15,feb-20,91,YES,2,$72,ene-20,2020,No
1540,143,Mastercard,Debit,5.96961E+15,feb-20,729,YES,1,"$21,227",feb-20,2020,No
1541,143,Mastercard,Debit,5.18354E+15,may-22,754,YES,1,"$21,943",feb-20,2020,No
5003,1176,Mastercard,Debit,5.27466E+15,abr-20,436,YES,2,"$47,833",oct-04,2010,No
2712,1176,Amex,Credit,3.37117E+14,sep-18,164,NO,2,"$13,400",abr-13,2013,No
2629,1176,Amex,Credit,3.39154E+14,sep-10,909,YES,1,"$21,700",abr-10,2010,No
5270,1194,Mastercard,Debit,5.48985E+15,may-22,32,YES,2,"$19,122",oct-13,2013,No
3644,1194,Visa,Debit,4.31274E+15,nov-19,556,YES,2,"$17,245",jun-19,2019,No
5999,1194,Mastercard,Debit,5.31238E+15,jun-22,244,NO,2,"$17,564",dic-10,2010,No
4614,1194,Visa,Credit,4.67837E+15,jul-20,966,YES,1,"$14,100",sep-06,2011,No
393,423,Amex,Credit,3.80508E+14,jul-21,194,YES,1,"$11,400",ene-20,2020,No
1542,423,Mastercard,Debit,5.64319E+15,sep-22,12,YES,2,"$18,281",feb-20,2020,No
2724,580,Mastercard,Debit,5.49831E+15,mar-21,952,YES,1,"$14,471",abr-14,2014,No
5109,580,Mastercard,Debit,5.25228E+15,abr-24,136,YES,1,"$11,399",oct-08,2010,No
2961,580,Mastercard,Credit,5.79569E+15,abr-11,416,YES,3,"$12,400",may-08,2008,No
303,4,Visa,Debit,4.98041E+15,abr-21,28,YES,2,"$27,520",ene-12,2012,No
5391,4,Visa,Debit,4.53727E+15,abr-22,787,YES,1,"$38,648",nov-03,2005,No
1083,4,Mastercard,Debit,5.81798E+15,ago-08,755,YES,2,"$41,051",feb-06,2006,No
3413,4,Amex,Credit,3.53091E+14,mar-14,451,YES,1,"$19,300",jun-09,2018,No
4201,4,Mastercard,Debit,5.69366E+15,dic-23,500,YES,2,"$9,683",ago-07,2016,No
3344,530,Mastercard,Debit,5.91904E+15,feb-20,711,NO,2,"$15,061",jun-07,2007,No
5110,530,Mastercard,Debit,5.15933E+15,feb-22,857,YES,2,"$16,652",oct-08,2010,No
4848,530,Mastercard,Debit,5.60906E+15,feb-20,7,YES,1,"$10,970",sep-13,2013,No
4926,530,Visa,Debit,4.46141E+15,mar-21,277,YES,2,"$15,458",sep-19,2019,No
3145,530,Mastercard,Debit,5.95559E+15,jul-20,522,YES,2,"$11,475",may-14,2014,No
4021,530,Mastercard,Debit,5.22414E+15,ene-17,329,YES,1,"$12,031",jul-14,2014,No
5779,1826,Mastercard,Debit (Prepaid),5.69191E+15,oct-24,982,YES,1,$49,dic-02,2009,No
4666,595,Mastercard,Debit,5.40666E+15,dic-22,868,YES,2,"$14,408",sep-08,2008,No
3049,595,Mastercard,Debit,5.26871E+15,jul-20,202,YES,1,"$18,035",may-10,2010,No
4667,595,Mastercard,Debit,5.00715E+15,abr-22,560,YES,2,"$16,786",sep-08,2008,No
2128,595,Visa,Debit,4.34568E+15,feb-20,331,YES,1,"$12,009",mar-06,2009,No
4423,1022,Discover,Credit,6.31596E+15,abr-21,118,YES,1,"$6,800",ago-14,2014,No
2504,1022,Mastercard,Credit,5.88796E+15,jul-21,671,YES,1,"$10,300",abr-06,2009,No
5148,1022,Mastercard,Debit,5.94467E+15,mar-21,806,YES,2,"$16,274",oct-09,2009,No
518,1108,Mastercard,Credit,5.74444E+15,ene-20,662,YES,1,"$28,000",ene-20,2020,No
790,1108,Visa,Debit,4.771E+15,abr-24,374,YES,2,"$4,201",ene-20,2020,No
2525,246,Discover,Credit,6.39698E+15,oct-15,37,YES,1,"$25,300",abr-07,2012,No
1158,246,Visa,Debit,4.95782E+15,mar-22,413,YES,1,"$40,350",feb-08,2014,No
3400,246,Visa,Credit,4.02154E+15,ago-18,497,YES,1,"$22,500",jun-08,2010,No
6075,246,Visa,Debit,4.36139E+15,oct-23,417,YES,1,"$26,110",dic-12,2012,No
519,270,Mastercard,Debit (Prepaid),5.38785E+15,feb-20,379,YES,1,$46,ene-20,2020,No
1543,270,Mastercard,Debit,5.69058E+15,sep-20,790,YES,1,"$24,886",feb-20,2020,No
1816,270,Visa,Debit,4.10284E+15,jul-22,452,YES,2,"$12,257",feb-20,2020,No
520,270,Mastercard,Debit,5.77843E+15,ene-20,217,NO,2,"$27,489",ene-20,2020,No
5626,1945,Visa,Credit,4.33501E+15,jul-22,412,YES,1,"$9,700",nov-10,2012,No
3381,1945,Mastercard,Debit,5.13112E+15,mar-24,615,YES,1,"$11,712",jun-08,2019,No
4018,1945,Amex,Credit,3.94151E+14,feb-20,175,YES,2,"$5,900",jul-14,2014,No
3614,1945,Visa,Debit,4.68482E+15,abr-21,164,YES,1,"$10,318",jun-16,2016,No
3763,1540,Mastercard,Debit,5.8838E+15,dic-14,346,YES,1,"$3,836",jul-06,2009,No
3496,1540,Visa,Credit,4.49517E+15,dic-23,269,YES,2,"$13,200",jun-10,2011,No
5562,1540,Mastercard,Debit (Prepaid),5.03719E+15,ago-21,955,NO,2,$56,nov-09,2011,No
394,1149,Amex,Credit,3.25863E+14,ene-20,936,YES,2,"$13,800",ene-20,2020,No
521,1438,Mastercard,Debit,5.21946E+15,sep-22,80,YES,2,"$7,767",ene-20,2020,No
3077,409,Visa,Debit,4.70227E+15,sep-22,749,YES,1,"$14,999",may-10,2010,No
4007,409,Mastercard,Debit,5.21577E+15,ene-24,897,YES,2,"$9,281",jul-13,2013,No
5690,409,Visa,Debit,4.51423E+15,mar-24,763,NO,1,"$15,512",nov-13,2013,No
1817,694,Visa,Debit (Prepaid),4.3163E+15,abr-23,621,YES,2,$67,feb-20,2020,No
5583,694,Visa,Debit,4.8783E+15,sep-22,33,YES,1,"$10,564",nov-09,2010,No
2371,382,Mastercard,Debit,5.68709E+15,ago-19,289,YES,1,"$13,206",mar-18,2018,No
5415,382,Visa,Debit,4.8778E+15,ago-24,237,YES,1,"$11,809",nov-04,2010,No
2103,382,Discover,Credit,6.77301E+15,jun-24,38,YES,1,"$8,800",mar-06,2008,No
5324,629,Visa,Debit,4.19442E+15,may-18,208,NO,1,"$29,793",oct-17,2017,No
5523,629,Mastercard,Debit (Prepaid),5.43367E+15,mar-22,732,YES,1,$80,nov-08,2008,No
2560,629,Mastercard,Debit,5.16435E+15,abr-24,14,YES,2,"$24,739",abr-08,2011,No
4712,629,Mastercard,Debit,5.77462E+15,ene-20,902,YES,2,"$32,447",sep-09,2009,No
124,629,Amex,Credit,3.35499E+14,nov-20,520,NO,2,"$20,900",ene-07,2007,No
5392,1211,Visa,Debit,4.20868E+15,may-24,462,YES,1,"$23,912",nov-03,2009,No
2400,1211,Amex,Credit,3.44421E+14,nov-24,330,YES,2,"$8,200",abr-98,2010,No
3721,1211,Visa,Debit,4.90426E+15,feb-08,240,YES,2,$119,jul-04,2012,No
5563,1211,Mastercard,Debit,5.29105E+15,abr-17,940,YES,1,"$19,137",nov-09,2012,No
5524,823,Mastercard,Debit,5.59405E+15,oct-21,748,YES,1,"$13,609",nov-08,2010,No
2868,823,Visa,Credit,4.00913E+15,feb-21,247,YES,2,"$8,600",may-04,2012,No
1400,1304,Amex,Credit,3.03824E+14,feb-20,876,YES,2,"$27,000",feb-20,2020,No
426,1304,Discover,Credit,6.26293E+15,jun-21,565,YES,2,"$17,500",ene-20,2020,No
791,1304,Visa,Credit,4.61914E+15,feb-20,681,YES,1,"$21,000",ene-20,2020,No
2639,89,Mastercard,Debit,5.25014E+15,feb-23,485,YES,2,"$9,401",abr-10,2011,No
5584,89,Visa,Debit,4.41131E+15,jun-23,47,YES,2,"$17,146",nov-09,2009,No
2998,89,Mastercard,Debit,5.38411E+15,jun-21,90,YES,2,"$10,863",may-09,2011,No
2640,89,Mastercard,Debit,5.29175E+15,jul-18,855,YES,1,"$9,742",abr-10,2010,No
1544,1751,Mastercard,Credit,5.0899E+15,feb-21,743,YES,2,"$4,600",feb-20,2020,No
792,1751,Visa,Debit,4.7564E+15,jul-22,401,YES,1,"$29,925",ene-20,2020,No
5377,888,Mastercard,Debit,5.55146E+15,jul-21,115,YES,2,"$10,305",nov-02,2010,No
4668,81,Mastercard,Credit,5.41944E+15,oct-23,520,YES,2,"$13,300",sep-08,2008,No
2897,81,Mastercard,Debit (Prepaid),5.39128E+15,oct-12,935,YES,2,$48,may-06,2014,No
96,81,Mastercard,Credit,5.81085E+15,ene-20,877,NO,2,$0,ene-06,2012,No
4525,81,Visa,Credit,4.3287E+15,feb-22,564,NO,1,"$10,600",sep-02,2013,No
2962,81,Mastercard,Debit,5.05492E+15,mar-21,18,YES,2,"$1,778",may-08,2011,No
793,1021,Visa,Debit,4.90716E+15,sep-21,857,YES,1,"$47,523",ene-20,2020,No
522,1021,Mastercard,Debit (Prepaid),5.14747E+15,abr-24,905,YES,1,$82,ene-20,2020,No
3112,826,Amex,Credit,3.04618E+14,mar-17,382,YES,1,"$19,400",may-12,2012,No
311,826,Mastercard,Debit,5.49641E+15,nov-14,30,YES,1,"$23,403",ene-13,2013,No
69,826,Mastercard,Credit,5.01951E+15,may-24,508,YES,1,"$13,900",ene-05,2012,No
4966,87,Mastercard,Debit (Prepaid),5.25145E+15,mar-08,292,YES,1,$95,oct-02,2011,No
3607,87,Mastercard,Debit,5.21043E+15,jun-22,262,YES,2,"$20,417",jun-16,2016,No
109,87,Visa,Credit,4.37218E+15,may-22,450,YES,1,"$6,300",ene-06,2011,No
6118,1833,Mastercard,Debit,5.19805E+15,ene-20,912,YES,1,"$16,064",dic-16,2016,No
1545,1833,Mastercard,Debit (Prepaid),5.39014E+15,mar-20,267,YES,1,$98,feb-20,2020,No
2345,1833,Visa,Debit,4.0789E+15,jul-15,929,YES,2,"$16,386",mar-15,2015,No
1818,1833,Visa,Credit,4.30106E+15,mar-23,147,YES,1,"$10,100",feb-20,2020,No
794,1833,Visa,Debit,4.25693E+15,oct-20,83,YES,2,"$3,472",ene-20,2020,No
395,829,Amex,Credit,3.3647E+14,abr-22,487,YES,1,"$7,700",ene-20,2020,No
523,829,Mastercard,Debit,5.89828E+15,oct-23,139,YES,3,"$11,018",ene-20,2020,No
3636,829,Visa,Credit,4.06644E+15,abr-24,921,YES,2,"$8,200",jun-18,2018,No
3840,1879,Mastercard,Debit,5.20139E+15,sep-18,392,YES,1,"$4,976",jul-08,2008,No
5399,1879,Amex,Credit,3.20871E+14,jul-18,845,YES,1,"$4,100",nov-04,2009,No
4560,236,Visa,Debit,4.00331E+15,jul-21,531,YES,2,"$6,076",sep-04,2011,No
1546,1619,Mastercard,Credit,5.21801E+15,dic-21,185,YES,3,"$8,000",feb-20,2020,No
1443,1619,Discover,Credit,6.9972E+15,ago-23,619,YES,2,"$14,600",feb-20,2020,No
5111,1619,Mastercard,Credit,5.10529E+15,mar-24,831,YES,1,"$8,300",oct-08,2010,No
3015,1619,Visa,Debit,4.06305E+15,ago-24,647,YES,2,"$19,054",may-09,2017,No
1547,1146,Mastercard,Debit,5.07885E+15,mar-20,930,YES,1,"$29,265",feb-20,2020,No
1548,1146,Mastercard,Debit,5.54748E+15,feb-20,765,YES,1,"$22,245",feb-20,2020,No
1549,1146,Mastercard,Debit,5.78834E+15,oct-21,750,YES,2,"$17,028",feb-20,2020,No
1172,803,Mastercard,Debit (Prepaid),5.39032E+15,feb-20,243,YES,2,$67,feb-09,2014,No
3222,803,Discover,Credit,6.71334E+15,oct-05,728,YES,2,"$15,300",jun-01,2011,No
4882,803,Mastercard,Debit,5.91819E+15,ene-21,670,YES,1,"$20,552",sep-15,2015,No
524,193,Mastercard,Debit (Prepaid),5.41205E+15,mar-21,587,YES,2,$32,ene-20,2020,No
297,1686,Mastercard,Debit,5.42234E+15,feb-24,976,YES,1,"$48,003",ene-12,2012,No
2617,1686,Visa,Credit,4.62387E+15,jul-24,385,YES,1,"$16,300",abr-09,2013,No
2999,1686,Mastercard,Credit,5.43068E+15,abr-24,594,YES,2,"$10,800",may-09,2010,No
89,1959,Amex,Credit,3.98744E+14,feb-21,992,YES,2,"$11,100",ene-06,2009,No
1281,1342,Visa,Debit (Prepaid),4.97187E+15,jun-22,724,YES,3,$64,feb-11,2011,No
2070,1371,Visa,Credit,4.00706E+15,nov-22,478,YES,1,"$17,300",mar-04,2007,No
2328,1371,Mastercard,Credit,5.28232E+15,abr-23,378,YES,1,"$13,900",mar-14,2014,No
3117,1371,Mastercard,Debit,5.73934E+15,feb-20,749,YES,2,"$23,807",may-12,2012,No
4059,1371,Visa,Debit (Prepaid),4.02564E+15,jun-21,112,NO,2,$140,jul-17,2017,No
4446,1371,Mastercard,Debit,5.96944E+15,dic-24,783,YES,2,"$26,329",ago-15,2015,No
3929,1371,Mastercard,Debit,5.57282E+15,sep-23,178,NO,1,"$25,224",jul-10,2011,No
4387,1067,Discover,Credit,6.27628E+15,dic-20,681,YES,2,"$8,500",ago-12,2012,No
1063,1067,Visa,Credit,4.69021E+15,jun-23,820,NO,1,"$11,200",feb-05,2009,No
3382,1067,Mastercard,Debit,5.30905E+15,ene-13,336,YES,2,"$14,576",jun-08,2011,No
3016,1067,Visa,Credit,4.66894E+15,abr-21,310,YES,1,"$9,000",may-09,2009,No
1819,1067,Visa,Debit,4.9376E+15,jun-20,557,YES,1,"$21,409",feb-20,2020,No
2602,1019,Mastercard,Debit,5.72254E+15,mar-14,567,YES,2,"$7,406",abr-09,2014,No
5170,1019,Visa,Credit,4.31881E+15,mar-16,388,YES,2,"$3,300",oct-09,2010,No
5112,1019,Mastercard,Credit,5.43643E+15,nov-23,845,YES,1,"$7,300",oct-08,2010,No
4794,1019,Visa,Debit,4.8116E+15,oct-24,994,YES,1,"$4,386",sep-10,2016,No
6025,1568,Visa,Credit,4.16561E+15,jul-23,388,YES,1,"$13,000",dic-10,2012,No
977,1568,Mastercard,Debit,5.31887E+15,abr-20,125,YES,2,"$14,418",feb-00,2005,No
3000,1568,Mastercard,Debit,5.39079E+15,jul-22,644,YES,2,"$9,120",may-09,2013,No
2913,1765,Visa,Debit,4.24039E+15,feb-13,460,YES,1,"$11,588",may-06,2008,No
4808,1765,Mastercard,Credit,5.52909E+15,oct-23,242,NO,1,"$7,500",sep-11,2011,No
4376,1765,Visa,Debit,4.87499E+15,sep-11,140,YES,2,"$18,042",ago-11,2011,No
5731,1875,Mastercard,Debit,5.20824E+15,ago-18,261,YES,2,"$13,694",nov-17,2017,No
4100,1875,Mastercard,Debit,5.19898E+15,abr-21,198,YES,2,"$15,849",ago-01,2009,No
4167,1875,Visa,Debit,4.55799E+15,jun-24,133,YES,1,"$16,566",ago-05,2009,No
5955,1875,Discover,Credit,6.62643E+15,abr-12,326,YES,1,"$10,400",dic-09,2009,No
1550,1111,Mastercard,Credit,5.22265E+15,feb-20,719,YES,1,"$9,200",feb-20,2020,No
1551,1111,Mastercard,Debit,5.80984E+15,feb-20,924,YES,2,"$17,967",feb-20,2020,No
396,1111,Amex,Credit,3.96463E+14,ene-21,620,YES,2,"$8,400",ene-20,2020,No
525,1160,Mastercard,Debit,5.42296E+15,sep-24,948,YES,1,"$14,168",ene-20,2020,No
1820,1160,Visa,Debit,4.12319E+15,jun-20,64,YES,1,"$3,149",feb-20,2020,No
1552,1574,Mastercard,Debit,5.78253E+15,abr-23,269,YES,1,"$13,161",feb-20,2020,No
1041,189,Visa,Credit,4.75436E+15,sep-20,373,YES,2,"$11,700",feb-04,2008,No
1370,189,Mastercard,Debit,5.02776E+15,ene-19,566,YES,1,"$17,678",feb-17,2017,No
4887,189,Visa,Debit (Prepaid),4.32663E+15,abr-20,522,YES,1,$81,sep-15,2015,No
4055,189,Mastercard,Debit,5.30589E+15,ene-23,421,YES,2,"$26,231",jul-17,2017,No
2367,466,Visa,Credit,4.85613E+15,nov-21,465,YES,1,"$7,700",mar-17,2017,No
5467,466,Visa,Credit,4.66514E+15,ago-22,867,YES,1,"$6,800",nov-06,2009,No
2247,466,Mastercard,Debit,5.9378E+15,mar-23,923,YES,2,$736,mar-10,2015,No
5263,659,Visa,Debit (Prepaid),4.06092E+15,ago-18,596,YES,1,$96,oct-12,2012,No
5304,659,Mastercard,Debit,5.3106E+15,abr-17,141,NO,1,"$14,977",oct-15,2015,No
1821,659,Visa,Debit,4.34135E+15,abr-23,273,YES,1,"$13,162",feb-20,2020,No
4864,659,Visa,Debit,4.62354E+15,nov-19,482,YES,2,"$17,649",sep-13,2013,No
5658,659,Visa,Debit,4.4947E+15,feb-21,363,YES,1,"$10,538",nov-11,2011,No
5486,659,Mastercard,Credit,5.60552E+15,feb-22,522,YES,2,"$10,500",nov-07,2011,No
128,659,Mastercard,Debit (Prepaid),5.31522E+15,nov-20,984,YES,2,$74,ene-07,2010,No
4973,942,Visa,Debit,4.37416E+15,feb-18,407,YES,1,"$39,441",oct-02,2008,No
3174,942,Mastercard,Debit,5.25362E+15,nov-22,224,YES,2,"$27,720",may-16,2016,No
2670,942,Amex,Credit,3.7611E+14,may-23,593,YES,1,"$20,800",abr-11,2013,No
2772,942,Visa,Credit,4.30988E+15,oct-22,139,YES,2,"$5,300",abr-17,2017,No
22,1234,Visa,Debit (Prepaid),4.63429E+15,ene-23,50,NO,1,$65,ene-01,2007,No
1822,841,Visa,Debit,4.25242E+15,ago-21,661,YES,2,"$20,182",feb-20,2020,No
795,841,Visa,Credit,4.72919E+15,ene-20,219,YES,2,"$8,700",ene-20,2020,No
796,1388,Visa,Credit,4.27231E+15,may-20,575,YES,1,"$23,300",ene-20,2020,No
797,1388,Visa,Debit,4.15908E+15,feb-20,566,YES,1,"$8,989",ene-20,2020,No
1553,1056,Mastercard,Debit,5.22747E+15,feb-24,788,YES,1,"$41,816",feb-20,2020,No
798,1056,Visa,Debit,4.66998E+15,mar-20,452,YES,1,"$16,202",ene-20,2020,No
3586,1056,Visa,Debit,4.33954E+15,oct-20,141,YES,2,"$39,457",jun-14,2014,No
3441,345,Visa,Credit,4.34694E+15,sep-24,769,YES,3,"$7,900",jun-09,2009,No
1084,308,Mastercard,Credit,5.60367E+15,ene-23,118,YES,2,"$7,400",feb-06,2008,No
3628,308,Mastercard,Debit (Prepaid),5.67757E+15,ago-23,426,YES,2,$107,jun-18,2018,No
2421,1922,Visa,Debit (Prepaid),4.9107E+15,mar-21,36,YES,1,$24,abr-01,2009,No
3280,1156,Visa,Debit,4.12926E+15,ago-22,936,YES,2,"$88,743",jun-04,2010,No
12,1156,Visa,Credit,4.0087E+15,feb-23,124,NO,1,"$57,200",ene-99,2011,No
3143,1156,Discover,Credit,6.82263E+15,ago-22,344,NO,1,"$2,500",may-14,2014,No
4128,1156,Mastercard,Debit,5.84303E+15,dic-09,568,YES,1,"$151,223",ago-04,2009,No
175,1156,Visa,Credit,4.86033E+15,feb-20,146,YES,1,"$61,100",ene-08,2010,No
3764,561,Mastercard,Debit,5.25063E+15,abr-22,326,YES,1,"$26,960",jul-06,2010,No
6053,561,Visa,Debit,4.29569E+15,dic-22,78,YES,1,"$16,531",dic-11,2011,No
2716,561,Mastercard,Debit (Prepaid),5.9183E+15,may-24,983,YES,1,$69,abr-13,2013,No
6119,561,Mastercard,Debit,5.05198E+15,ago-21,72,YES,1,"$14,054",dic-16,2016,No
4575,561,Mastercard,Credit,5.17584E+15,dic-24,438,YES,1,"$9,100",sep-05,2015,No
526,507,Mastercard,Debit (Prepaid),5.36643E+15,feb-20,959,YES,3,$74,ene-20,2020,No
5316,1522,Visa,Credit,4.26059E+15,jun-24,646,YES,2,"$23,000",oct-16,2016,No
5213,1522,Visa,Credit,4.32891E+15,sep-24,875,YES,2,"$21,900",oct-10,2013,No
368,1522,Mastercard,Credit,5.85609E+15,feb-20,101,YES,2,"$11,200",ene-18,2018,No
5545,695,Visa,Debit,4.91892E+15,dic-20,463,YES,1,"$22,676",nov-08,2012,No
3442,285,Visa,Debit (Prepaid),4.09993E+15,feb-22,393,YES,1,$65,jun-09,2009,No
4196,285,Discover,Credit,6.74947E+15,ago-10,619,YES,2,"$12,000",ago-07,2012,No
2156,285,Visa,Debit,4.14152E+15,may-20,962,YES,1,"$20,723",mar-07,2013,No
2927,285,Mastercard,Credit,5.15829E+15,ene-23,32,YES,2,"$11,500",may-07,2007,No
5747,285,Discover,Credit,6.67681E+15,abr-21,65,YES,2,"$7,300",dic-91,2009,No
5041,113,Amex,Credit,3.00106E+14,jul-10,939,NO,1,"$14,400",oct-06,2010,No
3608,113,Mastercard,Credit,5.26377E+15,oct-21,775,YES,2,"$14,200",jun-16,2016,No
3705,113,Visa,Debit,4.6426E+15,jun-20,494,YES,1,"$18,818",jul-03,2008,No
4586,113,Visa,Debit,4.19731E+15,feb-22,125,YES,1,"$20,509",sep-05,2007,No
4526,113,Visa,Debit,4.17144E+15,ene-23,914,YES,1,"$17,510",sep-02,2008,No
4937,1039,Visa,Debit,4.51041E+15,jun-24,704,YES,1,"$3,335",oct-98,2012,No
5791,1039,Mastercard,Debit,5.80417E+15,feb-20,104,YES,2,"$4,598",dic-03,2017,No
304,1039,Visa,Credit,4.01566E+15,ene-20,144,YES,2,"$4,900",ene-12,2012,No
5004,1039,Mastercard,Debit,5.95562E+15,ago-13,483,YES,2,"$18,498",oct-04,2010,No
2943,176,Visa,Debit,4.80191E+15,feb-24,380,YES,2,"$7,312",may-07,2008,No
2603,176,Mastercard,Debit,5.0646E+15,jun-24,589,YES,2,"$34,799",abr-09,2014,No
972,176,Visa,Debit,4.82649E+15,abr-21,588,YES,2,"$19,882",feb-99,2010,No
6026,176,Visa,Debit (Prepaid),4.78737E+15,dic-19,787,YES,2,$57,dic-10,2017,No
2049,1104,Visa,Debit,4.86057E+15,jun-05,137,YES,1,"$14,383",mar-03,2011,No
4507,1104,Visa,Debit,4.69945E+15,dic-05,654,NO,1,"$20,666",sep-00,2011,No
4768,1104,Mastercard,Credit,5.70879E+15,abr-24,59,NO,1,"$8,600",sep-10,2012,No
4849,1104,Mastercard,Credit,5.88298E+15,oct-21,491,YES,2,"$11,400",sep-13,2013,No
3994,1104,Mastercard,Debit,5.22919E+15,dic-12,135,YES,2,"$19,695",jul-12,2012,No
5766,1104,Visa,Debit,4.06117E+15,may-21,265,YES,1,"$16,578",dic-00,2010,No
5297,946,Visa,Credit,4.48917E+15,sep-20,973,YES,2,"$8,700",oct-14,2014,No
5403,946,Mastercard,Credit,5.00422E+15,ene-22,811,YES,1,"$10,600",nov-04,2013,No
97,946,Mastercard,Debit,5.07959E+15,feb-21,606,YES,1,"$12,925",ene-06,2010,No
4487,946,Mastercard,Debit,5.36405E+15,oct-97,969,YES,2,$906,sep-94,2013,No
527,1465,Mastercard,Credit,5.11854E+15,ene-23,774,YES,1,"$11,600",ene-20,2020,No
4903,1465,Amex,Credit,3.15011E+14,jun-21,201,YES,2,"$10,700",sep-17,2017,No
1173,1465,Mastercard,Debit,5.02328E+15,feb-22,976,NO,1,"$42,142",feb-09,2010,No
1554,25,Mastercard,Credit,5.94763E+15,feb-20,571,YES,1,"$4,000",feb-20,2020,No
1350,571,Amex,Credit,3.9828E+14,nov-15,89,YES,2,"$7,200",feb-15,2015,No
312,571,Mastercard,Debit,5.61144E+15,feb-23,150,YES,2,"$13,019",ene-13,2013,No
4047,571,Visa,Debit,4.40113E+15,nov-23,42,YES,1,"$16,647",jul-16,2016,No
5960,571,Mastercard,Debit,5.06052E+15,feb-17,556,YES,1,"$12,247",dic-09,2009,No
528,1396,Mastercard,Debit (Prepaid),5.68343E+15,feb-20,101,YES,1,$23,ene-20,2020,No
799,1396,Visa,Debit (Prepaid),4.41263E+15,may-24,282,YES,1,$91,ene-20,2020,No
1555,1396,Mastercard,Debit (Prepaid),5.88728E+15,feb-20,119,YES,2,$77,feb-20,2020,No
1823,599,Visa,Debit,4.80253E+15,mar-21,868,YES,1,"$82,677",feb-20,2020,No
800,599,Visa,Credit,4.19087E+15,jul-23,928,YES,2,"$23,400",ene-20,2020,No
529,599,Mastercard,Debit,5.04008E+15,ene-20,475,YES,1,"$72,868",ene-20,2020,No
4539,1074,Visa,Debit,4.47994E+15,sep-24,793,NO,2,"$15,029",sep-03,2007,No
3903,1074,Visa,Credit,4.13157E+15,may-21,738,YES,1,"$9,700",jul-09,2013,No
5961,1074,Mastercard,Debit,5.53115E+15,dic-23,428,YES,2,"$6,847",dic-09,2009,No
2044,1074,Mastercard,Credit,5.29153E+15,jul-22,396,YES,2,"$4,800",mar-03,2011,No
4108,1074,Mastercard,Debit,5.48241E+15,feb-22,332,YES,1,"$17,294",ago-02,2010,No
5680,214,Visa,Credit,4.15989E+15,nov-12,693,YES,3,$0,nov-12,2012,No
5005,771,Mastercard,Debit,5.02427E+15,oct-24,738,YES,2,"$5,857",oct-04,2007,No
4986,771,Mastercard,Debit,5.77835E+15,ene-23,199,YES,2,"$17,536",oct-03,2010,No
3803,771,Mastercard,Debit (Prepaid),5.55973E+15,sep-20,153,YES,2,$61,jul-07,2016,No
5104,520,Amex,Credit,3.71904E+14,abr-24,251,YES,1,"$13,300",oct-08,2014,No
2020,520,Mastercard,Debit,5.9059E+15,may-22,924,YES,1,"$34,278",mar-01,2010,No
4129,520,Mastercard,Debit,5.845E+15,oct-07,563,YES,2,"$38,235",ago-04,2016,No
3948,520,Visa,Debit,4.71975E+15,sep-24,990,NO,2,"$1,587",jul-10,2013,No
2659,520,Visa,Debit,4.59456E+15,oct-22,454,YES,2,"$28,156",abr-10,2010,No
5468,288,Visa,Credit,4.59175E+15,may-22,694,NO,1,"$6,500",nov-06,2018,No
6039,288,Mastercard,Debit,5.59278E+15,oct-12,692,YES,2,"$4,324",dic-11,2011,No
3497,288,Visa,Debit,4.49506E+15,ene-22,846,YES,2,"$1,112",jun-10,2010,No
1824,1979,Visa,Credit,4.46198E+15,feb-20,706,YES,1,"$19,600",feb-20,2020,No
2548,1979,Visa,Debit,4.08627E+15,may-23,965,YES,2,"$15,182",abr-07,2009,No
4396,1979,Visa,Credit,4.81317E+15,may-17,550,YES,1,"$14,200",ago-12,2012,No
2812,1979,Mastercard,Debit,5.39383E+15,ago-22,765,YES,1,"$30,065",may-01,2011,No
1825,1253,Visa,Credit,4.25431E+15,may-22,597,NO,1,"$10,600",feb-20,2020,No
5691,1253,Visa,Debit,4.79208E+15,ago-20,969,YES,1,"$39,764",nov-13,2013,No
3841,1253,Mastercard,Debit,5.5465E+15,oct-23,468,YES,1,"$27,208",jul-08,2008,No
2248,1253,Mastercard,Debit,5.49829E+15,mar-16,927,NO,1,"$29,637",mar-10,2010,No
1556,1253,Mastercard,Debit,5.96902E+15,feb-20,625,YES,1,"$24,442",feb-20,2020,No
2561,1253,Mastercard,Debit,5.80546E+15,sep-24,461,YES,2,"$28,390",abr-08,2008,No
4869,311,Amex,Credit,3.98921E+14,ene-24,659,YES,2,"$6,600",sep-14,2014,No
4094,311,Mastercard,Debit,5.92216E+15,oct-07,869,YES,1,"$11,510",ago-99,2011,No
4600,311,Mastercard,Credit,5.84005E+15,jun-12,650,YES,1,"$6,400",sep-06,2011,No
93,311,Discover,Credit,6.12985E+15,ago-24,972,YES,1,"$1,800",ene-06,2007,No
81,1346,Visa,Credit,4.50989E+15,mar-24,503,YES,2,"$1,500",ene-05,2009,No
801,1346,Visa,Debit,4.83673E+15,ene-20,314,YES,1,"$14,813",ene-20,2020,No
2877,1622,Mastercard,Debit,5.21563E+15,dic-20,502,YES,2,"$40,176",may-05,2009,No
90,852,Amex,Credit,3.7776E+14,oct-23,360,YES,1,"$10,300",ene-06,2013,No
1282,852,Visa,Credit,4.37323E+15,ene-20,735,YES,2,"$4,400",feb-11,2011,No
4187,852,Visa,Debit,4.25152E+15,abr-19,637,YES,2,"$15,878",ago-06,2008,No
4039,1394,Visa,Credit,4.81287E+15,jun-20,393,YES,2,"$8,500",jul-15,2015,No
530,1394,Mastercard,Debit,5.61032E+15,oct-23,951,YES,2,"$18,022",ene-20,2020,No
3468,1394,Mastercard,Debit,5.54264E+15,jun-16,555,YES,1,"$19,597",jun-10,2010,No
6027,1394,Visa,Debit,4.36584E+15,sep-21,569,YES,1,"$51,504",dic-10,2010,No
82,957,Visa,Debit,4.82324E+15,oct-21,123,YES,2,"$28,717",ene-05,2014,No
5042,957,Amex,Credit,3.35477E+14,nov-21,741,NO,1,"$7,100",oct-06,2006,No
4532,957,Mastercard,Debit,5.40571E+15,jun-20,515,NO,1,"$27,974",sep-03,2012,No
5078,515,Mastercard,Debit,5.71392E+15,dic-22,155,NO,2,"$6,629",oct-07,2008,No
5487,515,Mastercard,Debit,5.55487E+15,mar-24,511,YES,2,"$2,093",nov-07,2015,No
3984,515,Visa,Debit,4.17087E+15,sep-23,676,YES,2,"$27,053",jul-11,2011,No
3235,515,Mastercard,Debit,5.87079E+15,may-23,221,YES,2,"$15,800",jun-02,2012,No
2831,1303,Visa,Debit,4.17854E+15,may-15,804,YES,1,"$20,699",may-02,2008,No
2705,1303,Visa,Debit,4.67185E+15,nov-20,859,YES,2,"$31,662",abr-12,2012,No
6000,1303,Mastercard,Credit,5.21912E+15,jun-23,5,YES,1,"$18,900",dic-10,2011,No
5059,1303,Visa,Credit,4.13583E+15,nov-06,69,YES,2,"$14,200",oct-06,2010,No
6085,1303,Mastercard,Debit,5.43424E+15,dic-22,501,YES,2,"$25,292",dic-13,2013,No
1557,1303,Mastercard,Debit,5.48316E+15,mar-23,973,YES,1,"$19,299",feb-20,2020,No
4226,1303,Visa,Debit,4.8159E+15,mar-17,581,YES,2,"$27,215",ago-07,2010,No
3765,1287,Mastercard,Debit,5.46107E+15,abr-12,47,YES,2,"$10,934",jul-06,2015,No
5564,296,Mastercard,Credit,5.83127E+15,abr-15,530,YES,2,"$20,300",nov-09,2010,No
4939,296,Amex,Credit,3.64959E+14,oct-12,140,YES,2,"$9,700",oct-99,2007,No
3331,296,Visa,Debit (Prepaid),4.23785E+15,ago-23,204,NO,2,$87,jun-06,2006,No
1330,1059,Visa,Credit,4.36583E+15,feb-23,945,YES,2,"$11,700",feb-13,2013,No
2641,1059,Mastercard,Debit,5.57761E+15,dic-24,463,YES,2,"$16,460",abr-10,2010,No
4483,1059,Visa,Debit,4.60247E+15,abr-23,588,YES,1,"$27,036",ago-19,2019,No
5641,1378,Amex,Credit,3.43797E+14,jun-20,130,YES,2,"$3,100",nov-11,2011,No
283,1378,Visa,Debit,4.68679E+15,ago-21,648,YES,1,"$21,757",ene-11,2011,No
4227,1378,Visa,Debit,4.58422E+15,jul-21,880,YES,2,"$15,925",ago-07,2007,No
2921,1378,Amex,Credit,3.35016E+14,dic-19,916,YES,1,"$10,100",may-07,2016,No
4066,1297,Mastercard,Debit,5.19848E+15,jul-22,392,YES,2,"$20,660",jul-18,2018,No
1242,1297,Visa,Debit,4.47036E+15,may-22,231,YES,1,"$18,301",feb-10,2010,No
5627,1297,Visa,Credit,4.11889E+15,may-11,419,YES,2,"$14,200",nov-10,2018,No
5982,1727,Visa,Debit,4.47538E+15,jun-24,972,YES,1,"$24,230",dic-09,2011,No
319,1727,Visa,Debit,4.30459E+15,oct-13,340,YES,1,"$19,636",ene-13,2013,No
1379,1727,Mastercard,Debit (Prepaid),5.00085E+15,jul-24,345,YES,3,$102,feb-18,2018,No
5329,1727,Mastercard,Debit,5.65503E+15,sep-22,848,YES,2,"$21,218",oct-18,2018,No
4918,1727,Visa,Debit,4.60271E+15,mar-21,862,YES,2,"$27,066",sep-18,2018,No
3766,1727,Mastercard,Debit,5.18008E+15,jun-16,148,YES,2,"$19,723",jul-06,2010,No
1826,310,Visa,Debit,4.90691E+15,dic-20,443,YES,2,"$21,990",feb-20,2020,No
531,310,Mastercard,Debit,5.03714E+15,nov-21,719,YES,2,"$26,251",ene-20,2020,No
1359,673,Visa,Debit,4.81559E+15,abr-22,752,NO,2,"$14,614",feb-15,2015,No
2422,673,Visa,Credit,4.23969E+15,nov-22,10,YES,1,"$12,800",abr-01,2003,No
978,673,Mastercard,Debit,5.96568E+15,feb-06,491,YES,2,"$17,897",feb-00,2013,No
1827,673,Visa,Credit,4.02327E+15,jun-24,413,YES,1,"$8,700",feb-20,2020,No
4570,1283,Amex,Credit,3.88335E+14,sep-21,695,YES,2,"$19,500",sep-05,2007,No
2341,1283,Mastercard,Debit,5.4186E+15,jun-15,899,YES,1,"$24,111",mar-15,2015,No
5305,1283,Mastercard,Debit,5.93058E+15,jun-23,751,YES,1,"$34,839",oct-15,2015,No
3469,1283,Mastercard,Credit,5.29353E+15,abr-23,542,YES,1,"$12,800",jun-10,2012,No
5404,1239,Mastercard,Credit,5.07309E+15,oct-21,19,YES,2,"$9,600",nov-04,2011,No
3744,1239,Visa,Debit,4.04679E+15,abr-22,654,YES,2,"$15,112",jul-05,2016,No
532,1239,Mastercard,Credit,5.53943E+15,sep-24,932,YES,2,"$11,100",ene-20,2020,No
1243,1239,Visa,Debit,4.48866E+15,jun-23,852,YES,1,"$14,295",feb-10,2010,No
533,1691,Mastercard,Credit,5.61848E+15,feb-20,793,YES,1,"$5,400",ene-20,2020,No
225,1078,Mastercard,Debit,5.79266E+15,oct-23,862,YES,2,"$18,092",ene-10,2015,No
5488,1078,Mastercard,Debit,5.44665E+15,dic-22,473,YES,2,"$23,244",nov-07,2007,No
4397,124,Visa,Debit,4.88604E+15,abr-23,841,YES,1,"$12,639",ago-12,2012,No
4022,124,Mastercard,Debit,5.20811E+15,dic-21,143,YES,1,"$13,482",jul-14,2014,No
3050,124,Mastercard,Debit,5.68305E+15,mar-24,924,YES,1,"$13,022",may-10,2010,No
2725,124,Mastercard,Debit,5.0244E+15,feb-20,575,NO,2,"$23,999",abr-14,2014,No
2819,99,Visa,Debit,4.38851E+15,ene-20,52,YES,2,"$12,837",may-01,2013,No
3345,99,Mastercard,Debit,5.13399E+15,jul-12,12,YES,1,"$25,177",jun-07,2012,No
2869,99,Visa,Credit,4.99987E+15,ene-06,258,YES,1,"$18,800",may-04,2011,No
2736,1722,Visa,Credit,4.01224E+15,mar-20,960,YES,2,"$3,900",abr-14,2014,No
427,562,Discover,Credit,6.49156E+15,feb-23,834,YES,2,"$7,200",ene-20,2020,No
3250,750,Mastercard,Debit,5.04005E+15,dic-24,731,YES,2,"$11,749",jun-03,2015,No
4550,750,Mastercard,Debit (Prepaid),5.36168E+15,ene-21,225,YES,1,$77,sep-04,2011,No
5251,1223,Visa,Debit,4.23981E+15,nov-11,564,YES,2,"$86,262",oct-11,2011,No
1042,1223,Visa,Debit,4.54642E+15,jun-10,955,YES,1,"$92,939",feb-04,2011,No
384,1223,Visa,Debit,4.02555E+15,feb-24,741,YES,2,"$64,613",ene-19,2019,No
1828,1319,Visa,Debit,4.57633E+15,feb-20,8,YES,2,"$27,305",feb-20,2020,No
4271,575,Visa,Debit,4.81668E+15,ene-23,757,YES,1,"$24,546",ago-08,2010,No
369,575,Mastercard,Debit,5.31395E+15,sep-18,764,YES,1,"$25,121",ene-18,2018,No
3663,575,Discover,Credit,6.73396E+15,sep-22,878,YES,1,"$17,000",jul-01,2018,No
5278,575,Visa,Credit,4.50695E+15,may-23,476,YES,2,"$6,800",oct-13,2013,No
4360,575,Mastercard,Credit,5.8914E+15,dic-13,198,YES,2,"$15,100",ago-11,2011,No
3842,428,Mastercard,Credit,5.47923E+15,sep-13,276,YES,1,"$14,300",jul-08,2008,No
1351,428,Amex,Credit,3.40214E+14,nov-24,108,YES,2,"$8,800",feb-15,2015,No
3126,828,Visa,Credit,4.07359E+15,may-23,635,YES,2,"$4,100",may-12,2012,No
4235,828,Amex,Credit,3.5492E+14,ago-21,795,YES,1,"$9,500",ago-08,2016,No
3767,828,Mastercard,Credit,5.56901E+15,jun-10,780,YES,1,"$8,500",jul-06,2011,No
1829,1580,Visa,Debit,4.69969E+15,may-23,5,NO,2,"$21,741",feb-20,2020,No
1830,1580,Visa,Debit,4.74874E+15,sep-20,974,YES,1,"$1,741",feb-20,2020,No
1558,1570,Mastercard,Debit (Prepaid),5.94198E+15,abr-21,756,YES,2,$74,feb-20,2020,No
1831,1570,Visa,Credit,4.22497E+15,feb-24,389,NO,1,"$8,700",feb-20,2020,No
534,1570,Mastercard,Debit (Prepaid),5.51503E+15,mar-24,311,YES,1,$63,ene-20,2020,No
221,846,Amex,Credit,3.71625E+14,oct-22,297,YES,2,"$18,400",ene-10,2015,No
2789,846,Visa,Credit,4.68203E+15,dic-22,219,YES,2,"$9,700",abr-19,2019,No
3886,846,Mastercard,Credit,5.43715E+15,ene-22,853,YES,1,"$13,800",jul-09,2017,No
3443,846,Visa,Credit,4.51807E+15,jun-20,429,YES,2,$0,jun-09,2011,No
1244,666,Visa,Debit,4.4222E+15,oct-20,852,YES,2,"$22,501",feb-10,2010,No
4838,335,Visa,Debit,4.68051E+15,sep-13,217,YES,2,"$25,307",sep-12,2012,No
5131,335,Visa,Debit,4.4148E+15,jun-20,833,YES,1,"$23,401",oct-08,2011,No
353,335,Mastercard,Debit,5.03938E+15,jul-20,830,YES,1,"$34,385",ene-16,2016,No
5016,639,Visa,Debit,4.2016E+15,ene-23,380,YES,2,"$15,485",oct-04,2010,No
129,639,Mastercard,Debit,5.90312E+15,nov-22,939,NO,3,"$14,156",ene-07,2018,No
4877,639,Visa,Credit,4.43352E+15,nov-21,303,YES,2,"$12,400",sep-14,2014,No
4833,639,Mastercard,Debit,5.65338E+15,may-24,280,YES,2,"$14,850",sep-12,2012,No
3673,386,Mastercard,Debit,5.63953E+15,oct-23,126,YES,1,"$25,093",jul-02,2006,No
535,886,Mastercard,Debit,5.28395E+15,ene-20,201,NO,1,"$19,991",ene-20,2020,No
536,297,Mastercard,Debit (Prepaid),5.87677E+15,sep-22,942,YES,2,$29,ene-20,2020,No
1832,1860,Visa,Debit,4.78657E+15,ago-23,592,YES,2,"$28,422",feb-20,2020,No
1833,1860,Visa,Credit,4.06121E+15,feb-20,148,YES,1,"$10,100",feb-20,2020,No
4244,1860,Mastercard,Debit (Prepaid),5.56577E+15,dic-23,119,YES,2,$40,ago-08,2018,No
211,581,Visa,Debit,4.56602E+15,ago-20,490,YES,1,"$12,589",ene-09,2011,No
2320,581,Visa,Debit,4.99748E+15,sep-23,51,YES,2,"$11,885",mar-13,2013,No
3691,581,Mastercard,Debit,5.5726E+15,mar-24,642,YES,1,"$18,820",jul-03,2008,No
4615,1910,Visa,Debit,4.1012E+15,jun-20,810,YES,2,"$8,562",sep-06,2008,No
5505,1910,Visa,Debit,4.15303E+15,may-22,614,YES,1,"$5,933",nov-07,2009,No
3242,1910,Visa,Debit (Prepaid),4.22717E+15,oct-24,319,YES,2,$33,jun-02,2018,No
3288,1910,Mastercard,Debit,5.46578E+15,ago-21,490,YES,1,"$10,764",jun-05,2007,No
1559,731,Mastercard,Credit,5.44835E+15,jun-20,592,YES,1,"$8,900",feb-20,2020,No
5659,731,Visa,Debit,4.77819E+15,ene-24,74,YES,2,"$6,781",nov-11,2011,No
802,731,Visa,Debit,4.51457E+15,ene-20,377,YES,2,"$12,116",ene-20,2020,No
1111,21,Mastercard,Debit,5.96211E+15,ago-21,615,YES,2,"$21,131",feb-07,2007,No
2745,21,Mastercard,Debit,5.97748E+15,jun-15,815,YES,2,"$13,383",abr-15,2015,No
4769,21,Mastercard,Debit (Prepaid),5.49156E+15,may-23,226,YES,1,$58,sep-10,2010,No
5777,273,Discover,Credit,6.37533E+15,feb-21,523,YES,2,"$14,600",dic-02,2008,No
397,63,Amex,Credit,3.56227E+14,ene-20,792,NO,1,"$6,600",ene-20,2020,No
2805,63,Visa,Debit,4.12893E+15,jun-20,827,YES,1,"$23,806",may-99,2008,No
60,63,Visa,Debit,4.84037E+15,nov-22,357,YES,2,"$17,082",ene-04,2011,No
5489,63,Mastercard,Debit,5.57347E+15,sep-24,258,YES,1,"$16,422",nov-07,2011,No
4632,63,Mastercard,Debit,5.56643E+15,abr-24,6,YES,1,"$15,353",sep-07,2011,No
4067,63,Mastercard,Debit (Prepaid),5.57019E+15,jul-24,610,YES,1,$66,jul-18,2018,No
537,786,Mastercard,Debit,5.36034E+15,jul-24,985,YES,2,"$7,221",ene-20,2020,No
1834,786,Visa,Debit,4.89218E+15,jul-22,846,YES,2,"$21,032",feb-20,2020,No
538,1886,Mastercard,Credit,5.43774E+15,sep-22,676,YES,1,"$11,900",ene-20,2020,No
803,1886,Visa,Debit,4.06451E+15,feb-20,861,YES,2,"$15,328",ene-20,2020,No
270,103,Mastercard,Debit,5.59305E+15,feb-20,697,YES,1,"$15,023",ene-11,2011,No
5113,103,Mastercard,Credit,5.02747E+15,mar-23,841,YES,2,"$8,500",oct-08,2008,No
3930,103,Mastercard,Debit,5.26016E+15,dic-14,234,YES,2,"$17,667",jul-10,2011,No
110,103,Visa,Debit,4.89125E+15,abr-23,860,YES,2,"$20,549",ene-06,2007,No
967,103,Mastercard,Debit,5.99854E+15,nov-09,863,YES,1,"$1,738",feb-99,2007,No
5681,1193,Visa,Debit,4.93338E+15,nov-20,961,YES,1,"$34,013",nov-12,2012,No
4023,1193,Mastercard,Debit,5.89619E+15,dic-22,194,YES,1,"$38,290",jul-14,2014,No
5962,1193,Mastercard,Debit,5.42924E+15,dic-18,151,YES,1,"$17,718",dic-09,2010,No
4533,1193,Mastercard,Debit,5.48537E+15,ene-20,442,NO,1,"$25,878",sep-03,2009,No
2963,1193,Mastercard,Debit,5.77111E+15,mar-13,600,YES,1,"$22,858",may-08,2010,No
5881,585,Mastercard,Debit,5.03557E+15,sep-24,348,NO,1,"$19,913",dic-07,2010,No
1560,1532,Mastercard,Debit,5.14672E+15,jun-22,597,YES,1,"$18,648",feb-20,2020,No
3215,1958,Mastercard,Debit,5.62289E+15,ene-23,818,YES,1,"$9,676",jun-00,2009,No
3680,1958,Visa,Credit,4.09065E+15,jul-24,347,YES,2,"$4,900",jul-02,2004,No
1283,1958,Visa,Debit (Prepaid),4.01549E+15,abr-23,455,YES,1,$62,feb-11,2011,No
3578,1958,Mastercard,Debit,5.33137E+15,ago-20,392,YES,1,"$17,957",jun-14,2014,No
3843,1958,Mastercard,Credit,5.12016E+15,oct-23,69,YES,2,"$13,100",jul-08,2008,No
4594,744,Discover,Credit,6.90747E+15,ene-21,78,YES,1,"$10,700",sep-06,2017,No
5720,744,Amex,Credit,3.97876E+14,abr-22,283,YES,1,"$14,400",nov-16,2016,No
4571,744,Amex,Credit,3.20875E+14,ago-21,637,YES,1,"$20,400",sep-05,2016,No
4158,744,Mastercard,Debit,5.21612E+15,dic-24,938,YES,2,"$1,816",ago-05,2009,No
2849,744,Amex,Credit,3.88895E+14,nov-09,475,YES,2,"$2,200",may-04,2008,No
4140,1836,Visa,Credit,4.47721E+15,ene-20,510,YES,2,"$4,600",ago-04,2011,No
2450,477,Visa,Debit (Prepaid),4.83243E+15,dic-22,771,YES,2,$91,abr-03,2015,No
2692,477,Mastercard,Credit,5.57336E+15,feb-24,39,NO,2,"$14,400",abr-12,2012,No
1064,477,Visa,Debit,4.99088E+15,sep-07,717,YES,1,"$18,647",feb-05,2007,No
4168,477,Visa,Credit,4.2057E+15,oct-20,715,YES,1,"$18,100",ago-05,2008,No
3419,477,Mastercard,Debit (Prepaid),5.45285E+15,abr-20,510,YES,2,$35,jun-09,2009,No
1835,1713,Visa,Debit,4.798E+15,abr-23,439,YES,1,"$19,079",feb-20,2020,No
804,1506,Visa,Debit,4.14617E+15,feb-20,127,YES,1,"$10,686",ene-20,2020,No
1836,1506,Visa,Debit,4.17028E+15,feb-21,886,YES,2,"$30,000",feb-20,2020,No
3706,357,Visa,Debit,4.90801E+15,jul-21,30,YES,1,"$41,221",jul-03,2011,No
2085,357,Mastercard,Debit,5.56561E+15,jul-24,214,YES,1,"$29,170",mar-05,2006,No
5481,357,Discover,Credit,6.19401E+15,abr-22,513,YES,3,"$19,800",nov-07,2011,No
2832,357,Visa,Credit,4.22779E+15,abr-22,326,YES,2,"$14,500",may-02,2007,No
4883,535,Mastercard,Credit,5.44997E+15,jun-24,172,YES,2,"$12,200",sep-15,2015,No
1085,778,Mastercard,Debit,5.72626E+15,mar-22,675,YES,2,"$1,500",feb-06,2018,No
3228,778,Visa,Credit,4.36742E+15,ago-14,163,NO,1,"$13,700",jun-01,2005,No
539,778,Mastercard,Debit,5.10336E+15,sep-23,3,YES,2,"$15,895",ene-20,2020,No
1837,950,Visa,Credit,4.98933E+15,abr-20,250,YES,1,"$3,000",feb-20,2020,No
2562,1080,Mastercard,Debit,5.65755E+15,jun-21,692,YES,1,"$1,470",abr-08,2008,No
5844,1080,Visa,Credit,4.59097E+15,dic-23,836,YES,2,"$5,500",dic-05,2010,No
1838,1197,Visa,Debit,4.32053E+15,dic-21,275,YES,2,"$4,326",feb-20,2020,No
1839,1197,Visa,Credit,4.71335E+15,may-23,290,YES,2,"$13,600",feb-20,2020,No
540,1197,Mastercard,Debit,5.08349E+15,ene-22,232,YES,1,"$37,002",ene-20,2020,No
4689,711,Visa,Debit,4.46002E+15,ene-20,704,YES,2,"$9,562",sep-08,2011,No
3995,1731,Mastercard,Debit,5.87275E+15,sep-20,772,YES,1,"$18,244",jul-12,2012,No
4888,1731,Visa,Debit (Prepaid),4.662E+15,sep-23,924,YES,2,$81,sep-15,2015,No
34,1731,Amex,Credit,3.75954E+14,dic-22,888,YES,1,"$13,700",ene-03,2017,No
5930,1731,Mastercard,Credit,5.22576E+15,jun-20,627,YES,1,"$6,000",dic-08,2010,No
2797,1731,Mastercard,Debit,5.54335E+15,nov-24,275,YES,1,"$16,409",may-98,2008,No
4616,1731,Visa,Debit,4.6013E+15,mar-22,652,YES,2,"$15,822",sep-06,2009,No
5810,451,Mastercard,Debit,5.23807E+15,sep-23,266,YES,2,"$1,447",dic-04,2010,No
3768,451,Mastercard,Credit,5.18709E+15,may-20,843,YES,3,"$6,600",jul-06,2010,No
3786,1290,Visa,Credit,4.60308E+15,oct-09,377,YES,1,"$15,700",jul-06,2011,No
3629,1290,Mastercard,Debit,5.58807E+15,ene-21,208,YES,2,"$26,704",jun-18,2018,No
2530,1817,Mastercard,Debit,5.68658E+15,dic-24,666,YES,2,"$43,033",abr-07,2013,No
1444,56,Discover,Credit,6.65855E+15,feb-24,578,YES,1,"$5,800",feb-20,2020,No
805,56,Visa,Credit,4.60967E+15,jul-23,820,YES,1,"$6,900",ene-20,2020,No
4949,1383,Mastercard,Debit,5.02729E+15,feb-22,118,YES,1,"$17,432",oct-01,2014,No
3146,1915,Mastercard,Debit,5.93765E+15,dic-24,903,YES,1,"$34,453",may-14,2014,No
4116,1915,Mastercard,Credit,5.89251E+15,abr-23,771,YES,1,"$14,800",ago-03,2018,No
5031,1915,Visa,Debit,4.75069E+15,feb-21,667,YES,1,"$2,603",oct-05,2012,No
2113,1915,Mastercard,Debit,5.40985E+15,oct-23,832,YES,2,"$11,568",mar-06,2008,No
3229,1882,Visa,Debit,4.84839E+15,ene-24,918,YES,1,"$35,943",jun-01,2009,No
2672,1882,Discover,Credit,6.50437E+15,ene-19,580,YES,1,"$13,600",abr-11,2011,No
5882,1882,Mastercard,Debit,5.96454E+15,mar-22,245,YES,2,"$8,671",dic-07,2009,No
3556,1467,Visa,Debit,4.4799E+15,dic-24,411,YES,1,"$24,498",jun-12,2012,No
5132,1791,Visa,Debit,4.27028E+15,sep-20,51,YES,1,"$21,751",oct-08,2008,No
2215,1791,Mastercard,Debit,5.3248E+15,nov-22,746,YES,3,"$18,021",mar-09,2009,No
4587,1791,Visa,Debit,4.51069E+15,ene-23,713,YES,2,"$7,830",sep-05,2010,No
2142,447,Mastercard,Debit,5.34529E+15,dic-21,888,YES,2,"$17,980",mar-07,2007,No
4617,447,Visa,Credit,4.65976E+15,ene-24,764,YES,2,"$9,000",sep-06,2008,No
5405,447,Mastercard,Debit,5.35779E+15,jul-12,544,YES,1,"$16,034",nov-04,2013,No
3692,447,Mastercard,Debit,5.62533E+15,dic-22,428,YES,2,$323,jul-03,2009,No
3865,447,Visa,Debit,4.60747E+15,jun-21,388,YES,1,"$6,611",jul-08,2008,No
4967,1640,Mastercard,Debit,5.59298E+15,jun-23,696,YES,1,"$14,231",oct-02,2010,No
5171,1640,Visa,Credit,4.89742E+15,ene-19,363,YES,1,"$11,400",oct-09,2009,No
1065,1640,Visa,Credit,4.53313E+15,oct-21,612,YES,2,"$5,900",feb-05,2009,No
4795,636,Visa,Debit,4.71199E+15,abr-22,577,YES,1,"$3,915",sep-10,2010,No
3420,636,Mastercard,Debit,5.89822E+15,ago-22,295,YES,2,"$8,882",jun-09,2015,No
4361,636,Mastercard,Debit,5.67361E+15,feb-20,990,YES,1,"$1,218",ago-11,2012,No
284,636,Visa,Debit,4.07149E+15,jul-20,498,YES,1,"$12,057",ene-11,2018,No
4169,782,Visa,Debit,4.31042E+15,ene-23,18,YES,2,"$13,435",ago-05,2008,No
3051,782,Mastercard,Debit,5.8631E+15,mar-24,62,NO,2,"$13,055",may-10,2010,No
2216,782,Mastercard,Debit (Prepaid),5.65952E+15,oct-20,634,YES,2,$85,mar-09,2011,No
29,316,Visa,Credit,4.935E+15,abr-21,547,YES,3,"$1,200",ene-02,2011,No
2038,316,Visa,Credit,4.33181E+15,ene-23,448,YES,2,"$10,500",mar-02,2010,No
4125,316,Amex,Credit,3.83177E+14,oct-21,459,YES,2,"$9,300",ago-04,2008,No
5857,316,Mastercard,Debit,5.6033E+15,jun-21,386,YES,1,"$14,056",dic-06,2008,No
1211,1192,Mastercard,Debit,5.30341E+15,oct-23,305,YES,1,"$2,001",feb-10,2018,No
541,787,Mastercard,Debit (Prepaid),5.53683E+15,nov-24,829,YES,1,$80,ene-20,2020,No
1561,787,Mastercard,Credit,5.73614E+15,feb-20,332,YES,1,"$19,500",feb-20,2020,No
1562,251,Mastercard,Debit,5.1797E+15,ene-22,41,YES,1,"$14,797",feb-20,2020,No
806,251,Visa,Debit,4.26304E+15,abr-21,719,YES,1,"$14,420",ene-20,2020,No
1563,1351,Mastercard,Credit,5.25034E+15,feb-20,728,YES,2,"$13,600",feb-20,2020,No
3769,490,Mastercard,Debit,5.30237E+15,sep-24,368,YES,2,"$3,013",jul-06,2006,No
5963,490,Mastercard,Debit,5.27721E+15,may-24,589,YES,1,"$22,304",dic-09,2010,No
176,490,Visa,Debit,4.65427E+15,oct-21,929,YES,3,"$30,242",ene-08,2013,No
5133,490,Visa,Debit,4.04859E+15,jul-19,741,YES,1,"$12,948",oct-08,2008,No
1564,1935,Mastercard,Debit,5.67733E+15,oct-20,768,YES,1,"$20,695",feb-20,2020,No
542,1935,Mastercard,Debit,5.70816E+15,ene-20,148,YES,2,"$23,716",ene-20,2020,No
1840,1935,Visa,Debit,4.1723E+15,may-20,477,YES,1,"$17,223",feb-20,2020,No
4601,387,Mastercard,Debit (Prepaid),5.95499E+15,nov-15,200,YES,2,$49,sep-06,2010,No
3103,869,Visa,Debit,4.70541E+15,abr-22,542,YES,2,"$19,792",may-11,2011,No
3104,869,Visa,Debit (Prepaid),4.75161E+15,sep-24,600,YES,2,$76,may-11,2011,No
4405,869,Mastercard,Debit,5.17602E+15,oct-23,444,YES,1,"$19,811",ago-13,2013,No
3517,869,Mastercard,Debit,5.73756E+15,nov-20,462,YES,2,"$17,602",jun-11,2011,No
5490,869,Mastercard,Debit (Prepaid),5.70904E+15,abr-21,579,YES,1,$96,nov-07,2011,No
1565,1865,Mastercard,Credit,5.57157E+15,ene-23,845,YES,2,"$36,900",feb-20,2020,No
1841,268,Visa,Debit,4.77214E+15,feb-20,231,YES,2,"$14,263",feb-20,2020,No
1566,268,Mastercard,Debit,5.45828E+15,feb-20,671,YES,2,"$3,013",feb-20,2020,No
543,268,Mastercard,Debit,5.17184E+15,dic-23,998,YES,2,"$17,789",ene-20,2020,No
6067,1124,Mastercard,Debit,5.12856E+15,mar-21,199,YES,1,"$7,184",dic-12,2012,No
5437,1124,Visa,Debit (Prepaid),4.89118E+15,may-22,936,YES,1,$62,nov-05,2007,No
4130,1124,Mastercard,Credit,5.25281E+15,mar-23,635,YES,2,"$8,300",ago-04,2018,No
1245,721,Visa,Credit,4.02441E+15,abr-22,865,YES,1,"$11,900",feb-10,2014,No
3949,721,Visa,Credit,4.47256E+15,dic-18,194,NO,2,"$2,000",jul-10,2010,No
4426,721,Mastercard,Debit,5.86995E+15,sep-23,672,YES,2,"$12,827",ago-14,2014,No
2563,721,Mastercard,Credit,5.93327E+15,sep-10,730,YES,1,"$10,800",abr-08,2012,No
3361,721,Visa,Debit,4.09336E+15,jun-21,202,YES,1,"$8,400",jun-07,2008,No
4377,721,Visa,Credit,4.65043E+15,oct-11,741,YES,2,"$6,700",ago-11,2011,No
158,813,Mastercard,Debit,5.18837E+15,oct-21,649,YES,2,"$13,417",ene-08,2008,No
2587,152,Visa,Debit (Prepaid),4.74551E+15,oct-21,371,YES,2,$60,abr-08,2009,No
2848,152,Visa,Credit,4.36194E+15,mar-21,649,YES,1,"$10,300",may-03,2016,No
1401,152,Amex,Credit,3.53042E+14,jun-21,896,YES,2,"$4,900",feb-20,2020,No
4272,1896,Visa,Debit,4.77232E+15,dic-15,104,YES,2,"$9,073",ago-08,2012,No
2944,1896,Visa,Debit,4.22297E+15,jul-23,816,YES,2,"$19,635",may-07,2018,No
1124,1896,Visa,Debit,4.74838E+15,feb-20,425,YES,1,"$21,207",feb-07,2007,No
4974,1896,Visa,Credit,4.46836E+15,dic-23,955,YES,1,"$14,000",oct-02,2008,No
4529,1896,Discover,Credit,6.77175E+15,nov-12,841,NO,1,"$14,400",sep-03,2011,No
1567,1028,Mastercard,Debit (Prepaid),5.81149E+15,jun-20,355,YES,1,$72,feb-20,2020,No
139,1028,Visa,Credit,4.83866E+15,ene-21,654,YES,1,"$24,600",ene-07,2011,No
2878,1028,Mastercard,Debit,5.15462E+15,may-22,7,YES,1,"$43,289",may-05,2017,No
2564,1028,Mastercard,Debit,5.24999E+15,feb-24,844,YES,2,"$16,475",abr-08,2009,No
342,1028,Amex,Credit,3.55983E+14,oct-23,647,NO,2,"$14,600",ene-15,2015,No
544,922,Mastercard,Debit (Prepaid),5.07047E+15,ene-20,783,YES,2,$28,ene-20,2020,No
4770,549,Mastercard,Credit,5.04526E+15,dic-22,83,NO,1,"$12,600",sep-10,2012,No
98,549,Mastercard,Debit,5.23142E+15,ene-17,865,YES,2,"$15,416",ene-06,2014,No
4467,549,Amex,Credit,3.05359E+14,feb-20,712,YES,2,"$7,100",ago-18,2018,No
2588,549,Visa,Credit,4.32109E+15,may-23,450,YES,2,"$16,200",abr-08,2013,No
5459,565,Mastercard,Debit,5.34551E+15,feb-20,181,YES,1,"$17,689",nov-06,2006,No
1314,565,Mastercard,Debit,5.12254E+15,nov-20,15,NO,1,"$18,090",feb-13,2013,No
4071,565,Visa,Debit,4.12565E+15,sep-24,385,NO,1,"$16,080",jul-18,2018,No
3175,565,Mastercard,Debit,5.97122E+15,ago-24,849,NO,1,"$17,599",may-16,2016,No
5829,1980,Mastercard,Debit,5.95093E+15,nov-23,808,YES,2,"$12,224",dic-05,2006,No
545,1494,Mastercard,Debit,5.54856E+15,sep-24,20,YES,1,"$8,998",ene-20,2020,No
3579,1494,Mastercard,Debit,5.97584E+15,sep-24,596,YES,2,"$10,726",jun-14,2014,No
1842,1494,Visa,Credit,4.00113E+15,feb-20,545,YES,1,"$6,300",feb-20,2020,No
2340,1494,Discover,Credit,6.25666E+15,ene-20,723,YES,2,"$4,400",mar-15,2015,No
5830,1809,Mastercard,Debit,5.98396E+15,mar-20,398,YES,2,"$18,089",dic-05,2013,No
2114,1809,Mastercard,Debit,5.26746E+15,abr-20,482,YES,1,"$10,683",mar-06,2009,No
4026,1809,Visa,Credit,4.99355E+15,may-21,872,YES,1,"$14,600",jul-14,2014,No
370,1809,Mastercard,Debit (Prepaid),5.65482E+15,ene-19,842,YES,1,$94,ene-18,2018,No
1338,1809,Mastercard,Debit,5.39689E+15,ago-24,7,YES,1,"$27,308",feb-14,2014,No
3866,1809,Visa,Credit,4.63891E+15,ene-22,730,YES,1,"$17,900",jul-08,2008,No
2981,637,Visa,Debit,4.71037E+15,dic-22,979,YES,1,"$26,410",may-08,2011,No
3745,637,Visa,Credit,4.66865E+15,oct-11,262,YES,2,"$28,600",jul-05,2011,No
2115,637,Mastercard,Debit,5.86164E+15,oct-19,253,YES,2,"$41,057",mar-06,2010,No
3078,637,Visa,Debit,4.76999E+15,ago-12,572,YES,2,"$3,864",may-10,2015,No
1402,1770,Amex,Credit,3.60626E+14,jun-22,933,YES,1,"$8,400",feb-20,2020,No
6054,1770,Visa,Debit,4.35743E+15,may-22,368,YES,1,"$5,024",dic-11,2012,No
1843,1770,Visa,Debit,4.02609E+15,sep-23,100,YES,2,"$10,607",feb-20,2020,No
5264,1770,Visa,Credit,4.90848E+15,dic-17,597,YES,1,$0,oct-12,2012,No
4427,527,Mastercard,Credit,5.04864E+15,sep-15,671,YES,2,"$10,500",ago-14,2014,No
546,1139,Mastercard,Debit,5.98667E+15,dic-21,654,YES,2,"$19,185",ene-20,2020,No
177,1459,Visa,Credit,4.38238E+15,may-20,622,NO,2,"$7,100",ene-08,2011,No
3147,1459,Mastercard,Credit,5.89099E+15,ago-14,901,YES,1,"$4,000",may-14,2014,No
3383,1459,Mastercard,Debit,5.19743E+15,ago-23,239,NO,2,"$12,708",jun-08,2008,No
352,1544,Amex,Credit,3.9118E+14,feb-22,329,YES,2,"$4,400",ene-16,2016,No
3137,1544,Visa,Debit,4.87518E+15,ene-20,251,YES,1,"$16,017",may-13,2013,No
547,1174,Mastercard,Debit,5.8602E+15,ago-24,281,YES,2,"$2,066",ene-20,2020,No
6040,112,Mastercard,Debit,5.6407E+15,may-20,931,YES,1,"$16,320",dic-11,2011,No
4398,112,Visa,Debit,4.9928E+15,dic-23,569,YES,2,"$13,060",ago-12,2012,No
1134,112,Amex,Credit,3.02014E+14,mar-22,649,YES,2,"$8,900",feb-08,2015,No
4339,112,Visa,Debit,4.6301E+15,jun-21,412,YES,2,"$10,517",ago-10,2014,No
3470,112,Mastercard,Debit,5.37428E+15,dic-24,56,NO,2,"$13,245",jun-10,2012,No
5378,369,Mastercard,Debit (Prepaid),5.4468E+15,ene-23,445,YES,1,$90,nov-02,2009,No
2779,369,Mastercard,Debit (Prepaid),5.15627E+15,dic-23,637,YES,1,$72,abr-18,2018,No
2982,369,Visa,Debit,4.29495E+15,abr-13,826,YES,1,"$18,280",may-08,2011,No
2443,369,Mastercard,Credit,5.14632E+15,nov-21,990,NO,1,"$13,600",abr-03,2012,No
2889,994,Visa,Debit,4.9929E+15,may-21,759,YES,1,"$12,778",may-05,2010,No
4008,994,Mastercard,Debit,5.10531E+15,jul-21,820,YES,1,"$12,917",jul-13,2013,No
50,994,Mastercard,Credit,5.31376E+15,ago-07,767,YES,2,"$6,000",ene-04,2010,No
3243,994,Visa,Debit,4.70066E+15,jun-23,777,YES,2,"$8,874",jun-02,2012,No
3904,994,Visa,Debit,4.58027E+15,sep-15,809,YES,2,"$4,322",jul-09,2013,No
3734,994,Mastercard,Debit,5.48932E+15,may-24,649,YES,1,"$9,219",jul-05,2008,No
5367,994,Mastercard,Debit,5.46575E+15,sep-21,326,YES,1,"$6,088",nov-01,2005,No
1403,1592,Amex,Credit,3.5752E+14,ene-22,371,YES,2,"$20,800",feb-20,2020,No
1844,1592,Visa,Credit,4.34687E+15,nov-20,171,YES,2,"$12,700",feb-20,2020,No
1845,1592,Visa,Debit (Prepaid),4.65635E+15,feb-20,733,YES,2,$76,feb-20,2020,No
3346,1029,Mastercard,Debit,5.04403E+15,abr-12,274,YES,2,"$12,760",jun-07,2009,No
5285,1029,Discover,Credit,6.30361E+15,sep-21,328,YES,1,"$3,600",oct-14,2014,No
3471,1029,Mastercard,Debit,5.98692E+15,sep-23,114,NO,2,"$15,894",jun-10,2010,No
1846,1680,Visa,Credit,4.04195E+15,sep-20,531,YES,2,"$11,500",feb-20,2020,No
5325,1680,Visa,Debit,4.63255E+15,ago-23,330,YES,2,"$21,439",oct-17,2017,No
5460,1052,Mastercard,Debit,5.00007E+15,oct-18,388,YES,1,"$32,165",nov-06,2014,No
3651,1052,Mastercard,Debit,5.75009E+15,sep-24,433,YES,2,"$12,346",jul-98,2006,No
3273,494,Mastercard,Credit,5.44564E+15,oct-21,265,YES,2,"$13,500",jun-04,2014,No
2333,494,Visa,Credit,4.63319E+15,jul-23,779,YES,2,"$12,700",mar-14,2014,No
1847,494,Visa,Debit,4.57808E+15,ene-24,45,YES,1,"$29,335",feb-20,2020,No
2890,94,Visa,Debit,4.04484E+15,jul-23,113,YES,1,"$16,962",may-05,2010,No
3313,94,Mastercard,Debit,5.46892E+15,may-07,571,YES,2,"$17,007",jun-06,2009,No
3931,425,Mastercard,Debit,5.55136E+15,feb-21,192,YES,1,"$43,673",jul-10,2011,No
6133,425,Mastercard,Debit,5.3099E+15,feb-20,972,YES,1,"$43,973",dic-17,2017,No
4447,425,Mastercard,Debit,5.29305E+15,may-18,166,YES,1,"$28,069",ago-15,2015,No
5149,425,Mastercard,Debit,5.79585E+15,nov-23,426,YES,1,"$30,366",oct-09,2009,No
2492,1720,Visa,Debit,4.06355E+15,may-20,737,YES,2,"$1,241",abr-05,2014,No
2642,1699,Mastercard,Debit (Prepaid),5.89906E+15,ene-20,49,YES,1,$70,abr-10,2010,No
2204,1699,Visa,Debit,4.69532E+15,ago-22,519,YES,1,"$60,610",mar-08,2008,No
4245,1699,Mastercard,Debit,5.38467E+15,may-22,508,YES,1,"$50,961",ago-08,2010,No
4437,1699,Visa,Debit,4.91355E+15,oct-20,412,YES,1,"$31,896",ago-14,2014,No
5043,1699,Amex,Credit,3.68846E+14,oct-13,144,YES,1,"$30,500",oct-06,2007,No
5593,1699,Amex,Credit,3.0405E+14,oct-15,923,YES,2,"$19,300",nov-10,2010,No
1018,1699,Mastercard,Credit,5.78232E+15,jun-06,758,YES,1,"$24,600",feb-03,2013,No
2922,1495,Amex,Credit,3.24324E+14,jul-16,548,YES,1,"$15,700",may-07,2013,No
4941,1495,Visa,Debit (Prepaid),4.98039E+15,ago-22,222,YES,2,$22,oct-99,2016,No
2071,1495,Visa,Credit,4.4558E+15,may-07,651,YES,1,"$3,100",mar-04,2011,No
3531,1495,Visa,Debit,4.21134E+15,abr-19,108,YES,1,"$42,241",jun-11,2012,No
5767,1495,Visa,Debit,4.12679E+15,jul-20,502,YES,1,"$25,497",dic-00,2012,No
1568,1495,Mastercard,Debit,5.5455E+15,feb-20,42,YES,1,"$28,188",feb-20,2020,No
2099,1495,Visa,Credit,4.76371E+15,abr-20,329,NO,2,"$14,300",mar-05,2012,No
548,1005,Mastercard,Debit,5.29781E+15,nov-20,436,YES,2,"$12,035",ene-20,2020,No
1569,439,Mastercard,Credit,5.33202E+15,feb-20,171,YES,2,"$10,800",feb-20,2020,No
2762,439,Mastercard,Debit,5.42706E+15,may-20,439,NO,1,"$16,332",abr-16,2016,No
5172,1285,Visa,Debit,4.11445E+15,dic-21,613,YES,2,"$6,724",oct-09,2011,No
3216,1285,Mastercard,Debit,5.60777E+15,dic-23,609,YES,2,"$20,933",jun-00,2014,No
2180,1973,Mastercard,Debit,5.90531E+15,ago-20,400,YES,1,"$25,253",mar-08,2008,No
1284,1973,Visa,Debit,4.17548E+15,abr-21,147,YES,2,"$13,202",feb-11,2011,No
2342,1973,Mastercard,Debit (Prepaid),5.36886E+15,mar-20,207,YES,2,$78,mar-15,2015,No
2879,1973,Mastercard,Debit,5.70057E+15,ene-21,37,YES,1,"$16,441",may-05,2008,No
549,448,Mastercard,Credit,5.11466E+15,feb-21,247,YES,2,"$7,200",ene-20,2020,No
4633,1907,Mastercard,Debit,5.90452E+15,sep-23,838,YES,1,"$8,342",sep-07,2009,No
550,1907,Mastercard,Credit,5.87388E+15,sep-21,895,YES,2,"$5,700",ene-20,2020,No
2660,73,Visa,Credit,4.81347E+15,mar-20,563,YES,1,"$14,300",abr-10,2010,No
2720,73,Visa,Debit,4.78236E+15,jun-24,12,NO,1,"$17,252",abr-13,2013,No
4713,73,Mastercard,Credit,5.04971E+15,jul-23,980,YES,1,"$11,900",sep-09,2012,No
4323,1097,Mastercard,Debit,5.0648E+15,ene-22,477,YES,1,"$10,445",ago-10,2010,No
4324,1097,Mastercard,Debit (Prepaid),5.10137E+15,may-11,237,YES,1,$73,ago-10,2010,No
4690,1097,Visa,Debit,4.43875E+15,may-22,781,YES,1,"$17,319",sep-08,2010,No
5728,1644,Visa,Credit,4.62391E+15,feb-20,314,YES,2,"$9,400",nov-16,2016,No
3089,1644,Discover,Credit,6.24434E+15,abr-15,414,YES,2,"$8,900",may-11,2014,No
5525,1644,Mastercard,Debit,5.54348E+15,abr-21,192,YES,2,"$9,324",nov-08,2009,No
3867,1644,Visa,Debit,4.02373E+15,ene-24,3,YES,2,"$8,834",jul-08,2017,No
3001,1644,Mastercard,Debit,5.99814E+15,may-22,174,YES,1,"$8,304",may-09,2013,No
3444,1644,Visa,Credit,4.71574E+15,jul-23,643,YES,1,"$10,900",jun-09,2009,No
982,967,Visa,Credit,4.24919E+15,mar-14,613,YES,2,"$9,300",feb-00,2006,No
3118,967,Mastercard,Debit,5.50591E+15,sep-12,646,YES,1,"$10,946",may-12,2012,No
1570,1929,Mastercard,Debit,5.95051E+15,feb-20,729,YES,2,"$24,576",feb-20,2020,No
4650,1114,Visa,Credit,4.41706E+15,oct-17,693,YES,2,"$12,500",sep-07,2013,No
4246,1114,Mastercard,Debit (Prepaid),5.69446E+15,ene-24,86,YES,2,$40,ago-08,2009,No
4325,1114,Mastercard,Debit,5.62011E+15,nov-24,339,YES,2,"$21,408",ago-10,2015,No
1029,1087,Mastercard,Debit,5.4035E+15,feb-20,642,NO,1,"$9,433",feb-04,2009,No
3266,1087,Amex,Credit,3.45939E+14,nov-20,382,YES,2,"$7,400",jun-04,2006,No
1571,95,Mastercard,Debit,5.5385E+15,feb-20,247,YES,1,"$34,858",feb-20,2020,No
1848,95,Visa,Debit,4.18496E+15,feb-20,526,NO,1,"$28,147",feb-20,2020,No
551,1778,Mastercard,Debit,5.6403E+15,ago-22,259,YES,1,"$13,857",ene-20,2020,No
1572,1778,Mastercard,Debit,5.99574E+15,sep-21,674,YES,2,"$10,236",feb-20,2020,No
3770,1031,Mastercard,Credit,5.30009E+15,abr-24,94,YES,1,"$15,700",jul-06,2010,No
130,1031,Mastercard,Debit,5.4384E+15,may-21,868,YES,2,"$25,080",ene-07,2012,No
2565,1031,Mastercard,Debit,5.47734E+15,jun-12,801,YES,2,"$31,604",abr-08,2014,No
4009,1031,Mastercard,Credit,5.44519E+15,oct-15,194,YES,2,"$5,600",jul-13,2013,No
5698,1031,Mastercard,Debit,5.17909E+15,mar-22,274,YES,1,"$16,220",nov-14,2014,No
3002,1031,Mastercard,Debit,5.98495E+15,nov-21,289,YES,1,"$44,568",may-09,2011,No
196,1031,Mastercard,Credit,5.30153E+15,jul-12,424,YES,2,"$12,500",ene-09,2009,No
4714,1031,Mastercard,Credit,5.97289E+15,abr-15,441,YES,2,"$12,200",sep-09,2009,No
1849,788,Visa,Debit,4.77161E+15,jun-21,353,YES,2,"$27,220",feb-20,2020,No
1573,788,Mastercard,Debit,5.10984E+15,dic-24,456,YES,2,"$14,303",feb-20,2020,No
3571,728,Visa,Debit,4.43435E+15,ago-20,920,YES,2,"$10,289",jun-13,2013,No
1174,728,Mastercard,Debit,5.20635E+15,jun-19,337,YES,2,"$10,618",feb-09,2009,No
3421,728,Mastercard,Debit,5.55482E+15,may-10,894,YES,2,"$10,909",jun-09,2009,No
1246,1639,Visa,Debit,4.97366E+15,feb-23,703,YES,2,"$31,554",feb-10,2010,No
807,1587,Visa,Debit,4.60058E+15,feb-20,105,YES,1,"$35,148",ene-20,2020,No
3996,1587,Mastercard,Debit,5.63879E+15,feb-20,531,YES,2,"$35,968",jul-12,2012,No
3034,1587,Amex,Credit,3.43246E+14,jul-22,728,YES,1,"$30,900",may-10,2016,No
5308,1883,Visa,Debit,4.74529E+15,dic-17,291,YES,1,"$22,122",oct-15,2015,No
4551,1883,Mastercard,Debit,5.39156E+15,ene-23,139,YES,1,"$21,240",sep-04,2006,No
4865,1883,Visa,Debit,4.11419E+15,jul-23,606,YES,2,"$33,181",sep-13,2013,No
3401,1883,Visa,Credit,4.97107E+15,nov-16,354,YES,2,"$13,900",jun-08,2008,No
2773,712,Visa,Debit,4.89148E+15,dic-18,326,YES,2,"$18,316",abr-17,2017,No
3615,712,Visa,Debit,4.04743E+15,may-24,615,YES,1,"$14,858",jun-16,2016,No
5506,712,Visa,Debit,4.16796E+15,oct-22,954,YES,1,"$21,414",nov-07,2008,No
4758,712,Discover,Credit,6.44332E+15,jul-21,518,YES,1,"$14,900",sep-10,2010,No
3804,712,Mastercard,Debit,5.40087E+15,jun-20,591,YES,1,"$12,992",jul-07,2015,No
4247,1414,Mastercard,Credit,5.95452E+15,feb-20,394,YES,1,"$8,300",ago-08,2013,No
2057,1414,Mastercard,Debit (Prepaid),5.37676E+15,abr-11,26,YES,1,$56,mar-04,2008,No
2205,1414,Visa,Debit,4.95241E+15,sep-23,78,YES,2,"$5,283",mar-08,2010,No
2077,1414,Discover,Credit,6.66963E+15,mar-12,182,YES,2,"$10,600",mar-05,2008,No
552,243,Mastercard,Debit,5.79551E+15,mar-23,987,YES,1,"$5,158",ene-20,2020,No
4475,146,Visa,Debit,4.77892E+15,feb-21,656,YES,1,"$30,320",ago-18,2018,No
1143,146,Mastercard,Credit,5.89512E+15,nov-22,726,YES,1,"$14,200",feb-08,2011,No
2470,146,Visa,Debit,4.41751E+15,mar-21,178,YES,1,"$28,911",abr-04,2011,No
1574,715,Mastercard,Debit,5.09863E+15,abr-23,18,YES,2,"$65,185",feb-20,2020,No
6141,715,Mastercard,Debit,5.36952E+15,ago-22,597,YES,1,"$36,570",dic-19,2019,No
5858,1489,Mastercard,Debit,5.8154E+15,dic-06,896,YES,1,"$14,138",dic-06,2011,No
1850,1232,Visa,Debit,4.51547E+15,jun-20,464,YES,1,"$21,752",feb-20,2020,No
808,1232,Visa,Debit,4.0097E+15,jun-20,922,YES,2,"$23,137",ene-20,2020,No
5469,842,Visa,Debit,4.21299E+15,ene-21,884,YES,1,"$32,808",nov-06,2012,No
553,486,Mastercard,Debit,5.96124E+15,feb-20,108,NO,1,"$29,674",ene-20,2020,No
4993,763,Visa,Credit,4.00039E+15,oct-21,408,YES,2,"$24,300",oct-03,2007,No
5393,154,Visa,Debit,4.90081E+15,ene-24,23,YES,2,"$17,280",nov-03,2014,No
4340,154,Visa,Debit,4.28782E+15,nov-22,878,YES,2,"$4,660",ago-10,2013,No
159,154,Mastercard,Debit,5.17511E+15,mar-11,151,YES,2,"$12,557",ene-08,2013,No
5703,704,Visa,Debit,4.64347E+15,mar-24,281,YES,2,"$49,425",nov-14,2014,No
4010,704,Mastercard,Debit,5.69695E+15,feb-24,206,YES,1,"$47,330",jul-13,2013,No
3997,704,Mastercard,Debit,5.31779E+15,feb-20,205,YES,2,"$50,774",jul-12,2012,No
2168,704,Amex,Credit,3.6478E+14,dic-22,611,YES,1,"$22,800",mar-08,2008,No
5387,704,Mastercard,Debit,5.03631E+15,dic-09,979,YES,2,"$75,640",nov-03,2009,No
2945,704,Visa,Debit,4.46342E+15,dic-24,763,YES,1,"$65,540",may-07,2012,No
1851,1409,Visa,Debit,4.15788E+15,sep-23,927,YES,2,"$16,998",feb-20,2020,No
809,1601,Visa,Credit,4.52078E+15,feb-23,938,YES,2,"$12,300",ene-20,2020,No
1852,1601,Visa,Credit,4.48302E+15,may-21,825,NO,1,"$17,100",feb-20,2020,No
226,729,Mastercard,Debit,5.2795E+15,feb-20,613,YES,2,"$23,039",ene-10,2010,No
298,729,Mastercard,Debit,5.27948E+15,abr-23,166,YES,1,"$17,795",ene-12,2012,No
2217,729,Mastercard,Credit,5.95867E+15,dic-22,906,YES,2,"$9,000",mar-09,2011,No
5507,729,Visa,Debit,4.8501E+15,may-08,361,YES,1,"$14,424",nov-07,2010,No
3905,729,Visa,Credit,4.36725E+15,ago-22,956,YES,2,"$5,700",jul-09,2011,No
4024,729,Mastercard,Debit,5.21969E+15,dic-14,164,NO,1,"$14,626",jul-14,2014,No
1306,1016,Visa,Credit,4.72059E+15,ene-23,320,YES,1,$200,feb-12,2012,No
5883,1016,Mastercard,Debit,5.47083E+15,jul-21,682,YES,1,$282,dic-07,2009,No
2086,1016,Mastercard,Debit,5.5738E+15,dic-19,547,YES,2,$350,mar-05,2011,No
4771,1214,Mastercard,Debit,5.9379E+15,ago-20,832,NO,2,"$42,537",sep-10,2010,No
5508,1214,Visa,Debit,4.96817E+15,may-21,607,YES,1,"$21,073",nov-07,2011,No
1404,1760,Amex,Credit,3.5672E+14,may-22,536,YES,1,"$14,600",feb-20,2020,No
1575,1760,Mastercard,Debit,5.4167E+15,oct-24,938,YES,2,"$10,722",feb-20,2020,No
1853,927,Visa,Debit,4.09507E+15,feb-24,892,NO,2,"$27,618",feb-20,2020,No
4809,927,Mastercard,Debit,5.11859E+15,abr-20,847,YES,1,"$27,180",sep-11,2011,No
554,1667,Mastercard,Debit,5.42162E+15,ene-20,724,YES,2,"$10,522",ene-20,2020,No
5379,1796,Mastercard,Debit,5.34607E+15,abr-20,558,NO,2,"$18,555",nov-02,2011,No
3998,1796,Mastercard,Debit,5.41956E+15,nov-20,119,NO,1,"$16,746",jul-12,2012,No
4850,1796,Mastercard,Debit,5.3633E+15,feb-18,610,YES,1,"$15,974",sep-13,2013,No
2964,179,Mastercard,Debit,5.07863E+15,nov-24,417,YES,2,"$17,417",may-08,2009,No
1854,179,Visa,Debit,4.27578E+15,may-22,497,YES,2,$519,feb-20,2020,No
5831,395,Mastercard,Credit,5.12836E+15,jul-09,544,YES,1,"$11,500",dic-05,2013,No
3950,395,Visa,Credit,4.54463E+15,ago-22,761,YES,1,"$10,100",jul-10,2011,No
5192,395,Mastercard,Debit,5.22046E+15,ago-14,915,YES,2,"$26,174",oct-10,2011,No
2027,395,Visa,Credit,4.85139E+15,feb-24,137,YES,2,"$16,400",mar-01,2011,No
1855,513,Visa,Credit,4.66754E+15,sep-20,606,YES,1,"$8,000",feb-20,2020,No
810,513,Visa,Credit,4.66473E+15,nov-21,869,YES,2,"$9,800",ene-20,2020,No
1354,513,Mastercard,Debit,5.97499E+15,sep-21,939,YES,1,"$24,645",feb-15,2015,No
6139,513,Visa,Debit,4.53567E+15,dic-18,691,YES,2,"$14,805",dic-18,2018,No
4618,187,Visa,Credit,4.50858E+15,ene-19,224,NO,1,"$3,100",sep-06,2006,No
2483,491,Mastercard,Debit,5.10195E+15,mar-24,990,YES,2,"$6,710",abr-05,2013,No
3236,491,Mastercard,Debit,5.43881E+15,mar-18,668,YES,2,"$7,176",jun-02,2012,No
2050,491,Visa,Credit,4.30736E+15,ago-21,775,YES,2,"$8,000",mar-03,2008,No
2021,1153,Mastercard,Debit (Prepaid),5.02617E+15,sep-24,271,YES,2,$64,mar-01,2006,No
3906,377,Visa,Credit,4.9624E+15,sep-22,266,YES,2,"$16,400",jul-09,2009,No
4669,377,Mastercard,Debit,5.02208E+15,oct-22,893,YES,2,"$2,536",sep-08,2008,No
1175,377,Mastercard,Debit,5.0094E+15,nov-23,417,YES,1,"$30,403",feb-09,2014,No
4602,377,Mastercard,Debit,5.87069E+15,feb-24,916,NO,1,"$32,636",sep-06,2016,No
3003,377,Mastercard,Debit,5.07077E+15,sep-20,210,YES,2,"$2,536",may-09,2009,No
3176,850,Mastercard,Debit,5.9814E+15,feb-20,754,YES,2,"$23,072",may-16,2016,No
5699,850,Mastercard,Debit,5.94444E+15,jun-22,246,YES,1,"$20,881",nov-14,2014,No
3017,1186,Visa,Debit,4.84506E+15,ene-21,278,YES,1,"$12,325",may-09,2009,No
61,1186,Visa,Debit (Prepaid),4.6847E+15,sep-22,621,YES,1,$47,ene-04,2013,No
2946,1186,Visa,Debit,4.73139E+15,nov-20,782,YES,2,"$3,433",may-07,2007,No
3306,1694,Visa,Credit,4.86711E+15,may-24,494,YES,1,"$16,900",jun-05,2014,No
5032,1694,Visa,Debit (Prepaid),4.93224E+15,ene-21,185,YES,2,$31,oct-05,2013,No
5944,1694,Visa,Credit,4.02099E+15,feb-24,94,YES,2,"$17,700",dic-08,2011,No
5288,1694,Mastercard,Debit,5.68938E+15,nov-16,656,NO,1,"$23,995",oct-14,2014,No
3079,1694,Visa,Credit,4.32511E+15,dic-24,658,YES,1,"$16,900",may-10,2010,No
5668,716,Mastercard,Debit (Prepaid),5.49408E+15,jul-13,855,NO,1,$60,nov-12,2012,No
811,716,Visa,Credit,4.29567E+15,ene-23,900,YES,1,"$7,000",ene-20,2020,No
555,716,Mastercard,Debit,5.51398E+15,mar-23,404,YES,2,"$7,139",ene-20,2020,No
3965,716,Discover,Credit,6.84969E+15,mar-24,590,YES,2,"$5,200",jul-11,2011,No
556,716,Mastercard,Debit,5.16945E+15,sep-21,443,YES,1,"$10,199",ene-20,2020,No
4715,716,Mastercard,Credit,5.16835E+15,feb-24,700,YES,1,"$9,800",sep-09,2009,No
5604,1131,Mastercard,Debit,5.12092E+15,may-21,974,YES,2,"$21,417",nov-10,2010,No
3093,1131,Mastercard,Credit,5.47724E+15,jul-23,908,YES,1,"$14,600",may-11,2018,No
4378,1131,Visa,Debit,4.41051E+15,may-23,405,NO,2,"$23,898",ago-11,2011,No
3347,1131,Mastercard,Credit,5.67763E+15,nov-07,707,YES,2,"$18,200",jun-07,2008,No
3052,1719,Mastercard,Debit,5.64999E+15,may-22,600,YES,2,"$16,034",may-10,2010,No
2058,1719,Mastercard,Debit,5.03407E+15,mar-22,285,YES,2,"$24,775",mar-04,2010,No
4942,1719,Mastercard,Debit,5.07987E+15,jun-22,200,YES,2,"$1,976",oct-00,2008,No
557,254,Mastercard,Credit,5.78673E+15,abr-24,230,YES,2,"$15,900",ene-20,2020,No
1247,254,Visa,Debit,4.81707E+15,jun-20,185,YES,2,"$27,623",feb-10,2018,No
1576,254,Mastercard,Debit,5.75209E+15,dic-21,728,YES,1,"$17,584",feb-20,2020,No
2717,226,Mastercard,Debit,5.39212E+15,mar-18,949,YES,1,"$56,640",abr-13,2013,No
1856,226,Visa,Debit,4.25028E+15,oct-22,648,YES,1,"$39,553",feb-20,2020,No
812,226,Visa,Debit,4.04242E+15,oct-22,437,YES,2,"$42,218",ene-20,2020,No
4834,1307,Mastercard,Credit,5.94874E+15,may-21,950,YES,1,"$21,900",sep-12,2012,No
5912,1307,Visa,Credit,4.4622E+15,ene-14,58,YES,2,"$18,700",dic-07,2009,No
2810,1307,Visa,Credit,4.75762E+15,feb-21,258,YES,2,"$29,200",may-00,2010,No
3730,1307,Discover,Credit,6.89467E+15,jun-24,882,YES,1,"$26,600",jul-05,2009,No
111,1307,Visa,Debit,4.21226E+15,oct-21,186,YES,2,"$17,280",ene-06,2012,No
5060,1095,Visa,Debit,4.26461E+15,feb-20,66,YES,1,"$14,761",oct-06,2011,No
335,1095,Visa,Debit,4.47698E+15,ago-22,789,YES,1,"$15,158",ene-14,2014,No
4691,1095,Visa,Debit,4.7614E+15,jun-21,579,YES,1,"$16,464",sep-08,2009,No
5461,1095,Mastercard,Debit,5.1576E+15,nov-17,354,YES,2,"$19,100",nov-06,2007,No
5669,1095,Mastercard,Debit,5.16216E+15,mar-22,367,YES,1,"$19,332",nov-12,2012,No
5150,1729,Mastercard,Debit,5.02819E+15,ene-20,644,YES,2,"$39,431",oct-09,2016,No
4634,1466,Mastercard,Credit,5.8014E+15,oct-24,190,NO,1,"$9,800",sep-07,2015,No
5884,1466,Mastercard,Debit,5.94685E+15,sep-20,405,YES,1,"$1,866",dic-07,2014,No
6055,1226,Visa,Debit (Prepaid),4.85681E+15,oct-24,49,YES,1,$64,dic-11,2011,No
4159,1226,Mastercard,Credit,5.19195E+15,abr-21,7,YES,2,"$9,600",ago-05,2013,No
2231,1226,Visa,Debit,4.70345E+15,jun-23,540,YES,1,"$10,000",mar-09,2012,No
4126,1755,Discover,Credit,6.48973E+15,mar-21,894,YES,1,"$7,600",ago-04,2011,No
998,1755,Mastercard,Debit (Prepaid),5.34654E+15,sep-24,883,YES,2,$44,feb-02,2012,No
4228,1755,Visa,Debit,4.46762E+15,oct-20,60,YES,1,"$12,519",ago-07,2009,No
2857,1755,Mastercard,Debit,5.6586E+15,feb-10,436,YES,1,"$4,067",may-04,2020,No
1248,1755,Visa,Debit,4.354E+15,oct-16,159,YES,2,$367,feb-10,2015,No
1315,1755,Mastercard,Credit,5.56082E+15,sep-17,173,YES,2,"$9,400",feb-13,2013,No
558,475,Mastercard,Debit,5.37743E+15,ene-22,246,YES,1,"$15,579",ene-20,2020,No
4975,1956,Visa,Credit,4.20831E+15,sep-06,135,YES,1,"$11,500",oct-02,2009,No
5642,1956,Discover,Credit,6.67931E+15,sep-21,558,NO,2,"$9,500",nov-11,2011,No
1125,1956,Visa,Debit,4.89868E+15,ene-23,802,YES,1,"$13,356",feb-07,2007,No
2451,1956,Visa,Debit,4.72718E+15,feb-20,986,YES,1,"$16,385",abr-03,2011,No
320,706,Visa,Credit,4.39504E+15,nov-23,115,YES,2,"$12,500",ene-13,2013,No
4284,706,Amex,Credit,3.28201E+14,may-17,545,YES,1,"$13,700",ago-09,2013,No
5114,474,Mastercard,Debit,5.78608E+15,oct-21,819,YES,1,"$37,303",oct-08,2011,No
2493,474,Visa,Credit,4.70008E+15,abr-15,487,YES,1,"$16,900",abr-05,2014,No
3844,474,Mastercard,Debit,5.17152E+15,nov-20,781,YES,2,"$33,723",jul-08,2010,No
4034,474,Discover,Credit,6.64675E+15,sep-22,583,YES,2,"$14,600",jul-15,2015,No
2218,474,Mastercard,Debit,5.70747E+15,mar-22,233,YES,1,"$38,084",mar-09,2010,No
5845,474,Visa,Credit,4.92032E+15,ene-21,328,YES,2,"$22,300",dic-05,2014,No
5406,1259,Mastercard,Debit,5.78923E+15,nov-24,375,YES,2,"$62,760",nov-04,2010,No
3422,1259,Mastercard,Debit (Prepaid),5.0185E+15,jun-22,319,YES,1,$62,jun-09,2009,No
5913,1259,Visa,Debit (Prepaid),4.99869E+15,ago-23,839,YES,1,$76,dic-07,2011,No
2045,1259,Mastercard,Debit,5.93239E+15,abr-14,612,YES,1,"$98,334",mar-03,2007,No
3289,1259,Mastercard,Debit,5.68156E+15,abr-21,699,YES,2,"$141,391",jun-05,2005,No
2006,1259,Visa,Debit,4.60604E+15,jul-22,40,YES,1,"$78,790",mar-97,2011,No
3384,320,Mastercard,Debit,5.4213E+15,sep-24,889,NO,2,"$15,292",jun-08,2011,No
1144,320,Mastercard,Debit,5.62183E+15,oct-12,690,YES,3,"$11,696",feb-08,2015,No
1405,93,Amex,Credit,3.38538E+14,sep-24,557,YES,2,"$11,400",feb-20,2020,No
1577,93,Mastercard,Debit (Prepaid),5.46953E+15,feb-20,372,YES,2,$0,feb-20,2020,No
6028,93,Visa,Debit,4.476E+15,ene-24,865,YES,2,"$10,198",dic-10,2013,No
6091,93,Visa,Credit,4.23134E+15,feb-21,441,YES,1,"$1,800",dic-13,2013,No
6001,1182,Mastercard,Debit,5.75118E+15,dic-21,718,YES,1,"$5,716",dic-10,2020,No
2852,150,Discover,Credit,6.2523E+15,may-20,976,YES,3,"$22,400",may-04,2015,No
2505,150,Mastercard,Debit,5.33197E+15,sep-21,39,YES,2,"$16,872",abr-06,2010,No
5775,150,Visa,Debit,4.56608E+15,jun-18,347,YES,2,"$7,202",dic-01,2016,No
1578,1327,Mastercard,Debit,5.19028E+15,nov-22,789,YES,1,"$15,516",feb-20,2020,No
1579,1327,Mastercard,Debit,5.39237E+15,ago-21,97,YES,1,"$18,462",feb-20,2020,No
5019,784,Discover,Credit,6.31423E+15,ago-23,102,YES,1,"$7,800",oct-05,2008,No
347,784,Mastercard,Debit (Prepaid),5.89025E+15,nov-22,136,YES,2,$64,ene-15,2015,No
3373,784,Amex,Credit,3.74654E+14,ago-23,358,YES,2,"$15,400",jun-08,2015,No
4987,784,Mastercard,Debit (Prepaid),5.9851E+15,feb-12,13,YES,1,$12,oct-03,2012,No
1580,1471,Mastercard,Credit,5.17133E+15,feb-24,23,YES,1,"$5,900",feb-20,2020,No
3094,1471,Mastercard,Credit,5.15551E+15,feb-20,151,YES,1,"$7,900",may-11,2011,No
1581,367,Mastercard,Debit (Prepaid),5.04934E+15,abr-22,43,NO,1,$83,feb-20,2020,No
1582,367,Mastercard,Credit,5.39577E+15,abr-24,11,YES,2,"$6,200",feb-20,2020,No
4326,1050,Mastercard,Debit,5.04493E+15,abr-22,812,YES,2,"$2,072",ago-10,2010,No
3472,1050,Mastercard,Debit,5.25434E+15,jul-24,93,YES,2,"$10,224",jun-10,2016,No
5214,1050,Visa,Debit (Prepaid),4.47572E+15,nov-19,237,YES,2,$49,oct-10,2010,No
2661,207,Visa,Credit,4.84211E+15,ene-22,786,YES,1,"$7,700",abr-10,2010,No
2506,207,Mastercard,Debit,5.58471E+15,may-23,188,YES,1,"$16,266",abr-06,2007,No
2143,207,Mastercard,Debit (Prepaid),5.65704E+15,dic-15,742,YES,2,$9,mar-07,2015,No
2260,207,Visa,Debit,4.14998E+15,feb-21,426,YES,2,"$5,141",mar-10,2010,No
385,207,Visa,Credit,4.61201E+15,sep-22,929,YES,1,"$5,800",ene-19,2019,No
1583,1838,Mastercard,Debit,5.23005E+15,jun-24,621,YES,2,"$1,990",feb-20,2020,No
5002,798,Amex,Credit,3.28676E+14,ago-10,66,YES,1,"$13,900",oct-04,2010,No
2833,798,Visa,Credit,4.07575E+15,jul-22,157,YES,2,"$19,700",may-02,2011,No
5870,798,Visa,Debit,4.41557E+15,sep-20,811,YES,2,"$29,740",dic-06,2011,No
963,798,Visa,Debit,4.90535E+15,jul-23,814,YES,2,"$30,039",feb-98,2010,No
2693,1207,Mastercard,Credit,5.67083E+15,nov-20,143,YES,1,"$16,800",abr-12,2012,No
6056,1207,Visa,Debit,4.0931E+15,ago-21,507,YES,1,"$17,010",dic-11,2011,No
5805,1207,Discover,Credit,6.13531E+15,ene-14,814,YES,2,"$22,800",dic-04,2016,No
3138,1012,Visa,Debit,4.07812E+15,dic-22,754,YES,1,"$21,086",may-13,2013,No
3580,1012,Mastercard,Debit,5.89341E+15,ago-15,336,YES,1,"$14,531",jun-14,2014,No
4896,844,Mastercard,Credit,5.51676E+15,dic-24,683,NO,2,"$8,900",sep-16,2016,No
3445,844,Visa,Credit,4.15029E+15,may-13,896,YES,1,"$10,000",jun-09,2016,No
5234,334,Mastercard,Debit,5.52646E+15,abr-22,100,YES,1,"$14,227",oct-11,2012,No
5595,334,Discover,Credit,6.17991E+15,abr-21,135,YES,2,"$11,200",nov-10,2010,No
2522,334,Amex,Credit,3.20108E+14,feb-20,764,YES,1,"$9,500",abr-07,2010,No
813,815,Visa,Credit,4.47749E+15,ene-20,49,YES,1,"$5,200",ene-20,2020,No
1393,815,Visa,Debit (Prepaid),4.47609E+15,abr-19,428,YES,1,$111,feb-19,2019,No
5964,1100,Mastercard,Debit,5.57483E+15,jun-21,598,YES,1,"$14,532",dic-09,2020,No
5079,1100,Mastercard,Debit,5.6894E+15,oct-24,108,YES,1,"$30,044",oct-07,2011,No
559,407,Mastercard,Debit,5.45075E+15,jul-21,706,YES,2,"$21,749",ene-20,2020,No
1406,407,Amex,Credit,3.72726E+14,feb-20,995,YES,2,"$15,800",feb-20,2020,No
560,407,Mastercard,Debit (Prepaid),5.84167E+15,jul-22,278,YES,2,$22,ene-20,2020,No
428,407,Discover,Credit,6.74763E+15,feb-20,65,YES,1,"$14,300",ene-20,2020,No
5780,1244,Mastercard,Debit,5.98455E+15,feb-24,332,YES,1,"$14,270",dic-02,2014,No
5885,1740,Mastercard,Debit,5.82399E+15,may-11,972,YES,2,"$23,189",dic-07,2008,No
2382,1740,Mastercard,Debit,5.03964E+15,ene-21,50,YES,1,"$20,612",mar-19,2019,No
1584,1740,Mastercard,Debit,5.48935E+15,nov-21,288,YES,2,"$22,424",feb-20,2020,No
5338,1740,Mastercard,Debit,5.6913E+15,oct-19,19,YES,1,"$17,748",oct-19,2019,No
4248,1754,Mastercard,Debit,5.98992E+15,jun-22,242,YES,1,"$3,039",ago-08,2008,No
2898,1184,Mastercard,Debit,5.56148E+15,may-20,302,YES,1,"$39,751",may-06,2007,No
6107,1184,Mastercard,Debit,5.66526E+15,dic-15,279,YES,1,"$27,876",dic-15,2015,No
4202,1184,Mastercard,Debit,5.09162E+15,nov-23,902,YES,2,"$21,743",ago-07,2007,No
4897,1184,Mastercard,Debit,5.98968E+15,ago-23,683,YES,2,"$21,120",sep-16,2016,No
3932,1184,Mastercard,Debit,5.82745E+15,jul-20,580,YES,1,"$29,828",jul-10,2011,No
1585,1440,Mastercard,Debit,5.35185E+15,nov-21,520,NO,1,"$9,740",feb-20,2020,No
2104,200,Discover,Credit,6.98877E+15,abr-07,936,YES,2,"$14,600",mar-06,2014,No
2875,200,Amex,Credit,3.42172E+14,abr-23,59,YES,2,"$1,400",may-05,2009,No
1339,200,Mastercard,Debit,5.95091E+15,mar-14,93,YES,1,"$18,552",feb-14,2014,No
3970,1446,Mastercard,Debit,5.88625E+15,feb-20,334,YES,2,"$14,624",jul-11,2015,No
3160,1446,Amex,Credit,3.51995E+14,dic-22,441,YES,2,"$2,600",may-15,2015,No
1857,1446,Visa,Debit (Prepaid),4.38142E+15,jun-22,539,YES,3,$84,feb-20,2020,No
3181,1446,Visa,Debit,4.7701E+15,feb-20,63,NO,1,"$9,915",may-16,2016,No
2002,1263,Mastercard,Debit,5.07118E+15,ene-21,738,YES,2,"$9,094",mar-93,2011,No
140,1263,Visa,Debit,4.19528E+15,dic-20,740,YES,1,"$16,513",ene-07,2011,No
1445,1263,Discover,Credit,6.2705E+15,feb-20,54,YES,1,"$8,700",feb-20,2020,No
1586,1483,Mastercard,Debit,5.41175E+15,ago-21,353,YES,1,"$19,952",feb-20,2020,No
814,1483,Visa,Debit,4.04437E+15,nov-22,109,YES,1,"$17,804",ene-20,2020,No
561,1085,Mastercard,Debit,5.24961E+15,ago-23,248,YES,1,"$33,150",ene-20,2020,No
1587,1085,Mastercard,Debit (Prepaid),5.07861E+15,feb-20,332,NO,1,$57,feb-20,2020,No
5235,1085,Mastercard,Debit (Prepaid),5.49273E+15,nov-22,819,YES,1,$55,oct-11,2011,No
1588,1961,Mastercard,Debit,5.20729E+15,feb-20,808,YES,2,"$8,668",feb-20,2020,No
1589,1961,Mastercard,Credit,5.14114E+15,feb-20,787,YES,2,"$10,200",feb-20,2020,No
5859,776,Mastercard,Debit,5.37056E+15,oct-20,89,YES,1,"$48,344",dic-06,2006,No
3105,776,Visa,Debit,4.14757E+15,jul-20,384,YES,2,"$25,020",may-11,2011,No
354,890,Mastercard,Debit,5.02903E+15,sep-23,75,YES,1,"$19,573",ene-16,2016,No
5799,890,Visa,Credit,4.98357E+15,may-22,261,NO,2,"$16,500",dic-03,2011,No
1135,1445,Amex,Credit,3.88852E+14,feb-22,934,YES,1,"$11,000",feb-08,2010,No
5753,1445,Discover,Credit,6.80097E+15,abr-22,163,YES,2,"$10,200",dic-97,2011,No
3722,1445,Visa,Credit,4.65365E+15,abr-20,933,YES,2,"$12,800",jul-04,2006,No
4716,1445,Mastercard,Debit,5.92192E+15,ene-22,885,YES,2,"$14,029",sep-09,2010,No
2899,1445,Mastercard,Debit,5.07525E+15,ago-22,860,YES,2,"$11,641",may-06,2010,No
562,74,Mastercard,Debit,5.41925E+15,ene-20,523,YES,1,"$15,568",ene-20,2020,No
4027,74,Visa,Debit,4.13563E+15,jun-22,74,YES,1,"$19,746",jul-14,2014,No
1307,74,Visa,Debit,4.90136E+15,jul-20,92,NO,1,"$17,682",feb-12,2012,No
815,1216,Visa,Debit,4.59485E+15,sep-21,433,YES,1,"$19,893",ene-20,2020,No
1858,1216,Visa,Debit (Prepaid),4.46588E+15,ago-24,709,YES,2,$69,feb-20,2020,No
1590,1216,Mastercard,Debit,5.16318E+15,oct-24,239,YES,2,"$21,800",feb-20,2020,No
1859,1216,Visa,Debit,4.33739E+15,abr-23,598,YES,2,"$24,759",feb-20,2020,No
816,1216,Visa,Debit,4.01311E+15,ago-23,885,YES,2,$644,ene-20,2020,No
817,1216,Visa,Credit,4.22527E+15,oct-21,215,YES,2,"$6,100",ene-20,2020,No
4060,797,Visa,Credit,4.99209E+15,nov-23,627,NO,2,"$4,400",jul-17,2017,No
4095,797,Visa,Debit,4.53642E+15,dic-99,686,YES,1,"$34,886",ago-99,2010,No
350,797,Visa,Debit,4.62797E+15,jun-21,920,YES,1,"$20,779",ene-15,2015,No
818,797,Visa,Debit,4.32451E+15,ene-20,143,YES,2,"$32,922",ene-20,2020,No
3127,797,Visa,Debit,4.78065E+15,ene-19,156,YES,2,"$42,491",may-12,2012,No
4391,797,Mastercard,Debit,5.70335E+15,nov-23,711,YES,1,"$24,550",ago-12,2012,No
2839,797,Mastercard,Debit,5.326E+15,abr-23,904,YES,1,"$36,309",may-03,2006,No
5339,797,Mastercard,Debit,5.80153E+15,mar-23,805,YES,2,"$27,817",oct-19,2019,No
5428,797,Mastercard,Debit,5.49314E+15,may-21,307,YES,1,"$28,912",nov-05,2012,No
429,610,Discover,Credit,6.17713E+15,ene-20,302,YES,2,"$4,500",ene-20,2020,No
819,610,Visa,Credit,4.94766E+15,ene-23,695,YES,1,"$17,500",ene-20,2020,No
820,610,Visa,Credit,4.57802E+15,jul-23,280,YES,1,"$19,100",ene-20,2020,No
398,610,Amex,Credit,3.94665E+14,ene-20,643,YES,1,"$15,100",ene-20,2020,No
4968,1917,Mastercard,Debit (Prepaid),5.18049E+15,mar-19,412,YES,1,$66,oct-02,2011,No
5556,1917,Amex,Credit,3.41912E+14,jun-24,300,YES,2,"$13,000",nov-09,2009,No
2129,1917,Visa,Debit,4.59274E+15,mar-21,512,YES,2,"$20,428",mar-06,2009,No
5803,1917,Amex,Credit,3.71161E+14,dic-21,521,YES,2,"$8,600",dic-04,2009,No
1860,975,Visa,Debit,4.0393E+15,may-21,214,YES,1,"$7,225",feb-20,2020,No
1591,975,Mastercard,Debit (Prepaid),5.55064E+15,oct-22,671,YES,2,$104,feb-20,2020,No
1340,109,Mastercard,Debit,5.30155E+15,oct-21,773,YES,1,"$27,762",feb-14,2014,No
1861,109,Visa,Credit,4.79294E+15,nov-20,451,NO,1,"$9,300",feb-20,2020,No
4076,547,Mastercard,Debit (Prepaid),5.6504E+15,ene-20,359,YES,2,$104,jul-19,2019,No
4461,547,Mastercard,Debit,5.88637E+15,ene-19,7,YES,1,"$16,102",ago-17,2017,No
5298,547,Visa,Debit,4.23415E+15,sep-24,314,YES,1,"$14,995",oct-14,2014,No
5526,547,Mastercard,Debit,5.65687E+15,oct-11,891,NO,1,"$20,998",nov-08,2008,No
1592,347,Mastercard,Debit,5.63356E+15,feb-20,849,YES,2,"$17,846",feb-20,2020,No
2751,347,Visa,Credit,4.66345E+15,sep-21,346,YES,2,"$6,100",abr-15,2015,No
821,347,Visa,Debit,4.5874E+15,feb-21,289,YES,2,"$22,077",ene-20,2020,No
4489,201,Mastercard,Credit,5.39207E+15,oct-21,353,YES,1,"$6,900",sep-95,2009,No
5236,201,Mastercard,Debit,5.08138E+15,dic-16,401,YES,1,"$11,679",oct-11,2011,No
2494,201,Visa,Credit,4.82582E+15,nov-24,558,YES,1,"$10,100",abr-05,2013,No
822,1368,Visa,Credit,4.71531E+15,abr-20,370,YES,1,"$13,400",ene-20,2020,No
4772,1368,Mastercard,Debit,5.5796E+15,oct-23,799,YES,1,"$21,792",sep-10,2013,No
563,1547,Mastercard,Debit,5.15858E+15,sep-21,196,NO,2,"$18,856",ene-20,2020,No
3630,1547,Mastercard,Debit (Prepaid),5.89602E+15,nov-21,867,YES,1,$77,jun-18,2018,No
2531,1812,Mastercard,Debit,5.99521E+15,abr-23,430,NO,1,"$33,557",abr-07,2013,No
564,1812,Mastercard,Debit (Prepaid),5.63807E+15,nov-22,466,NO,1,$19,ene-20,2020,No
6068,1379,Mastercard,Debit,5.85556E+15,jun-23,878,YES,1,"$18,784",dic-12,2012,No
2604,1379,Mastercard,Debit,5.80006E+15,feb-21,92,YES,1,"$16,668",abr-09,2009,No
4796,1379,Visa,Credit,4.1641E+15,oct-22,338,YES,1,"$10,300",sep-10,2010,No
5215,1379,Visa,Debit,4.80804E+15,nov-17,592,YES,2,"$12,460",oct-10,2010,No
2780,82,Mastercard,Debit (Prepaid),5.03784E+15,dic-19,383,YES,1,$78,abr-18,2018,No
2900,1053,Mastercard,Credit,5.5064E+15,jul-21,939,YES,3,"$9,200",may-06,2009,No
2311,1053,Mastercard,Debit,5.54684E+15,may-18,523,NO,2,"$21,166",mar-13,2013,No
3771,1053,Mastercard,Debit (Prepaid),5.54661E+15,mar-20,223,YES,1,$61,jul-06,2011,No
1862,1893,Visa,Credit,4.65038E+15,oct-22,900,YES,2,"$7,600",feb-20,2020,No
1863,955,Visa,Credit,4.73284E+15,jun-22,847,YES,2,"$1,100",feb-20,2020,No
565,955,Mastercard,Debit,5.61372E+15,abr-21,405,YES,1,"$20,576",ene-20,2020,No
5723,955,Mastercard,Debit,5.88468E+15,nov-22,856,YES,1,"$13,254",nov-16,2016,No
1366,955,Mastercard,Debit,5.65378E+15,sep-23,867,YES,2,"$12,887",feb-16,2016,No
1367,856,Mastercard,Credit,5.32728E+15,mar-18,105,YES,2,"$26,800",feb-16,2016,No
4851,856,Mastercard,Debit,5.5249E+15,may-23,673,NO,1,"$62,861",sep-13,2013,No
1285,856,Visa,Debit,4.93858E+15,jul-15,12,NO,1,"$61,399",feb-11,2011,No
2880,1361,Mastercard,Debit,5.04688E+15,jul-13,229,YES,2,"$1,513",may-05,2008,No
4950,1361,Mastercard,Debit,5.57717E+15,oct-20,459,YES,2,"$14,767",oct-01,2012,No
2706,261,Visa,Debit,4.23454E+15,feb-22,25,YES,1,"$23,781",abr-12,2012,No
2589,261,Visa,Debit,4.75771E+15,jun-08,121,YES,1,"$26,891",abr-08,2010,No
6129,261,Visa,Debit,4.37324E+15,may-18,827,YES,1,"$32,285",dic-16,2016,No
6076,261,Visa,Debit,4.21783E+15,abr-21,909,YES,1,"$30,650",dic-12,2012,No
30,261,Visa,Credit,4.5723E+15,abr-22,795,YES,2,"$14,200",ene-02,2006,No
4852,64,Mastercard,Debit,5.12758E+15,ene-24,797,YES,1,"$17,612",sep-13,2013,No
5429,64,Mastercard,Credit,5.19494E+15,mar-20,811,YES,2,"$12,200",nov-05,2020,No
823,1864,Visa,Debit,4.47088E+15,sep-20,27,NO,1,"$33,306",ene-20,2020,No
1864,1768,Visa,Debit,4.73806E+15,feb-20,717,YES,1,"$14,149",feb-20,2020,No
1341,1151,Mastercard,Debit,5.64328E+15,feb-18,475,YES,1,$429,feb-14,2014,No
5006,1151,Mastercard,Credit,5.42162E+15,sep-24,692,YES,2,$100,oct-04,2004,No
2983,1151,Visa,Debit,4.97321E+15,may-22,524,YES,2,$495,may-08,2010,No
5279,356,Visa,Debit,4.13753E+15,mar-20,698,YES,2,"$18,395",oct-13,2013,No
5605,356,Mastercard,Debit,5.46483E+15,sep-24,462,YES,1,"$21,808",nov-10,2010,No
3132,356,Mastercard,Debit,5.26167E+15,ene-18,761,YES,1,"$39,192",may-13,2013,No
3251,356,Mastercard,Debit,5.81289E+15,jul-12,51,YES,2,"$14,100",jun-03,2010,No
2312,356,Mastercard,Debit,5.63684E+15,abr-21,859,YES,1,"$15,771",mar-13,2013,No
3018,1393,Visa,Debit,4.4122E+15,may-21,930,YES,2,"$8,845",may-09,2010,No
1865,1393,Visa,Credit,4.46886E+15,may-24,156,NO,2,"$10,000",feb-20,2020,No
824,865,Visa,Credit,4.7568E+15,ene-20,94,YES,2,"$4,000",ene-20,2020,No
4028,865,Visa,Debit,4.55772E+15,abr-21,794,YES,2,"$27,832",jul-14,2014,No
3832,865,Amex,Credit,3.22744E+14,jul-24,346,YES,1,"$9,200",jul-08,2011,No
4356,865,Amex,Credit,3.12194E+14,oct-22,789,YES,2,"$2,000",ago-11,2011,No
5237,865,Mastercard,Debit,5.32117E+15,mar-21,666,NO,1,"$24,546",oct-11,2011,No
566,1914,Mastercard,Credit,5.9167E+15,jun-24,396,YES,1,"$10,400",ene-20,2020,No
2368,1641,Visa,Credit,4.50094E+15,nov-20,263,YES,2,"$1,900",mar-17,2017,No
825,707,Visa,Debit,4.46843E+15,feb-20,92,YES,1,"$1,862",ene-20,2020,No
4327,3,Mastercard,Debit (Prepaid),5.56804E+15,abr-23,833,NO,1,$80,ago-10,2010,No
2157,3,Visa,Debit (Prepaid),4.64242E+15,ene-22,909,YES,1,$65,mar-07,2010,No
4835,3,Mastercard,Debit (Prepaid),5.17541E+15,ago-23,399,NO,1,$62,sep-12,2012,No
3597,3,Visa,Debit,4.07509E+15,may-23,818,YES,2,"$13,515",jun-15,2015,No
3787,754,Visa,Debit,4.01187E+15,abr-21,749,YES,1,"$6,138",jul-06,2016,No
5380,754,Mastercard,Debit,5.52816E+15,jul-20,556,YES,2,"$8,048",nov-02,2013,No
4122,754,Visa,Debit,4.81882E+15,mar-22,727,YES,2,"$2,898",ago-03,2008,No
6002,754,Mastercard,Debit,5.01642E+15,sep-21,348,YES,1,$9,dic-10,2013,No
2219,754,Mastercard,Debit,5.29839E+15,nov-24,243,YES,2,"$4,260",mar-09,2012,No
5450,754,Amex,Credit,3.37641E+14,ago-23,902,YES,2,"$10,100",nov-06,2010,No
3423,148,Mastercard,Debit,5.07427E+15,mar-17,211,YES,2,"$17,471",jun-09,2012,No
2144,148,Mastercard,Debit,5.2863E+15,dic-19,871,YES,1,"$14,054",mar-07,2015,No
4288,148,Discover,Credit,6.02109E+15,jun-24,397,NO,1,"$7,600",ago-09,2009,No
5851,148,Discover,Credit,6.12562E+15,abr-21,423,YES,1,"$17,400",dic-06,2009,No
5585,148,Visa,Debit,4.69355E+15,ene-20,358,YES,1,"$10,077",nov-09,2009,No
2376,127,Visa,Debit,4.52107E+15,ago-24,500,NO,2,"$10,702",mar-18,2018,No
988,127,Mastercard,Credit,5.21058E+15,abr-21,925,YES,1,"$10,600",feb-01,2010,No
1086,127,Mastercard,Debit,5.855E+15,jun-17,732,YES,1,"$9,180",feb-06,2020,No
4692,1675,Visa,Debit,4.66628E+15,jul-16,682,YES,1,"$20,074",sep-08,2011,No
3473,1675,Mastercard,Debit,5.41822E+15,jun-21,550,NO,2,"$33,746",jun-10,2010,No
2372,1675,Mastercard,Debit,5.45022E+15,dic-23,64,NO,1,"$37,722",mar-18,2018,No
1355,747,Mastercard,Credit,5.29798E+15,ene-22,978,YES,2,"$6,100",feb-15,2015,No
2287,747,Visa,Debit,4.70403E+15,ene-13,486,YES,1,"$21,952",mar-11,2011,No
2549,747,Visa,Debit,4.89382E+15,feb-20,319,YES,1,"$18,217",abr-07,2008,No
3119,747,Mastercard,Debit,5.2418E+15,sep-17,783,YES,1,"$16,565",may-12,2012,No
2116,1942,Mastercard,Debit (Prepaid),5.54322E+15,sep-21,154,YES,2,$81,mar-06,2018,No
246,1942,Visa,Debit (Prepaid),4.7098E+15,jun-22,186,YES,2,$11,ene-10,2010,No
5781,1942,Mastercard,Debit,5.62208E+15,jun-24,770,YES,2,$0,dic-02,2009,No
6086,452,Mastercard,Debit (Prepaid),5.46146E+15,jun-15,953,YES,1,$57,dic-13,2013,No
5700,452,Mastercard,Debit,5.48085E+15,jun-24,229,YES,1,"$24,274",nov-14,2014,No
4249,452,Mastercard,Debit,5.57625E+15,abr-21,837,YES,1,"$33,166",ago-08,2009,No
1866,452,Visa,Debit,4.95723E+15,dic-24,916,YES,1,"$21,820",feb-20,2020,No
4451,452,Visa,Debit,4.91673E+15,feb-20,702,YES,2,"$19,264",ago-15,2015,No
1867,1157,Visa,Debit (Prepaid),4.20454E+15,dic-20,998,YES,1,$77,feb-20,2020,No
4250,1534,Mastercard,Debit,5.85007E+15,mar-21,390,YES,1,"$26,136",ago-08,2009,No
6102,1534,Mastercard,Debit,5.00243E+15,mar-24,269,YES,1,"$27,771",dic-14,2014,No
2947,1086,Visa,Debit,4.441E+15,sep-21,944,YES,1,"$17,117",may-07,2010,No
5301,1086,Amex,Credit,3.18193E+14,nov-24,192,YES,2,"$5,400",oct-15,2015,No
567,1984,Mastercard,Debit,5.33829E+15,dic-21,118,YES,1,$674,ene-20,2020,No
4910,835,Mastercard,Debit (Prepaid),5.40098E+15,jul-23,348,YES,1,$58,sep-17,2017,No
2334,835,Visa,Debit,4.25284E+15,ene-21,287,YES,2,"$15,851",mar-14,2014,No
2288,835,Visa,Credit,4.00679E+15,jul-17,881,YES,1,"$11,000",mar-11,2015,No
4773,835,Mastercard,Debit,5.09003E+15,may-22,181,YES,2,"$16,377",sep-10,2013,No
5115,758,Mastercard,Debit,5.75692E+15,may-24,707,NO,2,"$19,127",oct-08,2012,No
2662,758,Visa,Credit,4.52516E+15,jun-24,626,YES,1,"$9,200",abr-10,2013,No
2181,758,Mastercard,Debit,5.3997E+15,may-20,371,YES,2,"$5,553",mar-08,2015,No
5931,758,Mastercard,Debit (Prepaid),5.18658E+15,may-21,636,YES,1,$75,dic-08,2008,No
5360,758,Visa,Credit,4.92758E+15,abr-03,720,YES,1,"$7,900",nov-99,2005,No
1868,1795,Visa,Debit,4.05178E+15,ago-20,369,YES,1,"$19,250",feb-20,2020,No
1869,1795,Visa,Debit (Prepaid),4.65928E+15,jul-20,92,YES,2,$96,feb-20,2020,No
1593,1795,Mastercard,Debit,5.20543E+15,feb-20,584,YES,2,"$5,895",feb-20,2020,No
1594,1795,Mastercard,Debit,5.20642E+15,oct-21,897,YES,1,"$18,891",feb-20,2020,No
399,1795,Amex,Credit,3.92064E+14,ene-24,497,YES,2,"$1,700",ene-20,2020,No
1595,1795,Mastercard,Credit,5.70826E+15,jun-24,418,YES,2,"$12,700",feb-20,2020,No
355,1221,Mastercard,Debit,5.91173E+15,mar-20,650,YES,1,"$14,892",ene-16,2016,No
4561,1221,Visa,Credit,4.00206E+15,jun-23,735,YES,1,"$8,500",sep-04,2011,No
4774,1221,Mastercard,Credit,5.95066E+15,may-21,874,YES,1,"$8,500",sep-10,2011,No
4693,1221,Visa,Credit,4.17343E+15,sep-20,872,NO,2,"$7,400",sep-08,2011,No
568,1821,Mastercard,Debit,5.03482E+15,nov-24,490,NO,2,"$18,048",ene-20,2020,No
1870,1821,Visa,Credit,4.13704E+15,oct-22,432,YES,1,"$12,500",feb-20,2020,No
826,1821,Visa,Debit,4.40484E+15,may-24,806,YES,2,"$12,838",ene-20,2020,No
3281,1248,Visa,Debit,4.73771E+15,nov-08,17,YES,1,"$14,725",jun-04,2008,No
5787,1248,Amex,Credit,3.77035E+14,jul-20,451,YES,1,"$9,600",dic-03,2010,No
5320,1248,Amex,Credit,3.38138E+14,dic-17,258,YES,2,"$11,000",oct-17,2017,No
3654,1900,Visa,Debit,4.65286E+15,may-16,269,YES,2,"$5,616",jul-99,2010,No
4117,597,Mastercard,Credit,5.50441E+15,ago-20,997,YES,1,"$30,400",ago-03,2011,No
4540,597,Visa,Debit,4.68205E+15,ene-23,822,YES,2,"$76,343",sep-03,2014,No
2532,597,Mastercard,Debit,5.8517E+15,feb-24,217,YES,2,"$46,070",abr-07,2008,No
5022,597,Mastercard,Credit,5.40328E+15,abr-23,647,NO,2,"$14,900",oct-05,2009,No
3414,597,Amex,Credit,3.09434E+14,ago-23,534,YES,1,"$27,500",jun-09,2009,No
5346,597,Visa,Debit,4.09559E+15,jul-07,383,NO,1,"$3,134",nov-92,2011,No
1596,1620,Mastercard,Debit (Prepaid),5.43088E+15,feb-20,307,YES,1,$92,feb-20,2020,No
1871,1620,Visa,Credit,4.02839E+15,dic-24,448,YES,2,"$10,600",feb-20,2020,No
1872,1620,Visa,Debit,4.96331E+15,sep-21,70,YES,2,"$13,588",feb-20,2020,No
3518,1213,Mastercard,Debit (Prepaid),5.84997E+15,feb-21,649,YES,1,$67,jun-11,2011,No
3106,1213,Visa,Debit,4.25744E+15,feb-20,297,YES,1,"$13,905",may-11,2011,No
3270,1213,Discover,Credit,6.85608E+15,ene-21,86,YES,1,"$12,300",jun-04,2013,No
5648,619,Mastercard,Debit,5.01299E+15,mar-21,541,YES,1,"$23,220",nov-11,2011,No
3348,619,Mastercard,Debit,5.53142E+15,jun-21,20,YES,2,"$33,319",jun-07,2010,No
5,619,Visa,Debit,4.65782E+15,abr-24,245,YES,2,"$21,883",ene-97,2012,No
4519,619,Mastercard,Debit,5.41581E+15,may-23,230,YES,1,"$39,606",sep-02,2008,No
1394,1043,Visa,Credit,4.98596E+15,ene-22,341,YES,2,"$15,500",feb-19,2019,No
1873,1043,Visa,Credit,4.3421E+15,feb-20,355,YES,2,"$20,800",feb-20,2020,No
4717,394,Mastercard,Debit,5.85304E+15,jun-23,333,YES,1,"$23,310",sep-09,2009,No
6057,394,Visa,Debit,4.69954E+15,jun-23,544,YES,1,"$22,015",dic-11,2011,No
2663,394,Visa,Debit,4.1306E+15,may-23,25,YES,2,"$23,884",abr-10,2010,No
4341,394,Visa,Debit,4.66267E+15,jul-21,740,NO,2,"$25,808",ago-10,2010,No
1874,1376,Visa,Credit,4.16122E+15,jun-21,445,YES,2,"$4,500",feb-20,2020,No
4871,1376,Mastercard,Debit,5.69928E+15,ene-21,318,YES,2,"$26,531",sep-14,2014,No
3532,1376,Visa,Debit,4.88878E+15,ene-22,905,YES,2,"$22,641",jun-11,2011,No
2182,1376,Mastercard,Credit,5.82224E+15,oct-23,304,YES,2,"$13,100",mar-08,2015,No
1875,834,Visa,Credit,4.25427E+15,oct-20,79,YES,1,"$7,800",feb-20,2020,No
1876,834,Visa,Debit,4.36929E+15,mar-24,308,YES,2,"$6,407",feb-20,2020,No
1407,834,Amex,Credit,3.15249E+14,feb-20,451,NO,2,"$7,200",feb-20,2020,No
827,834,Visa,Credit,4.87087E+15,dic-23,537,YES,1,"$6,500",ene-20,2020,No
1877,834,Visa,Debit (Prepaid),4.34508E+15,sep-24,929,YES,1,$91,feb-20,2020,No
1878,834,Visa,Credit,4.73094E+15,feb-20,613,YES,2,"$1,200",feb-20,2020,No
160,837,Mastercard,Credit,5.00079E+15,jul-24,232,YES,2,"$6,700",ene-08,2009,No
2457,1257,Mastercard,Debit,5.94516E+15,mar-21,310,YES,1,"$11,102",abr-04,2012,No
2605,1257,Mastercard,Debit (Prepaid),5.29552E+15,oct-21,577,NO,2,$91,abr-09,2014,No
5071,1257,Amex,Credit,3.7544E+14,ago-21,402,YES,2,"$8,100",oct-07,2009,No
4087,1966,Mastercard,Debit,5.62841E+15,sep-21,490,YES,1,"$22,679",ago-97,2014,No
2643,1966,Mastercard,Debit,5.63873E+15,abr-23,854,YES,2,"$13,326",abr-10,2010,No
6029,1966,Visa,Debit,4.39102E+15,nov-20,883,YES,1,"$13,778",dic-10,2015,No
4737,1966,Visa,Credit,4.2555E+15,may-16,402,YES,2,"$10,400",sep-09,2011,No
5649,358,Mastercard,Debit,5.84591E+15,may-22,379,YES,2,"$6,863",nov-11,2011,No
1212,358,Mastercard,Debit,5.03974E+15,dic-21,653,YES,1,"$16,633",feb-10,2010,No
3845,912,Mastercard,Debit,5.30316E+15,ago-24,133,YES,1,"$29,391",jul-08,2011,No
4197,912,Discover,Credit,6.5224E+15,jul-23,764,YES,1,"$19,000",ago-07,2011,No
5650,605,Mastercard,Debit,5.07075E+15,mar-20,506,YES,1,"$14,541",nov-11,2011,No
212,605,Visa,Credit,4.54276E+15,dic-22,70,YES,1,"$13,500",ene-09,2009,No
5061,605,Visa,Debit,4.7997E+15,jun-21,178,YES,2,"$1,484",oct-06,2011,No
5289,1362,Mastercard,Debit,5.08531E+15,mar-23,845,NO,1,"$31,192",oct-14,2014,No
0,1362,Amex,Credit,3.93314E+14,abr-24,866,YES,2,"$33,900",ene-91,2014,No
2274,1362,Mastercard,Debit (Prepaid),5.46722E+15,jul-23,98,YES,2,$44,mar-11,2016,No
2145,1362,Mastercard,Debit,5.5667E+15,mar-17,309,NO,2,"$29,708",mar-07,2009,No
2965,1513,Mastercard,Credit,5.63405E+15,jul-21,779,YES,1,"$27,200",may-08,2011,No
3933,1513,Mastercard,Debit,5.3353E+15,oct-21,416,YES,1,"$36,344",jul-10,2010,No
3546,1513,Mastercard,Credit,5.25792E+15,nov-20,547,YES,2,"$8,900",jun-12,2012,No
5886,1521,Mastercard,Debit,5.99318E+15,ene-21,545,YES,2,"$1,236",dic-07,2010,No
2495,1521,Visa,Debit,4.11874E+15,dic-23,648,YES,1,"$11,037",abr-05,2012,No
1066,1521,Visa,Credit,4.14198E+15,sep-20,958,YES,2,"$5,000",feb-05,2008,No
5887,564,Mastercard,Credit,5.41138E+15,may-23,604,YES,1,"$9,700",dic-07,2011,No
3547,564,Mastercard,Debit,5.94327E+15,mar-16,746,YES,2,"$14,179",jun-12,2012,No
2606,1309,Mastercard,Debit,5.00193E+15,nov-24,861,YES,1,"$25,021",abr-09,2009,No
828,1583,Visa,Debit,4.62784E+15,feb-20,382,YES,2,"$33,605",ene-20,2020,No
3385,1583,Mastercard,Debit (Prepaid),5.27729E+15,oct-23,656,NO,1,$63,jun-08,2010,No
5724,1583,Mastercard,Debit (Prepaid),5.49981E+15,mar-24,208,YES,1,$84,nov-16,2016,No
4694,1885,Visa,Debit,4.80639E+15,dic-12,788,YES,2,"$18,733",sep-08,2014,No
4951,1885,Mastercard,Debit (Prepaid),5.42323E+15,oct-06,812,YES,2,$38,oct-01,2007,No
3424,1885,Mastercard,Debit,5.07752E+15,dic-18,216,YES,1,"$21,895",jun-09,2009,No
2435,1885,Visa,Credit,4.33849E+15,abr-22,381,YES,2,"$8,700",abr-02,2010,No
2046,1566,Mastercard,Debit,5.77997E+15,ene-23,527,YES,2,"$16,050",mar-03,2006,No
5832,1566,Mastercard,Debit,5.40825E+15,mar-07,762,YES,2,"$17,257",dic-05,2009,No
5546,1566,Visa,Debit,4.80368E+15,abr-12,499,YES,2,"$20,573",nov-08,2015,No
2383,401,Mastercard,Debit,5.69137E+15,ene-20,797,YES,1,"$18,829",mar-19,2019,No
5628,401,Visa,Debit,4.5682E+15,feb-20,976,YES,1,"$16,619",nov-10,2010,No
5643,401,Discover,Credit,6.04314E+15,dic-22,36,NO,1,"$9,700",nov-11,2012,No
4924,401,Mastercard,Credit,5.64129E+15,jul-24,940,YES,2,"$2,200",sep-19,2019,No
3004,401,Mastercard,Debit,5.19227E+15,oct-24,412,YES,1,"$17,691",may-09,2009,No
1597,401,Mastercard,Debit,5.05305E+15,ago-24,114,YES,1,"$11,910",feb-20,2020,No
3035,401,Amex,Credit,3.21401E+14,abr-23,507,YES,2,"$11,000",may-10,2014,No
6030,15,Visa,Debit,4.09855E+15,dic-21,832,YES,1,"$13,971",dic-10,2010,No
4988,15,Mastercard,Credit,5.08394E+15,mar-20,427,YES,2,"$7,100",oct-03,2017,No
3182,15,Visa,Credit,4.88594E+15,jun-20,161,YES,1,$0,may-16,2016,No
829,1666,Visa,Credit,4.93475E+15,jun-22,217,YES,2,"$5,800",ene-20,2020,No
2533,1666,Mastercard,Credit,5.88802E+15,feb-09,395,YES,1,"$12,700",abr-07,2015,No
178,1666,Visa,Debit,4.08128E+15,may-24,405,YES,1,"$17,405",ene-08,2012,No
993,1666,Visa,Debit,4.11672E+15,oct-20,930,YES,1,"$9,418",feb-01,2012,No
1598,509,Mastercard,Credit,5.12557E+15,sep-24,88,YES,1,"$9,900",feb-20,2020,No
3446,509,Visa,Debit,4.11903E+15,ago-22,613,YES,2,"$25,292",jun-09,2009,No
4588,509,Visa,Debit,4.26218E+15,jul-22,519,YES,1,"$12,721",sep-05,2015,No
569,509,Mastercard,Debit,5.67988E+15,dic-23,658,YES,1,"$13,218",ene-20,2020,No
2644,954,Mastercard,Debit,5.91588E+15,ago-24,471,YES,2,"$18,320",abr-10,2010,No
2220,954,Mastercard,Debit,5.9356E+15,nov-23,851,YES,1,"$20,270",mar-09,2009,No
4416,954,Visa,Debit,4.40022E+15,nov-13,542,YES,1,"$18,254",ago-13,2013,No
5586,954,Visa,Debit,4.0893E+15,oct-24,359,YES,1,"$24,104",nov-09,2009,No
3548,832,Mastercard,Credit,5.2182E+15,oct-24,647,YES,1,"$10,900",jun-12,2012,No
2948,832,Visa,Debit,4.98125E+15,sep-22,351,YES,1,"$23,260",may-07,2010,No
3107,832,Visa,Debit,4.29528E+15,jul-24,380,NO,1,"$20,776",may-11,2011,No
570,832,Mastercard,Debit,5.35528E+15,feb-20,110,YES,2,"$15,741",ene-20,2020,No
2362,1046,Mastercard,Credit,5.86174E+15,dic-20,366,YES,2,"$7,300",mar-17,2017,No
6,1046,Amex,Credit,3.94585E+14,feb-99,302,YES,2,"$9,400",ene-98,2011,No
3259,1046,Visa,Debit,4.89006E+15,abr-21,956,YES,2,"$10,124",jun-03,2018,No
9,1046,Amex,Credit,3.57983E+14,sep-20,72,YES,1,"$13,000",ene-99,2005,No
4520,630,Mastercard,Debit,5.38435E+15,feb-21,595,YES,2,"$18,060",sep-02,2019,No
2059,630,Mastercard,Debit,5.77259E+15,jul-20,370,YES,1,"$7,546",mar-04,2010,No
5629,630,Visa,Debit,4.54218E+15,nov-20,573,YES,1,"$9,062",nov-10,2010,No
3386,1561,Mastercard,Credit,5.55193E+15,abr-21,846,YES,1,"$17,900",jun-08,2010,No
1025,1561,Visa,Debit,4.37834E+15,mar-16,43,YES,2,"$33,822",feb-03,2018,No
2966,1561,Mastercard,Debit,5.3211E+15,oct-22,151,YES,2,"$30,909",may-08,2013,No
5353,1561,Visa,Debit,4.2436E+15,jul-22,687,NO,2,"$2,722",nov-97,2016,No
2377,1548,Visa,Debit,4.38742E+15,mar-20,620,YES,1,"$28,762",mar-18,2018,No
5764,1548,Mastercard,Debit (Prepaid),5.85587E+15,oct-23,608,NO,1,$67,dic-00,2011,No
4406,1548,Mastercard,Debit,5.20685E+15,may-20,278,YES,1,"$44,345",ago-13,2013,No
2901,221,Mastercard,Debit,5.29946E+15,dic-21,939,YES,2,"$2,209",may-06,2013,No
2444,221,Mastercard,Debit,5.72179E+15,jul-21,936,YES,2,"$24,582",abr-03,2012,No
4589,221,Visa,Debit,4.47487E+15,nov-21,557,NO,1,"$1,017",sep-05,2010,No
1049,221,Mastercard,Debit,5.43938E+15,oct-22,751,YES,1,"$11,625",feb-05,2014,No
1599,1991,Mastercard,Debit,5.85134E+15,mar-24,326,YES,1,"$17,882",feb-20,2020,No
1331,1328,Visa,Credit,4.18623E+15,abr-20,452,YES,1,"$1,000",feb-13,2013,No
1879,1328,Visa,Debit,4.13069E+15,jun-20,573,YES,1,"$37,491",feb-20,2020,No
2158,1901,Visa,Debit (Prepaid),4.6934E+15,jul-23,216,YES,2,$59,mar-07,2015,No
3846,1901,Mastercard,Debit,5.58424E+15,ago-23,278,NO,2,"$6,384",jul-08,2017,No
3887,1901,Mastercard,Debit (Prepaid),5.48158E+15,ene-13,766,YES,2,$24,jul-09,2016,No
5357,665,Mastercard,Debit,5.91891E+15,mar-22,670,YES,2,"$11,994",nov-99,2011,No
3652,665,Mastercard,Debit,5.9725E+15,oct-24,260,YES,1,"$8,747",jul-98,2007,No
5073,665,Discover,Credit,6.07342E+15,sep-19,544,YES,1,"$9,500",oct-07,2011,No
5193,665,Mastercard,Debit,5.22336E+15,jun-23,157,YES,1,"$1,264",oct-10,2019,No
3402,665,Visa,Debit,4.52844E+15,ene-22,349,YES,2,"$7,233",jun-08,2011,No
2798,665,Mastercard,Debit,5.36761E+15,mar-22,457,YES,1,"$1,264",may-98,2014,No
3217,665,Mastercard,Debit,5.38348E+15,jun-01,78,NO,2,"$15,007",jun-00,2013,No
968,665,Mastercard,Debit,5.4417E+15,feb-02,271,YES,2,"$13,529",feb-99,2008,No
1213,442,Mastercard,Debit,5.42266E+15,feb-15,95,YES,1,"$25,209",feb-10,2011,No
141,442,Visa,Debit,4.54395E+15,jun-24,124,YES,1,"$34,063",ene-07,2009,No
2117,442,Mastercard,Debit,5.59579E+15,dic-19,821,NO,1,"$31,307",mar-06,2010,No
112,442,Visa,Debit,4.42083E+15,feb-20,403,YES,1,"$40,384",ene-06,2006,No
2346,442,Visa,Debit,4.84996E+15,may-24,840,YES,2,"$19,525",mar-15,2015,No
4572,1626,Amex,Credit,3.67423E+14,dic-22,764,YES,2,"$7,200",sep-05,2011,No
1600,1539,Mastercard,Credit,5.72977E+15,sep-20,422,YES,2,"$6,200",feb-20,2020,No
3847,1539,Mastercard,Credit,5.72952E+15,jul-23,414,YES,3,"$21,700",jul-08,2015,No
4203,601,Mastercard,Credit,5.29448E+15,dic-09,468,YES,1,"$7,100",ago-07,2009,No
2300,601,Mastercard,Credit,5.36169E+15,jun-22,613,YES,2,"$6,700",mar-12,2012,No
3674,601,Mastercard,Debit (Prepaid),5.51211E+15,sep-21,945,YES,1,$68,jul-02,2011,No
5760,601,Mastercard,Credit,5.1872E+15,oct-18,824,YES,2,"$10,800",dic-99,2005,No
3681,601,Visa,Debit,4.31318E+15,nov-22,533,YES,2,"$9,952",jul-02,2010,No
2347,601,Visa,Credit,4.00037E+15,nov-24,22,YES,2,"$5,400",mar-15,2015,No
2840,541,Mastercard,Credit,5.17691E+15,ene-15,638,YES,2,"$12,200",may-03,2009,No
5516,210,Discover,Credit,6.02921E+15,mar-22,307,YES,2,"$3,700",nov-08,2011,No
3053,206,Mastercard,Credit,5.81713E+15,ene-24,425,YES,1,"$11,300",may-10,2011,No
1601,206,Mastercard,Debit,5.44728E+15,ago-20,509,YES,1,"$18,510",feb-20,2020,No
1602,926,Mastercard,Debit,5.65571E+15,jun-20,824,YES,2,"$2,070",feb-20,2020,No
1603,115,Mastercard,Debit,5.25323E+15,feb-24,926,YES,1,"$55,750",feb-20,2020,No
38,115,Mastercard,Credit,5.41942E+15,nov-24,290,NO,1,"$20,300",ene-03,2015,No
4590,115,Visa,Debit (Prepaid),4.9463E+15,jul-23,580,YES,2,$52,sep-05,2008,No
19,115,Mastercard,Debit,5.61074E+15,ene-23,310,YES,2,"$46,184",ene-01,2014,No
4927,115,Visa,Credit,4.75194E+15,oct-24,839,YES,1,"$13,200",sep-19,2019,No
5704,115,Visa,Debit,4.97571E+15,sep-22,744,YES,2,"$34,284",nov-14,2014,No
3934,1779,Mastercard,Debit,5.39866E+15,oct-24,776,YES,2,"$9,257",jul-10,2018,No
1214,1779,Mastercard,Debit,5.78658E+15,feb-23,672,YES,2,"$7,623",feb-10,2015,No
4029,248,Visa,Debit,4.74782E+15,ago-21,914,YES,1,"$9,741",jul-14,2014,No
4932,248,Mastercard,Debit,5.49936E+15,nov-21,129,YES,1,"$11,749",oct-98,2008,No
99,248,Mastercard,Debit,5.14553E+15,abr-13,369,YES,2,"$12,257",ene-06,2010,No
1030,248,Mastercard,Debit,5.9397E+15,sep-10,635,YES,2,"$10,792",feb-04,2008,No
3130,1003,Discover,Credit,6.36952E+15,oct-24,852,YES,2,"$21,000",may-13,2013,No
1604,294,Mastercard,Debit,5.75032E+15,mar-22,157,YES,2,"$20,362",feb-20,2020,No
3557,118,Visa,Debit,4.14211E+15,sep-24,112,YES,1,"$20,653",jun-12,2012,No
2792,118,Discover,Credit,6.98706E+15,nov-24,75,YES,1,"$6,700",may-97,2016,No
3848,118,Mastercard,Debit,5.54839E+15,jul-21,666,YES,2,"$2,629",jul-08,2017,No
1605,292,Mastercard,Debit,5.96827E+15,ene-23,325,YES,1,"$21,686",feb-20,2020,No
4943,755,Mastercard,Debit,5.53454E+15,abr-20,809,YES,2,"$13,979",oct-00,2007,No
2206,755,Visa,Debit,4.66707E+15,sep-20,557,YES,1,"$15,459",mar-08,2010,No
4797,755,Visa,Debit,4.1522E+15,dic-22,314,YES,2,"$10,756",sep-10,2018,No
2757,755,Discover,Credit,6.85447E+15,ene-20,26,YES,3,"$4,900",abr-16,2016,No
2321,755,Visa,Debit,4.66857E+15,ago-21,346,YES,2,"$11,869",mar-13,2013,No
1880,1878,Visa,Debit,4.88209E+15,feb-20,635,YES,1,"$11,029",feb-20,2020,No
4958,1432,Visa,Debit,4.32665E+15,may-21,924,YES,1,"$32,043",oct-01,2009,No
4929,1432,Visa,Credit,4.6282E+15,jul-23,543,YES,1,"$19,400",oct-96,2012,No
1192,1432,Visa,Credit,4.32804E+15,ene-10,97,YES,1,"$15,900",feb-09,2009,No
2726,1432,Mastercard,Debit,5.03336E+15,jul-22,246,YES,2,"$25,740",abr-14,2014,No
4576,456,Mastercard,Debit,5.91576E+15,ago-20,754,YES,2,"$12,594",sep-05,2014,No
2800,456,Visa,Credit,4.75193E+15,dic-24,614,YES,1,"$5,800",may-98,2009,No
5811,456,Mastercard,Debit,5.5496E+15,mar-05,529,YES,2,"$14,824",dic-04,2011,No
4603,623,Mastercard,Debit,5.59554E+15,dic-06,173,YES,2,"$14,954",sep-06,2007,No
2072,623,Visa,Debit,4.22729E+15,sep-24,212,YES,2,"$9,146",mar-04,2012,No
2130,623,Visa,Debit,4.69996E+15,sep-23,792,YES,2,"$31,917",mar-06,2009,No
571,1426,Mastercard,Credit,5.46465E+15,may-23,203,NO,2,"$35,500",ene-20,2020,No
572,1426,Mastercard,Credit,5.88232E+15,may-20,496,YES,2,"$17,100",ene-20,2020,No
5381,47,Mastercard,Debit,5.88063E+15,sep-12,871,YES,2,"$8,636",nov-02,2014,No
4952,47,Mastercard,Debit,5.46641E+15,ene-24,556,YES,2,"$3,891",oct-01,2016,No
5630,47,Visa,Debit (Prepaid),4.1634E+15,dic-21,57,YES,2,$100,nov-10,2010,No
5080,47,Mastercard,Credit,5.63519E+15,may-21,3,YES,2,"$10,500",oct-07,2011,No
5876,760,Amex,Credit,3.60331E+14,may-22,887,YES,1,"$9,100",dic-07,2008,No
5670,760,Mastercard,Debit,5.08968E+15,may-22,95,YES,1,"$17,393",nov-12,2012,No
4379,760,Visa,Debit (Prepaid),4.32857E+15,ene-23,822,NO,1,$59,ago-11,2011,No
2566,956,Mastercard,Debit,5.8943E+15,mar-12,643,YES,2,"$2,355",abr-08,2009,No
1606,956,Mastercard,Debit,5.29134E+15,feb-20,383,YES,1,"$29,553",feb-20,2020,No
4273,194,Visa,Credit,4.39642E+15,sep-24,831,YES,1,"$8,300",ago-08,2008,No
2401,194,Mastercard,Debit,5.29555E+15,abr-24,465,YES,2,"$14,501",abr-98,2012,No
5587,194,Visa,Debit,4.73174E+15,mar-23,402,NO,2,"$9,080",nov-09,2013,No
5062,194,Visa,Debit,4.45058E+15,oct-20,426,YES,1,"$1,534",oct-06,2015,No
1607,693,Mastercard,Debit,5.06447E+15,jun-23,294,YES,2,"$39,114",feb-20,2020,No
830,693,Visa,Debit,4.57591E+15,sep-24,112,YES,2,"$30,298",ene-20,2020,No
1881,1246,Visa,Credit,4.503E+15,feb-20,994,YES,1,"$6,600",feb-20,2020,No
5812,1246,Mastercard,Debit,5.46064E+15,abr-21,494,NO,1,"$15,087",dic-04,2005,No
4810,1246,Mastercard,Debit,5.01937E+15,may-24,803,NO,1,"$16,257",sep-11,2011,No
5023,1246,Mastercard,Credit,5.94803E+15,abr-24,745,YES,2,"$8,500",oct-05,2012,No
2774,641,Visa,Debit,4.09074E+15,abr-19,873,YES,2,"$18,401",abr-17,2017,No
4456,641,Mastercard,Debit,5.93213E+15,feb-20,290,YES,1,"$17,946",ago-16,2016,No
14,641,Mastercard,Debit,5.20658E+15,jul-21,19,YES,1,"$24,819",ene-00,2011,No
1193,641,Visa,Credit,4.06897E+15,jun-09,87,YES,2,"$11,000",feb-09,2010,No
4718,641,Mastercard,Debit,5.31678E+15,ene-22,916,YES,2,"$12,275",sep-09,2009,No
5151,641,Mastercard,Debit,5.60932E+15,may-22,608,YES,1,"$22,044",oct-09,2009,No
3907,1060,Visa,Credit,4.30905E+15,may-21,488,NO,1,"$10,600",jul-09,2018,No
4291,1060,Mastercard,Debit (Prepaid),5.05064E+15,ene-21,263,YES,2,$61,ago-09,2016,No
5216,1060,Visa,Debit,4.81004E+15,may-23,199,YES,2,"$14,114",oct-10,2010,No
5326,1060,Visa,Credit,4.5422E+15,may-22,720,YES,2,"$6,500",oct-17,2017,No
3849,1060,Mastercard,Credit,5.31719E+15,feb-23,498,YES,1,"$9,400",jul-08,2012,No
831,1292,Visa,Debit,4.745E+15,jul-23,590,YES,1,"$16,369",ene-20,2020,No
1882,1292,Visa,Credit,4.30369E+15,abr-24,55,YES,1,"$5,900",feb-20,2020,No
832,1113,Visa,Credit,4.78536E+15,feb-22,300,NO,1,"$9,100",ene-20,2020,No
833,1113,Visa,Credit,4.09612E+15,jul-24,416,NO,2,"$4,700",ene-20,2020,No
4631,245,Amex,Credit,3.03388E+14,feb-21,532,YES,1,"$8,900",sep-07,2007,No
1883,245,Visa,Debit (Prepaid),4.47607E+15,jul-20,36,NO,2,$94,feb-20,2020,No
4362,774,Mastercard,Debit,5.89571E+15,sep-22,258,YES,2,"$1,669",ago-11,2016,No
83,774,Visa,Debit,4.98399E+15,may-24,805,YES,1,"$16,717",ene-05,2006,No
100,1822,Mastercard,Debit,5.27971E+15,sep-21,47,YES,2,"$14,133",ene-06,2010,No
3985,1822,Visa,Debit,4.17822E+15,sep-22,519,YES,2,"$13,029",jul-11,2011,No
1608,1822,Mastercard,Debit,5.66476E+15,jun-24,550,YES,2,"$11,624",feb-20,2020,No
4285,1822,Amex,Credit,3.18485E+14,nov-10,520,YES,2,"$5,900",ago-09,2010,No
2221,1822,Mastercard,Debit (Prepaid),5.63146E+15,abr-24,102,YES,1,$10,mar-09,2011,No
5888,1209,Mastercard,Debit,5.47111E+15,ene-20,175,YES,2,"$42,074",dic-07,2010,No
4573,1209,Amex,Credit,3.3903E+14,feb-21,650,YES,2,"$19,400",sep-05,2013,No
3362,1209,Visa,Debit,4.27491E+15,dic-20,786,YES,1,"$27,091",jun-07,2018,No
3387,1209,Mastercard,Debit (Prepaid),5.77165E+15,ago-20,775,YES,1,$76,jun-08,2014,No
3693,1209,Mastercard,Debit,5.78174E+15,abr-21,939,YES,1,"$16,340",jul-03,2009,No
4462,1209,Mastercard,Credit,5.08438E+15,oct-17,617,NO,1,"$4,300",ago-17,2017,No
2261,997,Visa,Credit,4.88768E+15,feb-21,224,YES,1,"$17,100",mar-10,2011,No
6108,997,Mastercard,Debit (Prepaid),5.00358E+15,dic-20,14,YES,1,$57,dic-15,2015,No
5046,997,Discover,Credit,6.86718E+15,jul-23,59,YES,1,"$11,200",oct-06,2006,No
5825,997,Amex,Credit,3.53877E+14,ago-21,65,YES,1,"$5,900",dic-05,2011,No
1446,1180,Discover,Credit,6.42294E+15,ago-21,992,YES,2,"$8,200",feb-20,2020,No
6041,1180,Mastercard,Credit,5.99333E+15,jun-23,375,YES,1,"$11,200",dic-11,2016,No
1609,1180,Mastercard,Debit,5.95004E+15,oct-20,85,YES,2,"$9,641",feb-20,2020,No
23,318,Visa,Credit,4.23413E+15,jul-08,678,YES,1,"$7,500",ene-01,2017,No
2928,318,Mastercard,Debit,5.60408E+15,nov-23,659,YES,2,"$9,725",may-07,2012,No
2004,318,Mastercard,Debit,5.73702E+15,jul-97,601,NO,1,$713,mar-97,2008,No
3183,318,Visa,Credit,4.94926E+15,dic-23,520,YES,2,$0,may-16,2016,No
5081,691,Mastercard,Debit,5.4468E+15,sep-12,328,YES,1,"$10,824",oct-07,2015,No
3157,1993,Visa,Debit,4.47415E+15,jun-15,298,YES,1,"$54,768",may-14,2014,No
4176,1993,Mastercard,Debit,5.7301E+15,may-15,347,YES,1,"$36,982",ago-06,2009,No
70,1993,Mastercard,Credit,5.7037E+15,sep-12,789,YES,2,"$19,500",ene-05,2010,No
5082,1993,Mastercard,Debit,5.76026E+15,may-20,777,YES,1,"$43,863",oct-07,2012,No
5152,1993,Mastercard,Debit,5.9042E+15,mar-23,377,YES,2,"$27,050",oct-09,2018,No
4635,1993,Mastercard,Debit,5.68267E+15,feb-20,350,YES,2,"$33,468",sep-07,2010,No
3675,252,Mastercard,Credit,5.16734E+15,oct-24,394,YES,1,"$10,700",jul-02,2013,No
271,252,Mastercard,Debit (Prepaid),5.76212E+15,oct-24,43,YES,2,$35,ene-11,2011,No
5024,252,Mastercard,Debit,5.18695E+15,oct-22,48,YES,1,"$9,358",oct-05,2015,No
4577,252,Mastercard,Debit,5.41555E+15,feb-24,874,YES,1,"$13,425",sep-05,2015,No
5407,252,Mastercard,Debit,5.63348E+15,ago-20,37,NO,1,"$24,213",nov-04,2009,No
3788,252,Visa,Debit,4.88226E+15,mar-20,597,NO,2,"$14,911",jul-06,2014,No
4719,1757,Mastercard,Credit,5.49844E+15,ene-19,7,YES,1,"$10,800",sep-09,2011,No
142,1757,Visa,Credit,4.06476E+15,jul-22,528,YES,2,"$13,200",ene-07,2007,No
2685,1757,Visa,Debit,4.1266E+15,oct-23,380,YES,1,"$12,628",abr-11,2012,No
4820,1757,Visa,Debit,4.77002E+15,mar-16,688,YES,1,"$16,642",sep-11,2011,No
3054,1324,Mastercard,Debit,5.14755E+15,dic-20,635,YES,1,"$13,013",may-10,2012,No
3314,1324,Mastercard,Credit,5.46501E+15,ago-20,676,YES,2,"$10,400",jun-06,2006,No
4959,1324,Visa,Credit,4.71332E+15,sep-24,943,YES,2,"$12,500",oct-01,2011,No
5889,1324,Mastercard,Debit,5.40492E+15,dic-23,898,YES,3,"$8,889",dic-07,2013,No
2102,1557,Amex,Credit,3.23245E+14,ene-24,133,YES,1,"$19,000",mar-06,2011,No
2471,1557,Visa,Debit,4.93723E+15,abr-21,978,NO,1,"$12,370",abr-04,2008,No
6098,1557,Discover,Credit,6.26314E+15,abr-20,750,YES,2,"$9,000",dic-14,2014,No
1610,1555,Mastercard,Debit,5.04416E+15,ene-21,635,YES,1,"$5,284",feb-20,2020,No
6042,1555,Mastercard,Debit (Prepaid),5.31371E+15,abr-22,105,YES,2,$50,dic-11,2011,No
3190,1555,Mastercard,Credit,5.00414E+15,dic-24,826,YES,2,"$2,300",may-17,2017,No
1019,941,Mastercard,Debit,5.37147E+15,feb-22,208,YES,1,"$20,022",feb-03,2014,No
573,156,Mastercard,Debit,5.5808E+15,may-20,602,YES,1,"$14,820",ene-20,2020,No
5438,156,Visa,Credit,4.03305E+15,may-23,457,YES,2,"$6,900",nov-05,2013,No
1334,156,Amex,Credit,3.38477E+14,may-21,955,YES,2,"$5,200",feb-14,2014,No
4604,156,Mastercard,Debit (Prepaid),5.39541E+15,dic-16,599,YES,1,$64,sep-06,2010,No
2827,24,Mastercard,Debit,5.51975E+15,mar-20,389,YES,2,"$8,165",may-02,2009,No
1316,302,Mastercard,Debit,5.54459E+15,sep-20,652,YES,2,"$16,799",feb-13,2013,No
1408,302,Amex,Credit,3.44545E+14,abr-24,781,YES,2,"$13,800",feb-20,2020,No
1884,949,Visa,Debit,4.40665E+15,mar-20,535,YES,1,"$20,826",feb-20,2020,No
430,949,Discover,Credit,6.66749E+15,dic-20,869,YES,2,"$20,700",ene-20,2020,No
2249,949,Mastercard,Debit,5.02693E+15,jun-23,88,YES,2,"$15,813",mar-10,2011,No
574,949,Mastercard,Debit (Prepaid),5.2302E+15,feb-20,31,YES,2,$41,ene-20,2020,No
3549,949,Mastercard,Credit,5.27239E+15,jun-22,137,YES,2,"$8,000",jun-12,2012,No
3598,1281,Visa,Credit,4.15074E+15,ago-21,36,YES,2,"$6,600",jun-15,2015,No
4775,1281,Mastercard,Debit,5.11177E+15,nov-22,613,YES,2,"$15,149",sep-10,2010,No
3095,1281,Mastercard,Credit,5.36014E+15,ene-17,838,YES,1,"$10,100",may-11,2016,No
2902,1281,Mastercard,Debit,5.07241E+15,oct-23,218,YES,2,"$14,720",may-06,2014,No
5394,1281,Visa,Debit (Prepaid),4.85037E+15,nov-23,234,YES,1,$28,nov-03,2018,No
3589,1281,Mastercard,Credit,5.9848E+15,mar-19,199,YES,2,"$3,600",jun-15,2015,No
5116,1428,Mastercard,Debit (Prepaid),5.02753E+15,dic-22,25,YES,1,$47,oct-08,2016,No
3163,433,Mastercard,Debit,5.64768E+15,oct-24,728,YES,1,"$10,179",may-15,2015,No
3868,433,Visa,Credit,4.4212E+15,sep-20,672,YES,2,"$10,600",jul-08,2014,No
2903,433,Mastercard,Debit,5.16827E+15,ago-07,417,YES,2,"$14,716",may-06,2012,No
2370,433,Amex,Credit,3.65863E+14,ago-20,62,YES,2,"$12,600",mar-18,2018,No
4866,433,Visa,Debit (Prepaid),4.44125E+15,dic-17,539,YES,1,$96,sep-13,2013,No
5606,433,Mastercard,Debit (Prepaid),5.75806E+15,feb-20,705,YES,1,$73,nov-10,2010,No
4040,584,Visa,Credit,4.42011E+15,abr-21,771,YES,1,"$6,500",jul-15,2015,No
3878,584,Amex,Credit,3.4694E+14,nov-23,947,YES,2,"$9,300",jul-09,2009,No
51,584,Mastercard,Debit,5.55632E+15,dic-23,331,NO,2,"$8,970",ene-04,2010,No
5800,1832,Visa,Credit,4.99245E+15,may-23,62,YES,1,"$11,700",dic-03,2013,No
5932,1832,Mastercard,Debit,5.61747E+15,jun-21,668,YES,1,"$2,841",dic-08,2013,No
4636,222,Mastercard,Debit,5.74796E+15,may-21,825,YES,1,"$46,621",sep-07,2010,No
4619,222,Visa,Debit,4.85064E+15,nov-06,739,YES,2,"$62,855",sep-06,2006,No
4821,222,Visa,Debit,4.67726E+15,oct-14,224,YES,1,"$46,521",sep-11,2012,No
4562,648,Visa,Credit,4.14347E+15,jun-08,494,YES,2,"$4,100",sep-04,2010,No
3474,648,Mastercard,Credit,5.40948E+15,ene-20,683,YES,1,"$9,200",jun-10,2010,No
3888,648,Mastercard,Credit,5.00736E+15,oct-20,704,YES,2,"$2,800",jul-09,2010,No
6135,1939,Amex,Credit,3.11542E+14,ago-24,777,YES,2,"$4,200",dic-18,2018,No
575,722,Mastercard,Debit,5.36468E+15,sep-22,987,YES,2,"$21,794",ene-20,2020,No
4204,1889,Mastercard,Debit (Prepaid),5.3454E+15,nov-15,124,YES,1,$58,ago-07,2009,No
1176,1889,Mastercard,Credit,5.58174E+15,ago-21,839,YES,1,"$11,400",feb-09,2014,No
2618,1889,Visa,Debit,4.76347E+15,jul-16,73,YES,2,"$15,781",abr-09,2015,No
5416,1889,Visa,Debit,4.05429E+15,oct-23,16,YES,1,"$26,906",nov-04,2016,No
5890,1889,Mastercard,Debit,5.09843E+15,oct-24,718,YES,2,"$10,228",dic-07,2014,No
2694,1229,Mastercard,Debit (Prepaid),5.32546E+15,oct-23,421,YES,2,$74,abr-12,2012,No
2427,1229,Discover,Credit,6.86877E+15,feb-20,279,YES,1,"$12,600",abr-02,2010,No
3282,1229,Visa,Credit,4.75183E+15,feb-19,153,YES,2,"$7,600",jun-04,2010,No
5547,1229,Visa,Debit,4.39511E+15,jun-24,237,YES,1,"$33,080",nov-08,2008,No
386,1229,Visa,Debit,4.3879E+15,mar-20,509,NO,1,"$17,954",ene-19,2019,No
272,1229,Mastercard,Debit,5.89603E+15,ene-23,588,YES,1,"$19,238",ene-11,2011,No
5083,505,Mastercard,Debit,5.60839E+15,ene-23,147,YES,2,"$14,912",oct-07,2009,No
2222,505,Mastercard,Debit,5.99057E+15,nov-15,843,YES,2,"$5,258",mar-09,2013,No
5173,1083,Visa,Credit,4.66469E+15,dic-20,887,YES,1,"$11,300",oct-09,2011,No
3710,1083,Mastercard,Debit,5.86616E+15,oct-22,48,YES,1,"$24,455",jul-04,2014,No
5527,1083,Mastercard,Debit,5.13041E+15,ago-16,942,YES,2,$463,nov-08,2010,No
3447,1083,Visa,Debit,4.27555E+15,feb-10,49,YES,2,"$5,511",jun-09,2012,No
4448,1656,Mastercard,Debit,5.95566E+15,sep-20,572,YES,2,"$20,097",ago-15,2015,No
834,1656,Visa,Debit,4.74353E+15,jul-21,364,YES,2,"$14,200",ene-20,2020,No
1611,1656,Mastercard,Debit,5.63312E+15,mar-24,914,YES,1,"$16,415",feb-20,2020,No
1612,568,Mastercard,Debit,5.9386E+15,feb-20,412,YES,2,"$1,926",feb-20,2020,No
1050,1373,Mastercard,Credit,5.10567E+15,ago-20,485,NO,1,"$11,000",feb-05,2013,No
4074,1373,Amex,Credit,3.39152E+14,jul-24,985,YES,2,"$5,700",jul-19,2019,No
1194,667,Visa,Debit,4.79385E+15,nov-19,994,YES,1,"$26,024",feb-09,2013,No
5063,667,Visa,Debit,4.67106E+15,mar-24,853,YES,2,"$4,599",oct-06,2013,No
5408,667,Mastercard,Debit,5.30824E+15,abr-20,123,YES,2,"$8,522",nov-04,2015,No
4563,667,Visa,Debit,4.22392E+15,ago-23,77,YES,2,"$45,854",sep-04,2013,No
5891,667,Mastercard,Debit,5.73429E+15,abr-24,170,YES,1,"$38,194",dic-07,2012,No
2929,480,Mastercard,Debit,5.6209E+15,sep-22,944,YES,1,"$51,051",may-07,2012,No
5409,480,Mastercard,Credit,5.66359E+15,ene-20,673,NO,1,"$30,800",nov-04,2007,No
4872,480,Mastercard,Credit,5.82069E+15,ago-23,905,YES,2,"$23,400",sep-14,2014,No
3388,480,Mastercard,Credit,5.73212E+15,ene-22,821,YES,2,"$24,800",jun-08,2013,No
5607,480,Mastercard,Debit (Prepaid),5.99067E+15,mar-23,331,YES,1,$48,nov-10,2012,No
4670,480,Mastercard,Credit,5.1781E+15,jul-24,944,YES,2,"$8,700",sep-08,2011,No
2764,569,Visa,Credit,4.34531E+15,ago-22,761,YES,2,"$5,900",abr-16,2016,No
5608,1600,Mastercard,Debit,5.9866E+15,mar-21,556,YES,2,"$5,059",nov-10,2010,No
5050,1600,Mastercard,Debit,5.58056E+15,may-21,975,YES,2,"$22,446",oct-06,2012,No
4251,1600,Mastercard,Debit,5.98169E+15,ago-23,248,YES,1,"$48,754",ago-08,2013,No
3498,1063,Visa,Credit,4.72463E+15,jun-23,408,YES,1,"$9,300",jun-10,2010,No
2015,1063,Visa,Debit,4.27215E+15,dic-22,960,YES,2,"$15,265",mar-00,2009,No
400,1063,Amex,Credit,3.21239E+14,nov-22,959,YES,2,"$12,500",ene-20,2020,No
5683,1063,Mastercard,Debit,5.48774E+15,jul-15,71,YES,1,"$28,805",nov-13,2013,No
1009,1063,Amex,Credit,3.66721E+14,nov-03,14,YES,1,"$9,800",feb-03,2013,No
3850,32,Mastercard,Credit,5.87408E+15,may-12,569,YES,1,"$11,600",jul-08,2012,No
5382,32,Mastercard,Debit,5.80065E+15,dic-23,606,YES,2,"$26,501",nov-02,2019,No
3475,32,Mastercard,Debit,5.69487E+15,dic-20,965,NO,2,"$11,121",jun-10,2013,No
1087,32,Mastercard,Debit,5.66661E+15,abr-21,633,YES,2,"$2,352",feb-06,2012,No
576,1040,Mastercard,Debit,5.8883E+15,feb-20,957,YES,1,"$62,317",ene-20,2020,No
401,1040,Amex,Credit,3.73002E+14,jul-20,141,YES,2,"$16,400",ene-20,2020,No
4798,396,Visa,Debit (Prepaid),4.44933E+15,feb-23,963,NO,2,$65,sep-10,2011,No
2785,396,Visa,Debit (Prepaid),4.97699E+15,feb-20,280,YES,1,$63,abr-18,2018,No
4911,396,Mastercard,Debit (Prepaid),5.85591E+15,oct-20,998,NO,1,$69,sep-17,2017,No
5395,396,Visa,Credit,4.48146E+15,nov-03,407,YES,2,"$36,900",nov-03,2014,No
4300,396,Visa,Debit,4.53429E+15,oct-24,909,YES,2,"$10,875",ago-09,2020,No
999,1498,Mastercard,Debit (Prepaid),5.90942E+15,dic-24,904,YES,2,$65,feb-02,2008,No
3735,1498,Mastercard,Debit (Prepaid),5.0315E+15,abr-23,242,YES,2,$76,jul-05,2010,No
577,1498,Mastercard,Debit,5.46771E+15,mar-24,414,YES,2,"$15,781",ene-20,2020,No
2232,1498,Visa,Debit,4.13893E+15,jun-19,145,YES,1,"$22,227",mar-09,2010,No
1613,104,Mastercard,Debit,5.14264E+15,feb-20,219,YES,2,"$4,924",feb-20,2020,No
3161,104,Discover,Credit,6.465E+15,sep-20,611,YES,1,"$6,300",may-15,2015,No
4205,104,Mastercard,Credit,5.51038E+15,may-24,39,NO,1,"$8,000",ago-07,2020,No
835,1062,Visa,Debit,4.70418E+15,feb-20,877,NO,1,"$18,432",ene-20,2020,No
1390,1062,Mastercard,Debit (Prepaid),5.95989E+15,feb-20,978,YES,2,$86,feb-19,2019,No
4363,1062,Mastercard,Debit,5.88041E+15,sep-20,549,YES,2,"$11,666",ago-11,2011,No
1409,1845,Amex,Credit,3.27498E+14,feb-20,829,YES,1,"$22,900",feb-20,2020,No
5892,1657,Mastercard,Credit,5.80678E+15,jun-21,573,YES,1,"$7,800",dic-07,2007,No
2183,1106,Mastercard,Debit,5.80731E+15,ago-23,218,YES,1,"$10,462",mar-08,2015,No
3964,1106,Amex,Credit,3.5595E+14,dic-12,895,YES,2,"$11,000",jul-11,2011,No
2335,1106,Visa,Debit,4.09333E+15,dic-23,813,YES,1,"$16,927",mar-14,2014,No
2550,1867,Visa,Debit (Prepaid),4.56266E+15,abr-15,23,YES,2,$96,abr-07,2015,No
5238,1045,Mastercard,Debit (Prepaid),5.95738E+15,jul-21,529,YES,1,$95,oct-11,2011,No
5462,1786,Mastercard,Credit,5.28044E+15,mar-23,656,YES,2,"$2,400",nov-06,2010,No
2250,1786,Mastercard,Debit,5.21211E+15,sep-23,749,YES,1,"$12,127",mar-10,2010,No
5463,1786,Mastercard,Credit,5.63956E+15,nov-20,247,YES,1,"$18,400",nov-06,2014,No
1000,1786,Mastercard,Debit,5.53259E+15,sep-24,288,YES,1,"$8,273",feb-02,2009,No
3789,1786,Visa,Debit,4.6641E+15,ene-22,79,YES,2,"$16,641",jul-06,2014,No
2392,1569,Visa,Credit,4.29442E+15,mar-22,724,YES,1,"$10,300",abr-93,2013,No
4109,1569,Mastercard,Debit,5.17623E+15,may-20,560,NO,2,"$13,841",ago-02,2010,No
2458,1569,Mastercard,Debit,5.83768E+15,jul-24,153,YES,2,"$2,054",abr-04,2015,No
5098,1569,Visa,Credit,4.64236E+15,sep-22,415,YES,2,"$5,100",oct-07,2011,No
3519,899,Mastercard,Debit,5.97258E+15,feb-16,369,NO,1,"$22,172",jun-11,2016,No
2429,1595,Mastercard,Debit,5.75579E+15,ago-23,338,YES,1,"$17,749",abr-02,2011,No
2472,1595,Visa,Credit,4.80054E+15,sep-21,673,YES,1,"$12,700",abr-04,2011,No
1447,446,Discover,Credit,6.15427E+15,feb-20,171,YES,2,"$11,100",feb-20,2020,No
3581,53,Mastercard,Debit,5.67128E+15,jul-24,152,NO,2,"$16,923",jun-14,2014,No
3267,53,Amex,Credit,3.11448E+14,abr-20,560,YES,1,"$14,800",jun-04,2010,No
4620,53,Visa,Debit (Prepaid),4.55506E+15,sep-09,63,YES,1,$49,sep-06,2011,No
1410,1136,Amex,Credit,3.49691E+14,jul-20,122,YES,1,"$19,000",feb-20,2020,No
1614,1136,Mastercard,Debit,5.67263E+15,abr-22,509,YES,2,"$22,067",feb-20,2020,No
1885,1136,Visa,Credit,4.49907E+15,ene-23,333,YES,2,"$11,500",feb-20,2020,No
1159,551,Visa,Debit,4.52798E+15,mar-12,502,YES,2,"$19,017",feb-08,2012,No
4637,551,Mastercard,Debit,5.83009E+15,ago-23,234,YES,2,"$13,863",sep-07,2014,No
3341,551,Discover,Credit,6.20768E+15,jun-08,297,YES,2,$400,jun-07,2010,No
2795,1491,Visa,Credit,4.47823E+15,mar-06,285,YES,2,"$5,100",may-97,2010,No
5410,1491,Mastercard,Debit,5.79125E+15,feb-24,833,YES,1,"$17,620",nov-04,2011,No
5732,1491,Mastercard,Debit,5.38833E+15,dic-18,809,YES,2,"$23,572",nov-17,2017,No
3019,1491,Visa,Debit,4.84485E+15,may-23,285,YES,2,"$20,773",may-09,2011,No
1249,330,Visa,Debit,4.01322E+15,oct-12,551,YES,2,"$25,124",feb-10,2010,No
2402,392,Mastercard,Debit,5.3974E+15,ago-23,71,YES,1,"$19,465",abr-98,2012,No
4380,392,Visa,Credit,4.63473E+15,dic-21,388,YES,1,"$14,100",ago-11,2013,No
3307,392,Visa,Debit (Prepaid),4.9353E+15,ago-22,570,YES,2,$32,jun-05,2012,No
5153,1144,Mastercard,Debit,5.27005E+15,sep-24,586,YES,2,"$16,109",oct-09,2009,No
4172,1144,Discover,Credit,6.1637E+15,ene-10,324,YES,1,"$8,100",ago-06,2008,No
4141,1144,Visa,Debit,4.13337E+15,abr-24,36,YES,2,"$16,454",ago-04,2010,No
2223,1144,Mastercard,Credit,5.51934E+15,abr-24,968,YES,2,"$7,300",mar-09,2010,No
2459,1163,Mastercard,Debit (Prepaid),5.61118E+15,abr-20,946,NO,2,$46,abr-04,2010,No
2275,1163,Mastercard,Credit,5.05653E+15,jul-22,251,YES,2,"$22,200",mar-11,2011,No
4236,1163,Amex,Credit,3.37414E+14,jun-24,833,YES,1,"$26,900",ago-08,2009,No
5227,230,Amex,Credit,3.27212E+14,ago-23,611,YES,2,"$8,700",oct-11,2013,No
5788,230,Amex,Credit,3.89677E+14,oct-22,391,YES,2,"$4,000",dic-03,2006,No
5893,230,Mastercard,Credit,5.76112E+15,feb-20,236,YES,1,"$7,200",dic-07,2012,No
5033,230,Visa,Debit,4.44089E+15,sep-22,434,NO,2,"$14,362",oct-05,2006,No
1301,1066,Mastercard,Debit,5.80325E+15,ago-23,269,YES,2,"$20,060",feb-12,2012,No
1126,1066,Visa,Debit,4.62347E+15,nov-22,960,YES,2,"$17,309",feb-07,2010,No
2460,460,Mastercard,Debit,5.02479E+15,sep-22,877,YES,1,"$38,354",abr-04,2010,No
3805,460,Mastercard,Debit,5.50473E+15,sep-23,435,YES,2,"$49,107",jul-07,2011,No
5470,460,Visa,Debit,4.85876E+15,oct-20,766,YES,1,"$8,468",nov-06,2010,No
4534,460,Mastercard,Debit,5.57701E+15,feb-24,114,YES,1,"$28,877",sep-03,2017,No
5252,1661,Visa,Debit,4.83554E+15,feb-20,417,YES,1,"$33,713",oct-11,2011,No
5983,1661,Visa,Credit,4.29463E+15,sep-20,644,YES,1,"$25,600",dic-09,2009,No
5993,1926,Discover,Credit,6.89264E+15,jul-20,873,YES,1,"$9,100",dic-10,2013,No
1160,1926,Visa,Debit,4.83336E+15,sep-23,611,NO,2,$793,feb-08,2008,No
5439,1926,Visa,Credit,4.66125E+15,feb-22,138,YES,2,"$4,200",nov-05,2011,No
2417,27,Mastercard,Credit,5.0541E+15,jun-23,835,YES,2,"$9,900",abr-01,2007,No
5383,27,Visa,Debit,4.10286E+15,may-22,534,YES,1,"$15,082",nov-02,2006,No
2631,27,Discover,Credit,6.39212E+15,nov-23,277,YES,1,"$13,100",abr-10,2013,No
5025,27,Mastercard,Debit,5.84471E+15,feb-22,961,YES,2,"$1,385",oct-05,2012,No
1051,27,Mastercard,Debit,5.5969E+15,jun-22,269,YES,2,"$26,506",feb-05,2008,No
3055,27,Mastercard,Debit,5.87609E+15,dic-14,299,NO,1,"$10,488",may-10,2010,No
578,27,Mastercard,Credit,5.09882E+15,mar-22,546,YES,2,"$7,000",ene-20,2020,No
4035,27,Mastercard,Debit (Prepaid),5.67026E+15,jul-24,491,YES,1,$61,jul-15,2015,No
4131,365,Mastercard,Debit,5.85803E+15,may-21,936,YES,2,"$8,923",ago-04,2014,No
3191,50,Mastercard,Debit,5.33282E+15,jul-20,842,YES,2,"$29,474",may-17,2017,No
5194,50,Mastercard,Debit,5.73525E+15,feb-17,131,YES,2,"$25,612",oct-10,2010,No
247,50,Visa,Credit,4.31914E+15,jun-23,418,YES,2,"$12,700",ene-10,2010,No
5471,50,Visa,Debit,4.81695E+15,feb-21,329,NO,2,"$9,781",nov-06,2014,No
1886,653,Visa,Credit,4.21966E+15,jun-21,560,YES,2,"$12,900",feb-20,2020,No
836,743,Visa,Debit,4.49289E+15,oct-22,219,YES,1,"$20,582",ene-20,2020,No
1026,743,Visa,Debit,4.25151E+15,nov-23,630,YES,1,"$9,998",feb-03,2010,No
1270,743,Mastercard,Debit,5.43404E+15,ene-22,58,YES,1,"$11,664",feb-11,2011,No
837,999,Visa,Debit,4.17654E+15,dic-24,735,YES,2,"$27,813",ene-20,2020,No
579,999,Mastercard,Credit,5.08489E+15,feb-20,704,YES,2,"$11,700",ene-20,2020,No
580,999,Mastercard,Debit,5.77658E+15,ene-20,428,YES,1,"$19,286",ene-20,2020,No
581,999,Mastercard,Debit,5.93824E+15,dic-23,970,YES,1,"$22,868",ene-20,2020,No
5396,940,Visa,Credit,4.86522E+15,abr-18,389,YES,1,"$15,400",nov-03,2009,No
273,940,Mastercard,Debit,5.54361E+15,sep-24,0,YES,2,"$26,534",ene-11,2011,No
3726,940,Amex,Credit,3.41921E+14,feb-11,577,YES,2,"$11,100",jul-05,2012,No
5117,940,Mastercard,Debit,5.79069E+15,abr-20,543,YES,3,"$7,446",oct-08,2015,No
2047,940,Mastercard,Debit,5.06559E+15,ene-20,573,NO,2,"$12,607",mar-03,2015,No
2224,940,Mastercard,Debit,5.71239E+15,mar-24,375,YES,2,"$1,053",mar-09,2011,No
3986,534,Visa,Debit,4.43483E+15,abr-21,392,YES,1,"$24,424",jul-11,2011,No
3645,534,Visa,Debit,4.62091E+15,ago-22,924,YES,2,"$22,330",jun-19,2019,No
336,534,Visa,Debit,4.35716E+15,abr-24,602,YES,2,"$32,659",ene-14,2014,No
1615,1460,Mastercard,Debit,5.40468E+15,ene-21,360,YES,1,"$8,822",feb-20,2020,No
1887,1460,Visa,Debit,4.53645E+15,mar-20,729,YES,1,"$3,549",feb-20,2020,No
4068,59,Mastercard,Debit,5.13926E+15,dic-18,356,YES,1,"$14,939",jul-18,2018,No
1391,59,Mastercard,Debit (Prepaid),5.36661E+15,jul-21,820,YES,2,$56,feb-19,2019,No
1001,59,Mastercard,Credit,5.72226E+15,jun-21,765,YES,2,"$8,800",feb-02,2013,No
3658,59,Visa,Credit,4.9204E+15,ago-20,862,YES,1,"$9,300",jul-00,2008,No
5195,59,Mastercard,Credit,5.28789E+15,sep-21,710,YES,1,"$6,800",oct-10,2010,No
2087,59,Mastercard,Debit,5.273E+15,mar-20,208,YES,2,"$12,210",mar-05,2009,No
1145,59,Mastercard,Debit,5.73196E+15,ago-20,348,YES,2,"$6,397",feb-08,2015,No
5084,1908,Mastercard,Debit (Prepaid),5.72978E+15,mar-24,682,YES,1,$92,oct-07,2007,No
2737,1908,Visa,Debit,4.66749E+15,abr-16,716,YES,1,"$23,053",abr-14,2014,No
5945,1908,Visa,Credit,4.32145E+15,nov-24,699,YES,1,"$14,900",dic-08,2011,No
2461,1908,Mastercard,Debit,5.58685E+15,dic-21,999,YES,2,"$27,046",abr-04,2015,No
4032,1908,Amex,Credit,3.75809E+14,feb-24,763,NO,1,"$2,900",jul-15,2015,No
582,1436,Mastercard,Debit,5.30511E+15,dic-22,182,YES,1,"$10,427",ene-20,2020,No
1616,1436,Mastercard,Debit,5.93657E+15,feb-20,173,YES,1,"$8,163",feb-20,2020,No
1888,1436,Visa,Debit,4.5514E+15,oct-21,834,YES,2,"$26,599",feb-20,2020,No
1617,1436,Mastercard,Credit,5.75493E+15,ago-24,524,YES,2,"$3,600",feb-20,2020,No
583,1230,Mastercard,Debit (Prepaid),5.64401E+15,jul-21,745,YES,2,$68,ene-20,2020,No
1618,324,Mastercard,Debit,5.9461E+15,feb-20,492,YES,1,"$37,661",feb-20,2020,No
1889,324,Visa,Credit,4.17785E+15,ago-24,974,YES,1,"$21,400",feb-20,2020,No
1619,324,Mastercard,Debit,5.014E+15,ene-22,789,YES,2,"$31,271",feb-20,2020,No
5007,992,Mastercard,Credit,5.11339E+15,mar-11,64,YES,1,"$20,800",oct-04,2007,No
4511,992,Mastercard,Credit,5.84847E+15,oct-20,65,YES,2,"$9,000",sep-01,2010,No
4928,992,Mastercard,Credit,5.69172E+15,mar-24,70,NO,1,"$13,100",oct-96,2012,No
3108,992,Visa,Debit,4.37418E+15,dic-23,692,NO,2,"$23,636",may-11,2013,No
3647,198,Amex,Credit,3.08173E+14,ago-22,784,YES,1,"$8,200",jul-98,2013,No
305,198,Visa,Credit,4.53999E+15,mar-23,11,YES,1,"$6,900",ene-12,2012,No
3177,198,Mastercard,Debit,5.10112E+15,nov-22,652,YES,2,"$13,689",may-16,2016,No
584,1017,Mastercard,Debit,5.82614E+15,feb-20,122,YES,2,"$5,836",ene-20,2020,No
4638,1813,Mastercard,Credit,5.92052E+15,nov-24,661,NO,1,"$12,300",sep-07,2008,No
5196,1813,Mastercard,Credit,5.09867E+15,dic-11,455,YES,1,"$7,900",oct-10,2010,No
4591,1813,Visa,Credit,4.28193E+15,mar-21,372,YES,1,"$13,500",sep-05,2013,No
101,1813,Mastercard,Debit (Prepaid),5.54879E+15,abr-24,233,YES,1,$41,ene-06,2010,No
838,1989,Visa,Credit,4.13358E+15,oct-22,896,YES,1,"$16,400",ene-20,2020,No
2984,1989,Visa,Debit,4.55664E+15,mar-23,126,YES,2,"$16,293",may-08,2009,No
4036,1989,Mastercard,Credit,5.13104E+15,ago-24,342,YES,2,"$14,300",jul-15,2015,No
3800,1989,Amex,Credit,3.87783E+14,mar-24,124,YES,1,"$21,200",jul-07,2011,No
3128,1148,Visa,Debit,4.53676E+15,ene-21,475,YES,1,"$11,068",may-12,2012,No
585,1148,Mastercard,Debit,5.79694E+15,oct-21,291,NO,1,"$14,835",ene-20,2020,No
5804,1148,Amex,Credit,3.10839E+14,mar-22,96,NO,2,"$9,300",dic-04,2014,No
1286,1148,Visa,Credit,4.07461E+15,dic-20,16,YES,1,"$9,400",feb-11,2011,No
4132,872,Mastercard,Debit,5.49567E+15,feb-22,792,YES,1,"$12,566",ago-04,2015,No
3131,872,Discover,Credit,6.59122E+15,oct-20,174,YES,2,"$4,100",may-13,2013,No
5609,872,Mastercard,Credit,5.41801E+15,jun-18,205,YES,2,"$7,400",nov-10,2012,No
5064,872,Visa,Credit,4.36126E+15,dic-21,440,YES,2,"$4,200",oct-06,2011,No
5933,458,Mastercard,Debit,5.91589E+15,oct-22,744,YES,1,"$14,388",dic-08,2015,No
4177,458,Mastercard,Debit (Prepaid),5.85559E+15,dic-20,132,YES,1,$63,ago-06,2014,No
2484,920,Mastercard,Credit,5.38835E+15,ene-20,278,YES,2,"$8,100",abr-05,2008,No
3113,920,Amex,Credit,3.41588E+14,jun-24,281,YES,2,"$10,000",may-12,2012,No
2758,1598,Discover,Credit,6.84486E+15,nov-24,435,YES,2,"$8,700",abr-16,2016,No
3889,1598,Mastercard,Debit,5.51739E+15,oct-23,758,NO,2,"$11,900",jul-09,2010,No
4776,1598,Mastercard,Credit,5.6312E+15,oct-23,995,YES,1,"$5,700",sep-10,2015,No
1348,1598,Visa,Credit,4.53084E+15,jun-22,596,YES,2,"$3,400",feb-14,2014,No
4657,1598,Discover,Credit,6.75565E+15,may-23,220,YES,2,"$5,300",sep-08,2011,No
4933,1876,Mastercard,Debit,5.09835E+15,abr-23,974,YES,1,"$16,082",oct-98,2010,No
3315,1876,Mastercard,Debit,5.9867E+15,dic-20,317,YES,1,"$21,552",jun-06,2006,No
5708,1876,Mastercard,Debit,5.70512E+15,ago-22,295,YES,1,"$29,037",nov-15,2015,No
2881,1876,Mastercard,Debit,5.8652E+15,dic-06,927,YES,2,"$19,107",may-05,2005,No
5051,1876,Mastercard,Debit,5.92058E+15,mar-12,387,YES,2,"$26,562",oct-06,2008,No
4503,1876,Discover,Credit,6.20855E+15,jun-20,325,YES,1,"$9,800",sep-00,2011,No
839,412,Visa,Credit,4.86775E+15,may-23,503,YES,2,"$13,000",ene-20,2020,No
586,412,Mastercard,Debit,5.3566E+15,feb-20,118,YES,2,"$14,733",ene-20,2020,No
1620,412,Mastercard,Debit,5.65246E+15,feb-20,322,YES,2,"$7,476",feb-20,2020,No
587,412,Mastercard,Debit (Prepaid),5.62063E+15,feb-24,155,YES,2,$60,ene-20,2020,No
2088,190,Mastercard,Debit,5.44289E+15,jun-19,926,YES,2,"$29,471",mar-05,2011,No
2496,190,Visa,Credit,4.27323E+15,oct-14,602,YES,1,"$17,700",abr-05,2010,No
3851,190,Mastercard,Debit,5.03629E+15,abr-23,791,YES,2,"$11,969",jul-08,2008,No
3363,190,Visa,Debit,4.68537E+15,abr-22,311,YES,2,"$7,946",jun-07,2014,No
4621,190,Visa,Debit (Prepaid),4.61639E+15,jun-11,600,YES,1,$41,sep-06,2017,No
4989,163,Mastercard,Debit,5.01728E+15,sep-23,728,YES,1,"$12,873",oct-03,2008,No
2462,163,Mastercard,Debit,5.11364E+15,sep-23,734,YES,1,"$17,629",abr-04,2012,No
588,567,Mastercard,Debit,5.81995E+15,dic-24,978,YES,1,"$6,497",ene-20,2020,No
589,567,Mastercard,Debit (Prepaid),5.4615E+15,jul-21,921,YES,1,$67,ene-20,2020,No
5309,567,Visa,Credit,4.1729E+15,jun-21,815,YES,1,"$3,300",oct-15,2015,No
2513,503,Visa,Debit (Prepaid),4.33818E+15,ene-22,479,YES,2,$85,abr-06,2010,No
1088,503,Mastercard,Debit (Prepaid),5.49944E+15,jun-20,547,NO,1,$39,feb-06,2006,No
5290,469,Mastercard,Debit,5.31796E+15,ago-23,60,YES,1,"$26,162",oct-14,2014,No
2686,469,Visa,Credit,4.49997E+15,dic-24,556,YES,1,"$13,700",abr-11,2014,No
2619,469,Visa,Debit,4.85518E+15,ene-22,646,YES,2,"$31,504",abr-09,2014,No
4178,469,Mastercard,Debit,5.09511E+15,abr-09,488,YES,2,"$9,010",ago-06,2007,No
3164,1851,Mastercard,Debit,5.71651E+15,jul-24,690,YES,1,"$64,059",may-15,2015,No
5026,1851,Mastercard,Debit (Prepaid),5.12822E+15,mar-21,416,YES,2,$62,oct-05,2008,No
5528,1851,Mastercard,Debit,5.84132E+15,sep-18,598,NO,2,"$29,601",nov-08,2011,No
3890,1851,Mastercard,Credit,5.80644E+15,nov-12,9,YES,1,"$21,800",jul-09,2014,No
6003,1851,Mastercard,Debit,5.09489E+15,may-22,229,YES,2,"$49,790",dic-10,2010,No
4061,1523,Visa,Debit,4.21988E+15,ene-20,656,YES,1,"$13,438",jul-17,2017,No
2262,1523,Visa,Credit,4.82138E+15,sep-24,7,YES,1,"$9,600",mar-10,2011,No
5509,1523,Visa,Credit,4.10482E+15,jul-21,10,YES,1,"$6,300",nov-07,2007,No
4521,1523,Mastercard,Debit,5.31514E+15,abr-23,777,YES,1,"$12,348",sep-02,2008,No
590,35,Mastercard,Debit,5.52166E+15,jul-20,771,YES,1,"$9,632",ene-20,2020,No
1621,35,Mastercard,Debit,5.61421E+15,ago-24,54,YES,2,"$9,490",feb-20,2020,No
591,35,Mastercard,Debit,5.74596E+15,ene-24,921,NO,2,"$32,399",ene-20,2020,No
2590,317,Visa,Debit,4.36723E+15,nov-15,188,NO,2,"$12,810",abr-08,2008,No
4578,317,Mastercard,Credit,5.843E+15,sep-12,247,YES,2,"$9,300",sep-05,2014,No
5411,317,Mastercard,Debit,5.28509E+15,oct-17,930,YES,2,"$7,564",nov-04,2016,No
4459,1195,Visa,Debit,4.04459E+15,nov-21,838,YES,1,"$22,765",ago-16,2016,No
3309,1195,Discover,Credit,6.30875E+15,oct-21,62,YES,1,"$11,300",jun-06,2012,No
131,1195,Mastercard,Debit,5.51637E+15,oct-22,822,YES,1,"$10,369",ene-07,2011,No
26,1195,Mastercard,Credit,5.89998E+15,oct-20,747,YES,2,"$10,200",ene-02,2011,No
3020,1195,Visa,Credit,4.21382E+15,jun-24,692,YES,2,"$12,100",may-09,2019,No
3219,1195,Visa,Debit,4.8965E+15,mar-20,197,YES,2,"$15,409",jun-00,2017,No
1195,1238,Visa,Credit,4.89284E+15,jul-24,127,YES,2,"$22,500",feb-09,2012,No
592,1238,Mastercard,Credit,5.67149E+15,ene-20,534,NO,3,"$6,700",ene-20,2020,No
4301,432,Visa,Debit,4.62129E+15,mar-22,629,YES,2,$842,ago-09,2009,No
3005,432,Mastercard,Debit,5.08757E+15,ago-09,540,YES,2,"$10,049",may-09,2009,No
2645,432,Mastercard,Debit,5.46944E+15,jun-18,723,YES,2,"$11,625",abr-10,2012,No
2646,432,Mastercard,Credit,5.94428E+15,nov-21,689,YES,2,"$5,800",abr-10,2011,No
1146,432,Mastercard,Debit,5.51595E+15,feb-20,490,NO,3,"$17,515",feb-08,2010,No
1890,1082,Visa,Debit,4.55603E+15,jul-24,537,YES,2,"$1,696",feb-20,2020,No
5187,1082,Discover,Credit,6.7132E+15,oct-10,952,YES,2,"$11,400",oct-10,2011,No
3308,1082,Visa,Credit,4.60957E+15,jul-20,165,YES,2,"$10,600",jun-05,2017,No
3925,120,Discover,Credit,6.96013E+15,dic-10,808,NO,1,"$21,500",jul-10,2010,No
5813,120,Mastercard,Debit,5.98847E+15,oct-21,869,YES,2,"$32,784",dic-04,2008,No
3806,120,Mastercard,Debit,5.47777E+15,abr-22,980,YES,2,"$13,510",jul-07,2016,No
3558,120,Visa,Credit,4.27572E+15,ago-12,125,YES,1,"$14,000",jun-12,2012,No
5610,1289,Mastercard,Debit (Prepaid),5.47723E+15,abr-18,961,NO,3,$38,nov-10,2013,No
1891,1502,Visa,Debit,4.36141E+15,sep-20,932,NO,1,"$28,471",feb-20,2020,No
593,1502,Mastercard,Debit,5.10251E+15,dic-23,196,YES,2,"$33,833",ene-20,2020,No
3655,1497,Visa,Debit,4.25512E+15,abr-20,582,NO,2,"$14,751",jul-99,2012,No
3999,1047,Mastercard,Debit,5.90906E+15,abr-24,211,YES,1,"$27,268",jul-12,2012,No
1411,1047,Amex,Credit,3.46965E+14,feb-20,530,YES,1,"$16,400",feb-20,2020,No
4639,0,Mastercard,Credit,5.80276E+15,dic-19,312,YES,1,"$17,600",sep-07,2014,No
1271,0,Mastercard,Debit,5.05021E+15,abr-21,316,YES,2,"$31,490",feb-11,2011,No
1622,0,Mastercard,Debit,5.69179E+15,jun-21,451,YES,2,"$31,008",feb-20,2020,No
1623,0,Mastercard,Debit,5.47279E+15,abr-20,138,YES,2,"$25,558",feb-20,2020,No
1112,351,Mastercard,Debit (Prepaid),5.34811E+15,nov-23,893,YES,2,$54,feb-07,2010,No
1043,351,Visa,Credit,4.83935E+15,mar-24,844,YES,1,"$7,200",feb-04,2015,No
2664,351,Visa,Debit,4.76044E+15,ene-22,2,YES,2,"$5,080",abr-10,2010,No
431,351,Discover,Credit,6.55399E+15,ene-20,897,YES,1,"$2,700",ene-20,2020,No
4512,351,Mastercard,Debit,5.02529E+15,abr-21,264,YES,2,"$9,278",sep-01,2011,No
2244,351,Discover,Credit,6.89834E+15,mar-22,107,YES,1,"$6,000",mar-10,2016,No
299,1797,Mastercard,Debit,5.5864E+15,mar-22,828,YES,1,"$27,243",ene-12,2012,No
1127,1797,Visa,Debit,4.77728E+15,feb-17,256,YES,2,"$23,237",feb-07,2009,No
5660,1797,Visa,Debit,4.14462E+15,oct-22,645,YES,2,"$16,008",nov-11,2011,No
300,1797,Mastercard,Debit,5.5357E+15,feb-22,987,YES,1,"$16,279",ene-12,2012,No
4853,1797,Mastercard,Debit,5.66951E+15,nov-14,958,NO,1,"$16,003",sep-13,2013,No
4206,1386,Mastercard,Debit,5.69511E+15,feb-21,881,YES,2,"$5,488",ago-07,2014,No
1892,1122,Visa,Debit,4.99827E+15,feb-20,675,YES,1,"$45,222",feb-20,2020,No
321,1122,Visa,Debit,4.00153E+15,ene-21,681,YES,1,"$32,071",ene-13,2013,No
1893,255,Visa,Debit,4.79545E+15,ago-20,55,YES,2,"$16,783",feb-20,2020,No
1894,765,Visa,Debit,4.40199E+15,oct-23,745,YES,2,"$13,524",feb-20,2020,No
1895,765,Visa,Credit,4.07073E+15,abr-21,834,YES,2,"$15,000",feb-20,2020,No
5008,703,Mastercard,Debit,5.87223E+15,jun-05,616,YES,1,"$20,062",oct-04,2010,No
161,703,Mastercard,Credit,5.38834E+15,feb-21,355,YES,2,"$8,100",ene-08,2009,No
4640,703,Mastercard,Debit,5.56335E+15,sep-21,337,NO,2,"$4,335",sep-07,2007,No
4777,703,Mastercard,Credit,5.75682E+15,abr-24,644,YES,2,"$2,000",sep-10,2010,No
4302,1919,Visa,Debit,4.51287E+15,mar-22,854,YES,1,"$25,445",ago-09,2009,No
1215,1919,Mastercard,Credit,5.36198E+15,jul-24,39,YES,1,"$17,400",feb-10,2010,No
5430,1919,Mastercard,Debit,5.25142E+15,nov-19,577,YES,2,"$34,684",nov-05,2008,No
5709,1919,Mastercard,Debit,5.6231E+15,mar-22,956,YES,2,"$28,125",nov-15,2015,No
1624,1919,Mastercard,Debit,5.26632E+15,ago-20,276,YES,2,"$49,705",feb-20,2020,No
3908,791,Visa,Debit,4.59028E+15,sep-14,921,NO,2,"$31,424",jul-09,2010,No
2295,791,Amex,Credit,3.98645E+14,mar-23,22,YES,2,"$7,900",mar-12,2012,No
1089,791,Mastercard,Debit,5.25938E+15,jun-06,913,YES,1,"$19,097",feb-06,2011,No
5228,791,Amex,Credit,3.84867E+14,sep-21,24,YES,1,"$10,100",oct-11,2015,No
2306,199,Visa,Debit,4.87939E+15,dic-23,176,YES,1,"$32,423",mar-12,2012,No
5661,199,Visa,Credit,4.2209E+15,jul-15,14,YES,1,"$16,900",nov-11,2011,No
1031,199,Mastercard,Debit,5.9301E+15,jun-21,908,YES,1,"$17,686",feb-04,2007,No
4229,282,Visa,Credit,4.09593E+15,ene-20,979,NO,1,"$8,100",ago-07,2009,No
3290,282,Mastercard,Debit,5.42016E+15,mar-20,391,NO,1,"$10,059",jun-05,2014,No
4822,282,Visa,Debit,4.17976E+15,feb-22,245,NO,1,"$4,302",sep-11,2015,No
1287,282,Visa,Credit,4.61491E+15,nov-20,84,YES,1,"$7,300",feb-11,2011,No
5154,908,Mastercard,Debit,5.56666E+15,ene-24,748,YES,1,"$13,123",oct-09,2014,No
3252,908,Mastercard,Debit,5.07632E+15,ene-23,951,YES,1,"$3,630",jun-03,2009,No
4230,908,Visa,Debit,4.173E+15,sep-22,521,YES,1,"$20,173",ago-07,2012,No
3462,880,Amex,Credit,3.38E+14,sep-13,657,YES,1,"$9,500",jun-10,2014,No
1625,880,Mastercard,Debit,5.75235E+15,may-21,929,YES,2,"$10,141",feb-20,2020,No
3533,770,Visa,Credit,4.38077E+15,abr-13,71,YES,1,"$16,800",jun-11,2011,No
5745,770,Visa,Credit,4.34462E+15,nov-20,198,NO,1,"$15,900",nov-19,2019,No
5725,770,Mastercard,Debit,5.47699E+15,nov-18,146,YES,1,"$24,080",nov-16,2016,No
5510,770,Visa,Credit,4.04978E+15,dic-23,163,YES,1,"$20,400",nov-07,2007,No
2534,1169,Mastercard,Credit,5.50265E+15,abr-09,519,YES,1,"$22,000",abr-07,2013,No
5763,1169,Visa,Credit,4.65972E+15,sep-20,241,YES,2,"$28,300",dic-99,2008,No
4778,1169,Mastercard,Debit,5.02204E+15,ene-21,283,YES,1,"$27,761",sep-10,2010,No
2485,1169,Mastercard,Credit,5.41358E+15,mar-23,131,YES,1,"$21,200",abr-05,2012,No
5174,1169,Visa,Debit,4.6969E+15,mar-24,152,YES,1,"$20,560",oct-09,2009,No
3389,1169,Mastercard,Debit,5.14818E+15,ene-13,502,YES,2,"$3,095",jun-08,2012,No
4179,1169,Mastercard,Debit,5.73201E+15,jun-21,883,YES,2,"$43,879",ago-06,2015,No
594,522,Mastercard,Debit,5.47747E+15,sep-22,446,YES,2,"$21,359",ene-20,2020,No
1626,522,Mastercard,Credit,5.46773E+15,oct-24,991,YES,1,"$10,200",feb-20,2020,No
4399,1736,Visa,Debit,4.21208E+15,ago-22,173,YES,2,"$16,332",ago-12,2012,No
2647,1736,Mastercard,Credit,5.38941E+15,dic-22,32,YES,1,"$9,100",abr-10,2019,No
2687,1736,Visa,Debit,4.21172E+15,mar-24,345,YES,1,"$2,289",abr-11,2011,No
113,1736,Visa,Debit,4.87085E+15,jun-21,880,YES,1,"$23,631",ene-06,2014,No
3133,506,Mastercard,Debit,5.1554E+15,jun-24,314,YES,1,"$17,995",may-13,2013,No
4513,506,Mastercard,Credit,5.94553E+15,ene-24,959,YES,1,"$14,900",sep-01,2008,No
1032,506,Mastercard,Debit,5.31948E+15,feb-23,19,YES,2,"$26,830",feb-04,2004,No
2060,506,Mastercard,Debit,5.12306E+15,mar-23,51,YES,1,$202,mar-04,2013,No
2486,506,Mastercard,Debit,5.06343E+15,abr-23,5,NO,2,"$11,460",abr-05,2012,No
1627,131,Mastercard,Debit,5.61351E+15,feb-20,114,YES,1,"$11,934",feb-20,2020,No
595,131,Mastercard,Debit,5.65843E+15,ene-20,315,YES,1,"$12,427",ene-20,2020,No
596,131,Mastercard,Debit,5.78309E+15,feb-20,13,YES,1,"$24,432",ene-20,2020,No
1896,76,Visa,Debit,4.68439E+15,ago-24,268,YES,2,"$6,513",feb-20,2020,No
840,76,Visa,Credit,4.86891E+15,jun-21,736,YES,2,"$1,500",ene-20,2020,No
4292,249,Mastercard,Credit,5.80629E+15,dic-24,798,YES,2,"$1,500",ago-09,2009,No
3909,249,Visa,Credit,4.23547E+15,oct-09,833,YES,2,"$8,300",jul-09,2011,No
132,249,Mastercard,Credit,5.95637E+15,jul-24,475,YES,2,"$9,300",ene-07,2010,No
1897,249,Visa,Debit (Prepaid),4.72858E+15,feb-20,997,YES,2,$87,feb-20,2020,No
5239,249,Mastercard,Debit,5.16635E+15,oct-12,817,YES,1,"$14,104",oct-11,2011,No
3520,249,Mastercard,Debit,5.92016E+15,may-22,535,YES,2,"$14,725",jun-11,2011,No
5134,249,Visa,Debit,4.20756E+15,mar-20,424,YES,2,"$12,016",oct-08,2011,No
4252,1279,Mastercard,Debit,5.12743E+15,ago-22,856,YES,2,"$22,567",ago-08,2009,No
5472,1279,Visa,Debit,4.69248E+15,mar-22,281,YES,2,"$26,743",nov-06,2013,No
3220,1279,Visa,Debit,4.69429E+15,feb-21,763,YES,1,"$16,722",jun-00,2005,No
4188,1279,Visa,Debit,4.97655E+15,sep-23,310,YES,2,"$9,521",ago-06,2007,No
4428,1652,Mastercard,Debit,5.83524E+15,dic-21,803,YES,1,"$14,253",ago-14,2014,No
597,1652,Mastercard,Debit (Prepaid),5.83997E+15,dic-24,684,YES,1,$78,ene-20,2020,No
313,1652,Mastercard,Debit,5.79257E+15,oct-24,358,YES,1,"$26,678",ene-13,2013,No
2688,1652,Visa,Debit,4.652E+15,may-23,271,YES,2,"$15,652",abr-11,2011,No
4658,739,Discover,Credit,6.86562E+15,jul-09,784,YES,2,"$6,900",sep-08,2011,No
1177,1475,Mastercard,Debit,5.12356E+15,may-24,861,YES,1,"$13,378",feb-09,2009,No
4496,1475,Visa,Debit,4.78312E+15,oct-20,467,YES,2,"$15,516",sep-98,2014,No
3746,1475,Visa,Debit,4.81883E+15,may-24,311,YES,2,"$9,956",jul-05,2010,No
5155,1475,Mastercard,Debit,5.25335E+15,ago-20,499,YES,1,"$3,614",oct-09,2009,No
5631,1475,Visa,Debit,4.99222E+15,feb-20,201,YES,2,"$5,992",nov-10,2011,No
1628,1251,Mastercard,Debit,5.1444E+15,nov-23,732,YES,2,"$31,219",feb-20,2020,No
4069,1251,Mastercard,Debit,5.89295E+15,nov-21,447,YES,1,"$20,619",jul-18,2018,No
5156,1251,Mastercard,Debit (Prepaid),5.65368E+15,abr-19,732,YES,1,$74,oct-09,2009,No
1898,1119,Visa,Debit,4.57338E+15,jun-22,261,YES,1,"$22,768",feb-20,2020,No
1899,1119,Visa,Credit,4.46001E+15,ene-21,225,NO,1,"$3,000",feb-20,2020,No
598,1119,Mastercard,Credit,5.77561E+15,ene-20,32,YES,2,"$11,500",ene-20,2020,No
1629,1119,Mastercard,Debit,5.38878E+15,ene-24,712,YES,2,"$7,458",feb-20,2020,No
3109,592,Visa,Debit,4.088E+15,abr-23,532,YES,1,"$15,504",may-11,2012,No
4133,592,Mastercard,Credit,5.88641E+15,feb-20,684,YES,1,"$5,600",ago-04,2019,No
2022,592,Mastercard,Debit,5.24728E+15,abr-24,220,YES,2,"$3,117",mar-01,2006,No
3659,592,Visa,Debit,4.21516E+15,mar-22,756,YES,1,"$14,007",jul-00,2015,No
5946,592,Visa,Debit,4.99512E+15,abr-21,658,YES,2,"$13,390",dic-08,2010,No
3332,692,Visa,Debit,4.04812E+15,oct-21,117,YES,2,"$35,649",jun-06,2011,No
2073,692,Visa,Debit,4.16099E+15,oct-12,11,YES,2,"$18,979",mar-04,2008,No
5860,692,Mastercard,Credit,5.64098E+15,feb-23,571,NO,2,"$10,000",dic-06,2012,No
4303,692,Visa,Debit (Prepaid),4.20185E+15,ago-18,604,YES,2,$63,ago-09,2014,No
4253,1065,Mastercard,Debit,5.09227E+15,ene-21,394,YES,2,"$24,878",ago-08,2011,No
2630,1065,Amex,Credit,3.95345E+14,may-23,951,YES,2,"$23,900",abr-10,2012,No
4160,1065,Mastercard,Debit,5.66129E+15,feb-22,934,YES,2,"$9,213",ago-05,2009,No
4381,1764,Visa,Debit,4.53557E+15,jul-24,704,YES,2,"$23,538",ago-11,2011,No
4900,1764,Visa,Debit,4.9314E+15,sep-17,835,YES,2,"$15,658",sep-16,2016,No
2118,1764,Mastercard,Credit,5.09966E+15,may-21,249,YES,1,"$8,900",mar-06,2011,No
599,1830,Mastercard,Debit (Prepaid),5.93249E+15,feb-20,164,YES,1,$58,ene-20,2020,No
1272,1830,Mastercard,Debit,5.41391E+15,abr-22,732,YES,1,"$12,782",feb-11,2011,No
5217,1830,Visa,Debit,4.94036E+15,mar-16,253,YES,1,"$17,297",oct-10,2010,No
4083,1830,Mastercard,Credit,5.59832E+15,oct-24,385,YES,1,"$10,600",ago-94,2011,No
1052,157,Mastercard,Debit,5.05641E+15,nov-20,961,YES,1,"$10,644",feb-05,2011,No
4867,157,Visa,Debit,4.88454E+15,ene-15,296,YES,1,"$13,438",sep-13,2013,No
969,157,Mastercard,Debit,5.48173E+15,may-23,964,YES,1,"$14,269",feb-99,2011,No
1250,676,Visa,Credit,4.2093E+15,jun-23,777,YES,2,"$9,300",feb-10,2010,No
3910,676,Visa,Debit,4.27307E+15,dic-17,541,YES,2,"$34,175",jul-09,2011,No
5871,1481,Visa,Debit,4.86609E+15,ago-24,386,YES,2,$367,dic-06,2010,No
4720,1481,Mastercard,Debit,5.74615E+15,jun-22,950,YES,2,$441,sep-09,2014,No
3056,1902,Mastercard,Debit,5.09949E+15,jun-21,652,YES,2,"$11,087",may-10,2011,No
4286,1902,Amex,Credit,3.98824E+14,sep-20,162,YES,2,"$12,200",ago-09,2011,No
227,123,Mastercard,Debit,5.32931E+15,nov-20,20,YES,2,"$12,102",ene-10,2010,No
197,123,Mastercard,Debit,5.51846E+15,jun-20,995,YES,1,"$24,068",ene-09,2009,No
3192,123,Mastercard,Debit,5.40459E+15,oct-24,263,YES,2,"$15,305",may-17,2017,No
1196,1995,Visa,Debit,4.01476E+15,oct-24,355,YES,2,"$11,268",feb-09,2013,No
4180,1995,Mastercard,Debit,5.81711E+15,ene-20,29,YES,2,"$5,997",ago-06,2012,No
2439,1995,Amex,Credit,3.82683E+14,jul-21,521,YES,2,"$4,000",abr-03,2011,No
190,1995,Amex,Credit,3.16487E+14,ago-23,737,NO,2,"$9,700",ene-09,2009,No
4916,1688,Mastercard,Debit,5.16163E+15,feb-24,891,YES,2,"$21,502",sep-18,2018,No
2119,1895,Mastercard,Debit,5.26752E+15,ene-22,292,YES,2,"$2,042",mar-06,2013,No
1090,1895,Mastercard,Debit,5.34351E+15,sep-23,514,YES,1,"$13,922",feb-06,2012,No
5047,1891,Discover,Credit,6.44166E+15,mar-23,515,YES,2,"$13,100",oct-06,2006,No
1161,1891,Visa,Debit,4.26802E+15,nov-16,476,YES,2,"$15,227",feb-08,2015,No
1251,1891,Visa,Credit,4.03393E+15,ene-23,190,YES,2,"$3,300",feb-10,2010,No
5440,1891,Visa,Debit,4.75946E+15,oct-21,437,YES,1,"$19,829",nov-05,2010,No
600,453,Mastercard,Debit,5.88168E+15,ene-20,806,NO,1,"$23,996",ene-20,2020,No
4552,341,Mastercard,Debit (Prepaid),5.56006E+15,nov-24,633,YES,1,$55,sep-04,2010,No
1900,341,Visa,Debit,4.53115E+15,ago-20,97,YES,1,"$37,941",feb-20,2020,No
5417,341,Visa,Credit,4.10853E+15,jun-08,548,YES,1,"$37,600",nov-04,2006,No
45,1571,Visa,Debit,4.13725E+15,abr-23,861,YES,2,"$33,390",ene-03,2007,No
4392,1571,Mastercard,Debit,5.89025E+15,dic-21,12,YES,2,"$22,532",ago-12,2012,No
6109,1571,Mastercard,Debit,5.80018E+15,abr-24,148,YES,2,"$16,325",dic-15,2015,No
2487,1571,Mastercard,Debit,5.1282E+15,jun-23,759,YES,1,"$17,885",abr-05,2010,No
5397,1571,Visa,Debit,4.70446E+15,dic-23,175,YES,1,"$24,827",nov-03,2008,No
3165,1571,Mastercard,Debit,5.9081E+15,oct-15,530,YES,1,"$30,704",may-15,2015,No
3499,1615,Visa,Debit,4.27926E+15,feb-20,378,YES,2,"$13,637",jun-10,2012,No
5157,1615,Mastercard,Debit,5.20011E+15,may-24,624,YES,1,"$2,504",oct-09,2016,No
5473,1615,Visa,Debit,4.00317E+15,mar-23,317,YES,1,"$15,535",nov-06,2015,No
4254,1615,Mastercard,Debit,5.15547E+15,sep-22,703,YES,1,"$14,898",ago-08,2008,No
1147,1615,Mastercard,Debit,5.62596E+15,jul-23,783,YES,2,"$9,696",feb-08,2014,No
4738,1615,Visa,Debit,4.57792E+15,may-23,594,YES,1,"$22,310",sep-09,2011,No
841,1647,Visa,Debit (Prepaid),4.29188E+15,ene-20,108,NO,1,$76,ene-20,2020,No
402,1647,Amex,Credit,3.93079E+14,mar-24,826,YES,2,"$8,000",ene-20,2020,No
1630,1647,Mastercard,Credit,5.44369E+15,nov-24,591,YES,2,"$9,200",feb-20,2020,No
1631,1647,Mastercard,Debit,5.22154E+15,jun-20,258,YES,1,"$21,244",feb-20,2020,No
1901,1647,Visa,Debit,4.04175E+15,jun-22,408,NO,2,"$20,751",feb-20,2020,No
2061,680,Mastercard,Debit,5.50855E+15,mar-19,196,YES,2,"$16,347",mar-04,2010,No
3951,52,Visa,Debit,4.95496E+15,oct-23,995,YES,1,"$23,404",jul-10,2012,No
4976,52,Visa,Debit,4.43547E+15,abr-22,708,YES,2,"$20,930",oct-02,2008,No
2322,52,Visa,Debit,4.34364E+15,ago-13,754,YES,2,"$23,014",mar-13,2013,No
842,1387,Visa,Credit,4.85846E+15,dic-22,674,YES,2,"$9,500",ene-20,2020,No
962,1034,Mastercard,Debit,5.32877E+15,jun-20,645,YES,1,"$2,778",feb-98,2005,No
2741,1034,Amex,Credit,3.21354E+14,feb-20,213,YES,2,"$11,800",abr-15,2015,No
2853,1034,Discover,Credit,6.28156E+15,oct-20,359,YES,1,"$11,500",may-04,2007,No
1137,1034,Discover,Credit,6.74552E+15,feb-09,611,YES,2,"$13,000",feb-08,2009,No
2765,1034,Visa,Debit,4.88244E+15,dic-24,332,YES,1,"$21,102",abr-16,2016,No
4622,1034,Visa,Debit (Prepaid),4.9009E+15,mar-21,730,YES,1,$60,sep-06,2009,No
179,677,Visa,Credit,4.29931E+15,jun-20,215,YES,2,"$23,100",ene-08,2010,No
4449,677,Mastercard,Debit,5.77983E+15,mar-21,458,YES,1,"$34,826",ago-15,2015,No
5317,677,Visa,Debit,4.27655E+15,dic-23,54,NO,1,"$25,429",oct-16,2016,No
989,440,Mastercard,Debit,5.09887E+15,dic-22,435,YES,1,"$79,717",feb-01,2013,No
3274,440,Mastercard,Debit,5.43265E+15,abr-23,920,YES,2,"$5,307",jun-04,2010,No
3736,440,Mastercard,Debit,5.40568E+15,abr-19,810,YES,2,"$47,131",jul-05,2008,No
71,440,Mastercard,Debit,5.33654E+15,oct-21,805,YES,2,"$36,724",ene-05,2010,No
1216,440,Mastercard,Debit,5.24469E+15,oct-24,682,YES,1,"$6,875",feb-10,2012,No
5671,338,Mastercard,Debit,5.37157E+15,abr-24,46,YES,1,"$17,229",nov-12,2012,No
1356,338,Mastercard,Debit,5.40415E+15,may-22,190,YES,1,"$31,747",feb-15,2015,No
1317,338,Mastercard,Debit,5.00466E+15,ene-23,841,YES,2,"$50,127",feb-13,2013,No
1205,1120,Discover,Credit,6.98313E+15,oct-22,237,YES,2,"$21,400",feb-10,2010,No
4641,1127,Mastercard,Debit,5.96856E+15,ene-22,303,YES,2,"$24,614",sep-07,2012,No
4605,1127,Mastercard,Debit,5.36544E+15,dic-23,623,YES,2,"$2,809",sep-06,2011,No
3694,1127,Mastercard,Debit,5.67295E+15,mar-07,314,NO,2,"$15,076",jul-03,2015,No
3869,1127,Visa,Debit,4.85804E+15,sep-20,745,YES,1,"$27,646",jul-08,2009,No
360,1662,Mastercard,Debit,5.24387E+15,ene-21,702,YES,1,"$20,447",ene-17,2017,No
2675,1662,Mastercard,Debit,5.27537E+15,oct-21,507,YES,1,"$29,948",abr-11,2011,No
4541,1662,Visa,Debit,4.18286E+15,sep-20,890,YES,2,"$28,021",sep-03,2011,No
6087,1662,Mastercard,Debit (Prepaid),5.29887E+15,dic-13,297,NO,1,$58,dic-13,2013,No
601,1462,Mastercard,Debit (Prepaid),5.02336E+15,ago-20,641,YES,2,$44,ene-20,2020,No
1632,1848,Mastercard,Debit,5.53779E+15,feb-22,935,YES,2,"$19,880",feb-20,2020,No
602,1848,Mastercard,Credit,5.02498E+15,abr-21,542,YES,1,"$12,700",ene-20,2020,No
1308,1444,Visa,Debit,4.44522E+15,mar-24,699,YES,1,"$42,670",feb-12,2012,No
603,1444,Mastercard,Debit,5.62163E+15,feb-20,106,NO,1,"$21,611",ene-20,2020,No
3631,1444,Mastercard,Debit,5.91883E+15,jul-21,152,YES,2,"$50,521",jun-18,2018,No
2648,1444,Mastercard,Debit,5.73436E+15,mar-24,802,YES,2,"$27,982",abr-10,2010,No
5965,1444,Mastercard,Debit,5.14378E+15,oct-23,803,YES,1,"$22,886",dic-09,2009,No
2882,1444,Mastercard,Debit,5.35875E+15,nov-20,637,YES,2,"$32,049",may-05,2005,No
5118,1444,Mastercard,Debit,5.45789E+15,jun-23,949,NO,1,"$45,141",oct-08,2010,No
5009,45,Mastercard,Debit (Prepaid),5.5256E+15,nov-23,154,YES,1,$44,oct-04,2014,No
2822,1102,Amex,Credit,3.02324E+14,jul-23,777,YES,1,"$26,900",may-02,2019,No
5651,1102,Mastercard,Debit,5.97705E+15,jun-23,806,YES,2,"$5,414",nov-11,2012,No
5010,1102,Mastercard,Debit,5.88464E+15,jul-18,425,YES,2,"$17,846",oct-04,2011,No
3952,1102,Visa,Debit (Prepaid),4.08637E+15,nov-22,257,YES,2,$51,jul-10,2014,No
979,1102,Mastercard,Debit,5.94095E+15,ene-19,618,YES,2,"$39,080",feb-00,2017,No
3390,1636,Mastercard,Credit,5.89198E+15,may-24,843,YES,1,"$5,600",jun-08,2011,No
2930,1636,Mastercard,Debit,5.80548E+15,feb-20,832,YES,2,"$7,090",may-07,2017,No
3992,1636,Amex,Credit,3.58241E+14,abr-23,544,YES,1,"$4,600",jul-12,2012,No
3338,1636,Amex,Credit,3.54505E+14,abr-20,793,YES,1,"$6,900",jun-07,2008,No
2018,502,Discover,Credit,6.91082E+15,mar-20,845,YES,2,"$7,900",mar-01,2004,No
3521,502,Mastercard,Debit,5.03109E+15,jul-23,834,NO,1,$415,jun-11,2013,No
1412,1630,Amex,Credit,3.87424E+14,jun-21,864,YES,1,"$11,800",feb-20,2020,No
4479,266,Mastercard,Debit,5.39258E+15,abr-20,63,YES,1,"$10,107",ago-19,2019,No
3283,5,Visa,Debit,4.06216E+15,oct-24,305,NO,2,"$12,286",jun-04,2013,No
1178,5,Mastercard,Debit,5.41959E+15,ene-22,42,YES,2,"$18,894",feb-09,2015,No
4407,1712,Mastercard,Debit,5.23528E+15,nov-17,314,YES,1,"$35,175",ago-13,2013,No
3291,1712,Mastercard,Debit,5.52662E+15,oct-21,600,YES,1,"$21,205",jun-05,2010,No
4056,1712,Mastercard,Debit,5.07137E+15,nov-21,958,NO,1,"$25,985",jul-17,2017,No
3711,1712,Mastercard,Debit,5.31364E+15,jun-24,212,NO,1,"$39,431",jul-04,2008,No
4342,1712,Visa,Debit,4.63134E+15,mar-24,847,YES,2,"$18,288",ago-10,2012,No
143,1360,Visa,Credit,4.14287E+15,ago-20,302,YES,1,"$9,000",ene-07,2007,No
2184,1360,Mastercard,Debit,5.82309E+15,oct-21,876,YES,2,"$12,367",mar-08,2008,No
3609,1360,Mastercard,Debit,5.70892E+15,sep-21,17,YES,2,"$19,619",jun-16,2016,No
403,1013,Amex,Credit,3.30379E+14,jun-20,959,YES,1,"$12,800",ene-20,2020,No
1349,993,Visa,Credit,4.26055E+15,jun-22,384,YES,1,"$9,500",feb-14,2014,No
162,642,Mastercard,Debit,5.87397E+15,sep-24,809,YES,2,"$3,966",ene-08,2013,No
4721,642,Mastercard,Debit,5.22923E+15,nov-09,670,YES,2,"$8,812",sep-09,2009,No
2051,642,Visa,Debit,4.32421E+15,oct-22,92,YES,2,"$13,434",mar-03,2003,No
5934,642,Mastercard,Debit,5.0819E+15,nov-20,533,YES,1,"$13,104",dic-08,2017,No
2430,1871,Mastercard,Debit,5.20325E+15,sep-21,503,YES,1,"$9,454",abr-02,2007,No
5672,1871,Mastercard,Debit,5.41053E+15,ene-20,651,YES,1,"$13,764",nov-12,2012,No
4470,1871,Mastercard,Debit,5.89272E+15,may-24,355,YES,1,"$14,639",ago-18,2018,No
4429,1871,Mastercard,Debit,5.89633E+15,ago-24,851,NO,2,"$20,277",ago-14,2014,No
1633,1871,Mastercard,Debit,5.34246E+15,feb-20,260,YES,1,"$11,166",feb-20,2020,No
5491,1721,Mastercard,Credit,5.63247E+15,jun-24,296,YES,2,"$7,200",nov-07,2010,No
3610,1721,Mastercard,Debit,5.75443E+15,nov-22,789,YES,1,"$12,389",jun-16,2016,No
84,868,Visa,Debit,4.63971E+15,feb-23,69,YES,2,"$2,121",ene-05,2009,No
5372,868,Visa,Debit,4.02514E+15,nov-24,653,YES,2,"$13,455",nov-01,2011,No
2233,868,Visa,Debit (Prepaid),4.59538E+15,ago-23,475,YES,2,$48,mar-09,2013,No
5565,868,Mastercard,Debit (Prepaid),5.68058E+15,feb-22,504,YES,2,$49,nov-09,2009,No
322,868,Visa,Credit,4.94496E+15,jul-22,21,YES,2,"$5,000",ene-13,2013,No
3292,868,Mastercard,Credit,5.92576E+15,jun-10,556,NO,1,"$6,800",jun-05,2009,No
2985,1517,Visa,Credit,4.22506E+15,jun-21,829,YES,2,"$24,900",may-08,2013,No
72,1517,Mastercard,Debit,5.51575E+15,ene-24,306,YES,2,"$19,670",ene-05,2009,No
1634,1517,Mastercard,Debit,5.76413E+15,jul-24,480,YES,2,"$23,231",feb-20,2020,No
2131,1517,Visa,Debit (Prepaid),4.20378E+15,mar-22,193,YES,2,$18,mar-06,2013,No
5340,364,Mastercard,Debit,5.481E+15,jul-21,110,YES,1,"$13,699",oct-19,2019,No
4623,364,Visa,Credit,4.74876E+15,may-17,478,NO,2,"$11,700",sep-06,2010,No
5611,364,Mastercard,Credit,5.27457E+15,nov-10,89,YES,1,"$1,800",nov-10,2010,No
5673,364,Mastercard,Debit,5.10025E+15,oct-23,723,YES,1,"$15,612",nov-12,2012,No
4642,686,Mastercard,Debit,5.23347E+15,ago-24,870,YES,1,"$4,699",sep-07,2018,No
1635,696,Mastercard,Debit,5.63472E+15,feb-21,644,YES,1,"$77,778",feb-20,2020,No
3870,696,Visa,Debit,4.28816E+15,oct-23,765,NO,1,"$31,755",jul-08,2008,No
2695,696,Mastercard,Debit,5.64805E+15,nov-24,470,YES,1,"$28,601",abr-12,2012,No
2488,696,Mastercard,Credit,5.62869E+15,mar-10,842,YES,2,"$25,900",abr-05,2011,No
4953,696,Mastercard,Debit (Prepaid),5.2931E+15,jun-09,140,YES,2,$97,oct-01,2010,No
4207,696,Mastercard,Debit,5.58443E+15,may-23,957,NO,2,"$22,553",ago-07,2010,No
5612,696,Mastercard,Debit (Prepaid),5.27697E+15,may-22,803,YES,2,$65,nov-10,2015,No
39,696,Mastercard,Debit,5.56277E+15,oct-24,267,YES,2,"$21,225",ene-03,2012,No
604,962,Mastercard,Credit,5.19586E+15,dic-21,426,YES,2,"$13,300",ene-20,2020,No
1217,962,Mastercard,Debit,5.18014E+15,jul-22,633,YES,2,"$9,141",feb-10,2011,No
5966,1407,Mastercard,Debit,5.64739E+15,may-21,236,YES,2,"$14,733",dic-09,2011,No
5384,1407,Visa,Debit,4.54322E+15,ago-23,587,YES,1,"$15,814",nov-02,2010,No
2313,1407,Mastercard,Debit,5.8482E+15,may-21,597,YES,1,"$20,816",mar-13,2013,No
4695,1407,Visa,Credit,4.6815E+15,feb-14,86,YES,2,"$8,500",sep-08,2010,No
4471,1015,Mastercard,Debit,5.62067E+15,jul-21,842,YES,1,"$35,493",ago-18,2018,No
5271,1015,Mastercard,Debit,5.84937E+15,jul-20,636,YES,2,"$58,311",oct-13,2013,No
1636,1015,Mastercard,Credit,5.98115E+15,sep-23,601,YES,1,"$24,700",feb-20,2020,No
198,1015,Mastercard,Debit,5.657E+15,oct-24,761,YES,2,"$66,779",ene-09,2011,No
1113,1015,Mastercard,Debit (Prepaid),5.96486E+15,feb-24,287,YES,1,$58,feb-07,2012,No
2211,1456,Discover,Credit,6.93268E+15,ago-23,294,YES,2,"$7,400",mar-09,2017,No
5935,1456,Mastercard,Debit,5.83939E+15,oct-20,985,YES,2,"$11,310",dic-08,2012,No
1273,1456,Mastercard,Credit,5.45114E+15,ago-19,832,NO,2,"$7,200",feb-11,2011,No
2251,1861,Mastercard,Debit,5.89399E+15,abr-22,46,NO,1,"$28,352",mar-10,2012,No
2993,1861,Amex,Credit,3.44769E+14,jun-16,588,YES,2,"$10,000",may-09,2011,No
4898,1861,Mastercard,Debit,5.47527E+15,feb-24,101,YES,1,"$32,325",sep-16,2016,No
4025,1861,Mastercard,Debit,5.68222E+15,may-18,67,YES,2,"$22,405",jul-14,2014,No
3374,1861,Amex,Credit,3.3596E+14,ene-21,29,YES,1,"$17,300",jun-08,2013,No
605,161,Mastercard,Debit,5.73485E+15,jul-20,423,YES,1,"$11,163",ene-20,2020,No
3096,161,Mastercard,Debit,5.01819E+15,feb-24,889,YES,1,"$13,612",may-11,2011,No
5588,161,Visa,Debit,4.76493E+15,dic-16,254,YES,1,"$11,168",nov-09,2009,No
843,263,Visa,Credit,4.82164E+15,mar-20,978,NO,2,"$6,200",ene-20,2020,No
2567,263,Mastercard,Debit (Prepaid),5.33212E+15,may-19,494,YES,1,$61,abr-08,2009,No
1392,263,Mastercard,Debit,5.98121E+15,feb-20,421,YES,1,"$12,103",feb-19,2019,No
2994,1389,Discover,Credit,6.88065E+15,ago-22,218,YES,2,"$7,900",may-09,2010,No
2301,1389,Mastercard,Debit,5.60322E+15,jun-16,316,YES,1,"$11,408",mar-12,2012,No
4779,1707,Mastercard,Debit,5.10109E+15,jul-21,325,YES,1,"$22,362",sep-10,2014,No
1902,1374,Visa,Debit,4.64129E+15,sep-20,819,YES,1,"$14,993",feb-20,2020,No
1413,1374,Amex,Credit,3.2466E+14,abr-24,330,NO,2,"$8,300",feb-20,2020,No
5967,1855,Mastercard,Debit,5.90029E+15,dic-21,172,YES,1,"$29,716",dic-09,2011,No
4304,1855,Visa,Debit,4.99386E+15,oct-09,663,YES,1,"$19,258",ago-09,2011,No
3021,1855,Visa,Credit,4.35583E+15,ago-20,490,YES,3,"$13,400",may-09,2011,No
1903,1855,Visa,Credit,4.74665E+15,sep-22,32,YES,2,"$17,100",feb-20,2020,No
1904,867,Visa,Debit,4.95423E+15,sep-22,1,YES,2,"$16,736",feb-20,2020,No
606,867,Mastercard,Debit,5.14991E+15,sep-21,275,YES,1,"$10,196",ene-20,2020,No
4564,274,Visa,Debit,4.6363E+15,sep-14,898,YES,1,"$20,961",sep-04,2010,No
2841,274,Mastercard,Credit,5.70324E+15,feb-23,825,YES,2,"$10,500",may-03,2016,No
309,274,Amex,Credit,3.65378E+14,oct-23,964,YES,2,"$16,500",ene-13,2013,No
3184,1552,Visa,Credit,4.49832E+15,ago-16,282,YES,2,"$11,300",may-16,2016,No
1380,1552,Mastercard,Debit,5.90955E+15,dic-21,675,YES,1,"$13,866",feb-18,2018,No
1218,1552,Mastercard,Debit,5.49475E+15,may-21,61,YES,2,"$14,913",feb-10,2010,No
1448,635,Discover,Credit,6.13005E+15,oct-22,970,YES,1,"$6,100",feb-20,2020,No
5218,1526,Visa,Debit,4.85224E+15,nov-12,226,NO,1,"$3,728",oct-10,2010,No
3664,1526,Discover,Credit,6.17213E+15,oct-24,585,YES,1,"$7,400",jul-01,2007,No
4722,1526,Mastercard,Debit (Prepaid),5.82156E+15,oct-20,558,YES,1,$77,sep-09,2009,No
2100,1526,Visa,Debit,4.64328E+15,feb-21,413,YES,1,"$12,299",mar-05,2007,No
248,319,Visa,Credit,4.0865E+15,mar-21,383,YES,2,"$6,800",ene-10,2010,No
844,319,Visa,Debit (Prepaid),4.84132E+15,feb-22,858,YES,1,$77,ene-20,2020,No
3425,740,Mastercard,Debit,5.15381E+15,ene-17,115,YES,2,"$2,172",jun-09,2017,No
607,740,Mastercard,Debit,5.51458E+15,abr-21,117,YES,1,"$8,661",ene-20,2020,No
845,740,Visa,Debit,4.45614E+15,mar-23,189,YES,2,"$4,009",ene-20,2020,No
1414,965,Amex,Credit,3.44844E+14,dic-20,973,YES,1,"$11,200",feb-20,2020,No
846,965,Visa,Debit,4.06165E+15,dic-21,542,YES,2,"$16,479",ene-20,2020,No
5674,1421,Mastercard,Debit (Prepaid),5.875E+15,jun-22,595,YES,1,$65,nov-12,2012,No
3550,1421,Mastercard,Debit,5.7575E+15,jul-21,514,YES,1,"$17,993",jun-12,2012,No
5833,1538,Mastercard,Debit,5.12839E+15,abr-11,984,YES,2,"$16,398",dic-05,2005,No
3206,1538,Mastercard,Debit,5.01305E+15,oct-21,272,YES,2,"$21,284",jun-98,2016,No
3599,1101,Visa,Debit,4.6838E+15,sep-21,938,NO,2,"$13,022",jun-15,2015,No
1905,1101,Visa,Credit,4.59133E+15,nov-20,252,YES,1,"$8,500",feb-20,2020,No
3448,92,Visa,Debit,4.13017E+15,jun-24,299,YES,1,"$34,123",jun-09,2009,No
2802,92,Mastercard,Debit,5.12332E+15,oct-13,821,YES,1,"$25,670",may-99,2010,No
2803,92,Mastercard,Credit,5.71971E+15,jul-20,403,YES,1,"$9,000",may-99,2012,No
5947,92,Visa,Debit,4.96319E+15,sep-23,150,YES,2,"$8,280",dic-08,2017,No
5183,125,Amex,Credit,3.98639E+14,ene-21,177,YES,2,"$6,400",oct-10,2011,No
5770,125,Mastercard,Debit,5.94581E+15,ago-22,282,YES,2,"$9,741",dic-01,2010,No
2023,125,Mastercard,Debit,5.22852E+15,jun-23,720,YES,2,"$1,326",mar-01,2011,No
4931,125,Discover,Credit,6.15126E+15,oct-22,10,YES,2,"$3,600",oct-98,2005,No
2120,125,Mastercard,Credit,5.82467E+15,may-22,554,YES,1,"$5,500",mar-06,2012,No
2225,449,Mastercard,Debit,5.39749E+15,oct-20,915,YES,2,"$16,675",mar-09,2009,No
351,449,Visa,Debit,4.0034E+15,may-21,994,YES,2,"$21,594",ene-15,2015,No
3559,449,Visa,Debit,4.34591E+15,feb-20,867,YES,1,"$14,277",jun-12,2012,No
2738,449,Visa,Debit,4.16946E+15,sep-21,770,YES,2,"$13,368",abr-14,2014,No
5894,449,Mastercard,Credit,5.24229E+15,may-20,740,YES,1,"$12,700",dic-07,2016,No
3214,1173,Amex,Credit,3.09313E+14,may-15,253,YES,1,"$11,200",jun-00,2013,No
4696,1173,Visa,Debit,4.54782E+15,jun-24,410,YES,1,"$1,342",sep-08,2008,No
2986,1173,Visa,Credit,4.28572E+15,may-24,282,YES,2,"$8,700",may-08,2009,No
2388,1173,Visa,Debit (Prepaid),4.50599E+15,jun-19,675,YES,2,$75,mar-19,2019,No
1033,1173,Mastercard,Debit,5.61064E+15,oct-21,739,YES,1,"$35,062",feb-04,2011,No
4480,1173,Mastercard,Debit,5.97251E+15,feb-20,29,YES,2,"$17,503",ago-19,2019,No
5662,1173,Visa,Credit,4.80794E+15,oct-21,158,YES,1,"$16,900",nov-11,2011,No
5197,1810,Mastercard,Credit,5.59512E+15,ene-23,474,NO,2,"$9,000",oct-10,2010,No
4839,1810,Visa,Credit,4.55256E+15,abr-24,816,YES,2,"$9,800",sep-12,2012,No
5936,1810,Mastercard,Credit,5.37452E+15,dic-23,720,YES,1,"$10,600",dic-08,2009,No
2323,1810,Visa,Credit,4.91366E+15,ago-20,55,YES,1,"$7,200",mar-13,2013,No
3339,1810,Amex,Credit,3.58698E+14,nov-23,803,YES,2,"$7,900",jun-07,2017,No
3522,1843,Mastercard,Debit,5.24724E+15,feb-20,285,YES,2,"$12,189",jun-11,2011,No
5752,1843,Amex,Credit,3.63195E+14,sep-21,307,NO,1,"$12,300",dic-97,2009,No
249,1843,Visa,Debit,4.34892E+15,jun-22,256,YES,2,"$8,702",ene-10,2014,No
4553,1843,Mastercard,Debit,5.81313E+15,dic-22,390,YES,2,"$10,638",sep-04,2010,No
961,1843,Amex,Credit,3.55893E+14,nov-20,374,YES,2,"$5,800",feb-98,2010,No
2033,1843,Mastercard,Credit,5.93748E+15,sep-20,651,YES,1,"$13,200",mar-02,2018,No
5834,1843,Mastercard,Credit,5.69651E+15,oct-21,829,YES,2,"$4,800",dic-05,2009,No
4408,1578,Mastercard,Credit,5.20241E+15,nov-20,17,YES,2,"$6,800",ago-13,2013,No
5331,1578,Visa,Debit (Prepaid),4.80572E+15,abr-20,689,YES,2,$64,oct-18,2018,No
4343,658,Visa,Credit,4.84688E+15,sep-11,89,YES,1,"$5,800",ago-10,2010,No
199,658,Mastercard,Debit,5.34202E+15,ago-24,200,YES,2,"$22,742",ene-09,2009,No
1010,658,Amex,Credit,3.42128E+14,abr-20,505,YES,1,"$19,300",feb-03,2013,No
5548,658,Visa,Credit,4.99852E+15,mar-24,730,YES,1,"$13,800",nov-08,2008,No
2146,1858,Mastercard,Credit,5.99087E+15,dic-22,373,YES,2,"$8,200",mar-07,2010,No
847,1663,Visa,Debit,4.07291E+15,ago-21,134,YES,2,$840,ene-20,2020,No
5350,1503,Visa,Credit,4.89674E+15,feb-23,107,YES,2,"$12,600",nov-96,2014,No
3476,1503,Mastercard,Debit,5.52754E+15,sep-23,594,YES,2,"$15,552",jun-10,2014,No
4274,1503,Visa,Debit,4.08474E+15,ago-22,22,YES,1,"$5,133",ago-08,2008,No
3772,1503,Mastercard,Debit,5.57393E+15,nov-20,814,YES,2,"$24,049",jul-06,2013,No
1906,725,Visa,Debit,4.73617E+15,oct-20,535,YES,1,"$17,382",feb-20,2020,No
1907,725,Visa,Debit,4.04319E+15,sep-21,859,NO,1,"$19,483",feb-20,2020,No
5785,1671,Visa,Debit,4.54921E+15,jul-20,454,YES,2,"$2,174",dic-02,2010,No
4430,1233,Mastercard,Debit,5.80028E+15,ago-17,159,YES,2,"$25,301",ago-14,2014,No
4823,1233,Visa,Credit,4.50041E+15,sep-12,772,YES,2,"$11,000",sep-11,2013,No
1449,1233,Discover,Credit,6.91051E+15,nov-22,303,YES,1,"$7,100",feb-20,2020,No
4255,1271,Mastercard,Debit (Prepaid),5.35973E+15,oct-08,268,YES,2,$57,ago-08,2008,No
3316,1271,Mastercard,Debit (Prepaid),5.52552E+15,nov-16,10,YES,2,$33,jun-06,2013,No
1908,1271,Visa,Credit,4.26146E+15,mar-24,100,NO,1,"$10,900",feb-20,2020,No
5099,473,Visa,Credit,4.7331E+15,oct-21,91,YES,2,"$7,100",oct-07,2007,No
2696,473,Mastercard,Debit,5.1828E+15,feb-22,237,YES,1,"$10,005",abr-12,2012,No
5663,1541,Visa,Debit,4.17028E+15,sep-23,374,YES,1,"$10,627",nov-11,2011,No
228,1541,Mastercard,Debit,5.09035E+15,sep-24,699,NO,2,"$12,157",ene-10,2019,No
4554,1541,Mastercard,Debit,5.69709E+15,mar-08,622,YES,1,$60,sep-04,2009,No
3253,1541,Mastercard,Credit,5.19026E+15,dic-20,16,YES,2,"$10,600",jun-03,2008,No
2307,1541,Visa,Debit,4.51375E+15,nov-23,697,YES,1,"$17,383",mar-12,2012,No
3590,149,Mastercard,Credit,5.42509E+15,jul-22,286,YES,1,"$14,200",jun-15,2015,No
1219,560,Mastercard,Debit,5.29358E+15,dic-21,468,NO,2,"$11,620",feb-10,2010,No
144,560,Visa,Debit,4.90589E+15,ene-20,87,YES,2,"$16,642",ene-07,2012,No
1371,560,Mastercard,Credit,5.31237E+15,may-20,749,YES,1,"$6,900",feb-17,2017,No
5065,560,Visa,Credit,4.20584E+15,sep-07,193,NO,2,"$12,500",oct-06,2012,No
2185,1006,Mastercard,Debit,5.76803E+15,sep-24,339,YES,2,"$14,814",mar-08,2008,No
3509,1006,Amex,Credit,3.75781E+14,sep-21,910,YES,1,"$10,900",jun-11,2011,No
4723,1006,Mastercard,Debit,5.42248E+15,ene-23,49,YES,2,"$17,253",sep-09,2011,No
4305,368,Visa,Debit,4.02239E+15,sep-09,297,YES,2,"$20,756",ago-09,2009,No
371,368,Mastercard,Debit,5.89282E+15,feb-20,831,YES,2,"$22,132",ene-18,2018,No
5566,368,Mastercard,Debit (Prepaid),5.9367E+15,jul-10,175,YES,2,$63,nov-09,2009,No
2226,368,Mastercard,Credit,5.17299E+15,nov-24,993,YES,1,"$12,100",mar-09,2010,No
3822,368,Visa,Debit (Prepaid),4.44552E+15,mar-24,772,YES,2,$71,jul-07,2014,No
4463,368,Mastercard,Credit,5.29645E+15,jun-20,567,YES,2,"$13,000",ago-17,2017,No
2408,1696,Mastercard,Debit,5.41273E+15,may-18,599,YES,2,"$12,047",abr-00,2008,No
180,416,Visa,Credit,4.94244E+15,oct-20,805,NO,2,"$14,900",ene-08,2011,No
1220,416,Mastercard,Debit,5.58702E+15,nov-22,531,YES,2,"$14,066",feb-10,2012,No
2883,416,Mastercard,Debit (Prepaid),5.95981E+15,sep-21,122,NO,2,$60,may-05,2013,No
2445,416,Mastercard,Debit,5.73616E+15,dic-24,93,YES,3,"$18,242",abr-03,2011,No
2399,416,Mastercard,Debit,5.55491E+15,sep-23,289,YES,2,"$2,041",abr-97,2012,No
4724,416,Mastercard,Debit (Prepaid),5.8703E+15,dic-22,16,YES,2,$46,sep-09,2016,No
6031,51,Visa,Credit,4.71848E+15,jul-20,909,YES,1,"$12,700",dic-10,2011,No
1637,51,Mastercard,Debit,5.87128E+15,feb-20,101,YES,1,"$27,124",feb-20,2020,No
1450,51,Discover,Credit,6.51352E+15,may-23,191,YES,2,"$6,400",feb-20,2020,No
285,196,Visa,Credit,4.99759E+15,oct-21,0,YES,2,"$4,300",ene-11,2011,No
5085,690,Mastercard,Debit,5.20922E+15,sep-20,25,YES,1,"$1,993",oct-07,2015,No
2727,1477,Mastercard,Debit,5.77026E+15,feb-20,717,YES,2,"$18,171",abr-14,2014,No
3747,1477,Visa,Debit,4.82568E+15,jul-24,133,YES,1,"$44,314",jul-05,2008,No
4947,1477,Discover,Credit,6.99422E+15,nov-22,198,NO,1,"$12,700",oct-01,2009,No
2676,260,Mastercard,Debit,5.13658E+15,jul-19,321,YES,1,"$21,007",abr-11,2011,No
5119,260,Mastercard,Debit (Prepaid),5.85546E+15,jul-17,547,NO,1,$65,oct-08,2009,No
323,260,Visa,Debit,4.52653E+15,dic-21,422,YES,1,"$13,342",ene-13,2013,No
5895,857,Mastercard,Debit,5.48992E+15,sep-21,425,YES,2,"$10,405",dic-07,2011,No
4739,1167,Visa,Credit,4.57617E+15,oct-15,540,YES,1,"$12,500",sep-09,2009,No
2159,1167,Visa,Debit,4.3416E+15,ene-22,511,YES,2,"$19,070",mar-07,2007,No
3666,1167,Mastercard,Debit,5.53025E+15,oct-24,398,YES,2,"$30,950",jul-01,2006,No
3426,1358,Mastercard,Debit (Prepaid),5.72213E+15,may-20,447,YES,1,$80,jun-09,2012,No
1909,1358,Visa,Debit,4.26077E+15,oct-23,303,YES,1,"$26,394",feb-20,2020,No
5736,1358,Mastercard,Debit (Prepaid),5.59676E+15,ene-20,26,YES,1,$71,nov-18,2018,No
5135,1358,Visa,Debit (Prepaid),4.61105E+15,ene-24,73,YES,1,$83,oct-08,2008,No
5368,1611,Mastercard,Debit,5.86468E+15,feb-16,209,YES,2,"$12,132",nov-01,2014,No
1318,1611,Mastercard,Credit,5.30981E+15,nov-15,888,YES,2,"$1,900",feb-13,2013,No
1252,734,Visa,Debit,4.09097E+15,nov-21,478,YES,2,"$5,507",feb-10,2010,No
4990,734,Mastercard,Credit,5.14663E+15,jul-20,498,YES,2,"$6,300",oct-03,2010,No
4671,1507,Mastercard,Debit,5.90211E+15,jul-21,726,YES,2,"$19,573",sep-08,2015,No
5589,1507,Visa,Debit,4.08801E+15,ene-21,841,YES,2,"$29,543",nov-09,2011,No
3449,1507,Visa,Debit,4.61308E+15,may-20,531,NO,2,"$19,171",jun-09,2013,No
4393,504,Mastercard,Debit (Prepaid),5.85443E+15,feb-20,685,YES,1,$72,ago-12,2012,No
5280,504,Visa,Debit,4.98647E+15,abr-14,877,YES,1,"$11,710",oct-13,2013,No
2263,524,Visa,Debit,4.98307E+15,dic-24,920,NO,2,"$24,089",mar-10,2010,No
5240,525,Mastercard,Debit,5.83565E+15,dic-24,163,YES,1,"$15,900",oct-11,2011,No
6004,525,Mastercard,Debit,5.05289E+15,ene-24,604,YES,1,"$11,595",dic-10,2010,No
4811,525,Mastercard,Debit,5.4076E+15,feb-20,335,YES,2,"$13,257",sep-11,2011,No
4740,250,Visa,Credit,4.42278E+15,feb-14,40,NO,2,"$7,200",sep-09,2009,No
2793,250,Mastercard,Credit,5.46457E+15,abr-17,217,YES,1,"$8,200",may-97,2007,No
5136,250,Visa,Debit,4.68025E+15,abr-24,33,YES,2,"$11,678",oct-08,2014,No
4940,250,Mastercard,Debit (Prepaid),5.82407E+15,dic-20,574,YES,1,$57,oct-99,2017,No
3971,250,Mastercard,Debit,5.38728E+15,nov-11,236,YES,1,"$10,412",jul-11,2017,No
2914,250,Visa,Debit,4.123E+15,ene-23,338,YES,1,"$7,808",may-06,2009,No
1332,479,Visa,Debit,4.56994E+15,oct-22,19,YES,2,"$43,767",feb-13,2013,No
2186,479,Mastercard,Credit,5.69295E+15,sep-21,528,YES,1,"$16,600",mar-08,2014,No
2436,479,Visa,Debit,4.26261E+15,ene-21,44,YES,2,"$3,058",abr-02,2013,No
4189,343,Visa,Credit,4.74223E+15,ago-24,690,YES,1,"$11,000",ago-06,2017,No
3582,343,Mastercard,Credit,5.0528E+15,jul-18,868,YES,1,"$10,800",jun-14,2014,No
1288,343,Visa,Debit,4.9067E+15,abr-14,115,YES,2,"$38,385",feb-11,2011,No
994,343,Visa,Debit,4.82805E+15,mar-08,747,NO,1,"$15,277",feb-01,2011,No
3953,343,Visa,Debit,4.83874E+15,jun-24,808,YES,1,"$14,625",jul-10,2010,No
2410,343,Visa,Credit,4.29328E+15,oct-10,346,NO,2,"$12,400",abr-00,2007,No
1091,343,Mastercard,Debit,5.08426E+15,oct-10,599,YES,2,"$24,943",feb-06,2012,No
3523,343,Mastercard,Credit,5.80619E+15,oct-21,655,YES,2,"$12,300",jun-11,2011,No
1415,1196,Amex,Credit,3.13591E+14,feb-20,696,YES,2,"$10,900",feb-20,2020,No
3637,1196,Visa,Debit,4.84837E+15,abr-24,472,YES,1,"$14,623",jun-18,2018,No
4000,1196,Mastercard,Debit,5.21518E+15,jun-21,991,YES,2,"$15,017",jul-12,2012,No
4542,1196,Visa,Credit,4.89892E+15,jun-20,656,YES,1,"$11,100",sep-03,2011,No
2453,1530,Amex,Credit,3.38079E+14,abr-23,676,YES,1,$400,abr-04,2009,No
52,1530,Mastercard,Credit,5.55782E+15,ene-21,978,YES,2,$500,ene-04,2008,No
1179,1530,Mastercard,Credit,5.369E+15,nov-24,813,YES,1,$600,feb-09,2013,No
5322,1963,Mastercard,Debit,5.46185E+15,oct-20,157,YES,1,"$17,220",oct-17,2017,No
5418,1963,Visa,Debit,4.98213E+15,jun-20,133,YES,1,"$29,041",nov-04,2008,No
3317,1963,Mastercard,Debit,5.73531E+15,feb-24,502,YES,1,"$25,297",jun-06,2006,No
1638,1963,Mastercard,Debit (Prepaid),5.28785E+15,may-20,507,YES,1,$71,feb-20,2020,No
6058,1963,Visa,Debit,4.19898E+15,feb-23,970,YES,1,"$21,692",dic-11,2012,No
3364,1963,Visa,Debit,4.71417E+15,nov-24,214,YES,1,"$18,384",jun-07,2009,No
4565,1963,Visa,Credit,4.84586E+15,dic-23,234,YES,1,"$20,700",sep-04,2012,No
1381,764,Mastercard,Debit,5.44558E+15,nov-21,764,YES,1,"$20,467",feb-18,2018,No
286,764,Visa,Debit,4.12777E+15,abr-20,462,YES,1,"$16,109",ene-11,2011,No
3727,764,Amex,Credit,3.88935E+14,dic-24,161,YES,1,"$13,900",jul-05,2012,No
1910,764,Visa,Credit,4.06666E+15,ene-22,743,YES,1,"$4,400",feb-20,2020,No
2136,213,Amex,Credit,3.43323E+14,feb-24,863,YES,2,"$20,400",mar-07,2010,No
5291,213,Mastercard,Debit,5.24519E+15,may-23,952,YES,2,"$18,074",oct-14,2014,No
1639,213,Mastercard,Debit,5.2579E+15,may-24,911,YES,1,"$37,778",feb-20,2020,No
4954,410,Mastercard,Debit,5.56824E+15,ene-15,382,YES,2,"$26,822",oct-01,2007,No
2801,410,Visa,Credit,4.59921E+15,oct-06,819,YES,2,"$15,000",may-98,2008,No
1221,1685,Mastercard,Debit,5.63891E+15,feb-23,857,YES,1,"$8,451",feb-10,2010,No
5613,1685,Mastercard,Debit (Prepaid),5.457E+15,jul-21,314,YES,2,$26,nov-10,2017,No
1253,225,Visa,Debit,4.5561E+15,dic-20,779,YES,1,"$20,661",feb-10,2010,No
4382,225,Visa,Debit,4.55836E+15,ago-18,143,YES,2,"$16,523",ago-11,2011,No
432,225,Discover,Credit,6.54451E+15,sep-23,953,YES,2,"$16,600",ene-20,2020,No
4780,225,Mastercard,Credit,5.38898E+15,sep-23,283,YES,2,"$14,300",sep-10,2010,No
608,1210,Mastercard,Debit,5.26396E+15,ene-20,206,YES,2,"$6,824",ene-20,2020,No
4606,1210,Mastercard,Debit,5.69011E+15,jul-23,318,YES,1,"$10,589",sep-06,2015,No
4846,1210,Amex,Credit,3.47615E+14,oct-20,81,YES,2,"$8,600",sep-13,2013,No
3403,1210,Visa,Debit,4.38997E+15,dic-20,347,YES,1,"$26,982",jun-08,2008,No
1911,1336,Visa,Credit,4.22229E+15,feb-20,875,YES,2,"$15,000",feb-20,2020,No
5400,576,Amex,Credit,3.7867E+14,abr-23,589,YES,2,"$8,100",nov-04,2011,No
5664,576,Visa,Debit,4.86983E+15,feb-22,137,YES,1,"$26,471",nov-11,2011,No
4624,576,Visa,Debit,4.93052E+15,ago-22,813,NO,1,"$37,656",sep-06,2010,No
5968,576,Mastercard,Debit,5.08012E+15,ago-22,528,YES,2,"$27,947",dic-09,2011,No
3057,576,Mastercard,Debit,5.94084E+15,ene-24,441,YES,1,"$29,465",may-10,2010,No
3600,576,Visa,Debit,4.06751E+15,jul-20,377,YES,1,"$21,070",jun-15,2015,No
2384,576,Mastercard,Debit,5.35509E+15,ene-21,945,YES,2,"$27,537",mar-19,2019,No
4969,1677,Mastercard,Debit,5.65067E+15,abr-22,228,YES,2,"$13,404",oct-02,2018,No
324,1677,Visa,Credit,4.05179E+15,oct-24,375,YES,2,"$2,400",ene-13,2013,No
3080,1969,Visa,Debit,4.28881E+15,feb-15,453,YES,1,"$3,016",may-10,2011,No
5549,1969,Visa,Debit,4.1795E+15,oct-20,254,YES,2,"$32,809",nov-08,2010,No
4934,1969,Mastercard,Debit,5.14665E+15,ago-24,331,YES,2,"$16,519",oct-98,2015,No
4231,1969,Visa,Debit,4.57534E+15,dic-16,350,NO,2,"$28,759",ago-07,2014,No
4981,1969,Discover,Credit,6.24229E+15,ene-22,946,YES,1,"$12,300",oct-03,2010,No
4142,1431,Visa,Credit,4.47033E+15,mar-12,388,YES,2,"$4,900",ago-04,2010,No
1912,558,Visa,Debit,4.31354E+15,jul-24,107,YES,1,"$8,980",feb-20,2020,No
1640,558,Mastercard,Debit,5.26623E+15,feb-20,481,YES,1,"$3,402",feb-20,2020,No
848,558,Visa,Credit,4.40567E+15,dic-22,400,YES,2,"$8,800",ene-20,2020,No
1254,1482,Visa,Debit,4.4743E+15,oct-21,877,YES,2,"$34,877",feb-10,2012,No
5017,1295,Visa,Credit,4.89268E+15,feb-24,823,YES,1,"$9,900",oct-04,2014,No
3318,1295,Mastercard,Debit,5.25305E+15,may-20,162,YES,2,"$11,382",jun-06,2009,No
2949,1295,Visa,Credit,4.01989E+15,ago-23,866,YES,1,"$7,500",may-07,2009,No
609,1295,Mastercard,Debit (Prepaid),5.50324E+15,feb-20,950,YES,1,$72,ene-20,2020,No
5567,1468,Mastercard,Debit,5.92507E+15,dic-20,442,YES,1,"$26,764",nov-09,2014,No
3058,1468,Mastercard,Debit,5.82054E+15,oct-10,359,YES,1,"$32,035",may-10,2014,No
4854,538,Mastercard,Debit,5.91436E+15,dic-14,861,YES,1,"$11,906",sep-13,2013,No
5441,538,Visa,Credit,4.64878E+15,jun-20,520,YES,2,"$7,000",nov-05,2018,No
4161,538,Mastercard,Debit,5.88511E+15,dic-14,750,YES,2,"$6,993",ago-05,2016,No
2396,538,Visa,Debit,4.07196E+15,mar-13,333,YES,2,"$1,513",abr-94,2019,No
1319,748,Mastercard,Debit,5.81189E+15,jun-22,745,YES,1,"$18,204",feb-13,2013,No
2763,748,Mastercard,Debit,5.44894E+15,ene-17,848,YES,1,"$20,067",abr-16,2016,No
1067,748,Visa,Credit,4.03609E+15,dic-20,776,YES,1,"$14,400",feb-05,2012,No
1641,1068,Mastercard,Debit,5.47941E+15,feb-20,738,YES,1,"$11,355",feb-20,2020,No
5343,1068,Visa,Debit,4.21934E+15,jul-23,98,YES,1,"$10,448",oct-19,2019,No
849,1068,Visa,Debit,4.37698E+15,dic-24,50,YES,1,"$11,573",ene-20,2020,No
2967,41,Mastercard,Debit (Prepaid),5.38311E+15,may-21,298,YES,1,$83,may-08,2011,No
3213,807,Visa,Debit,4.26162E+15,mar-23,482,NO,1,"$30,903",jun-99,2008,No
4889,807,Visa,Debit (Prepaid),4.30326E+15,jun-21,41,YES,1,$91,sep-15,2015,No
5299,807,Visa,Debit (Prepaid),4.82283E+15,jun-20,941,YES,1,$62,oct-14,2014,No
2813,1430,Mastercard,Debit,5.77961E+15,dic-24,870,YES,2,"$1,936",may-01,2010,No
2074,1430,Visa,Credit,4.24302E+15,ene-22,583,YES,1,"$9,100",mar-04,2010,No
4383,1430,Visa,Debit,4.30553E+15,ene-21,143,NO,2,"$25,726",ago-11,2011,No
66,1430,Discover,Credit,6.9553E+15,mar-20,792,YES,1,"$12,200",ene-05,2013,No
3987,1430,Visa,Credit,4.36934E+15,oct-22,814,YES,2,$400,jul-11,2011,No
4110,1873,Mastercard,Debit,5.35986E+15,feb-21,722,YES,2,"$20,042",ago-02,2006,No
4741,1873,Visa,Credit,4.74578E+15,jul-16,502,YES,1,"$7,700",sep-09,2009,No
306,1873,Visa,Debit (Prepaid),4.32982E+15,dic-24,529,NO,2,$60,ene-12,2012,No
1642,204,Mastercard,Debit,5.19046E+15,feb-20,4,YES,2,"$18,725",feb-20,2020,No
1913,424,Visa,Credit,4.38952E+15,may-21,53,YES,1,"$11,100",feb-20,2020,No
610,424,Mastercard,Debit,5.00044E+15,jun-22,674,YES,2,$38,ene-20,2020,No
5052,980,Mastercard,Debit,5.64982E+15,abr-20,169,YES,1,"$14,185",oct-06,2006,No
181,980,Visa,Debit,4.30877E+15,ago-11,699,YES,1,"$16,094",ene-08,2010,No
1643,980,Mastercard,Debit,5.95754E+15,jul-21,463,YES,1,"$26,819",feb-20,2020,No
2454,980,Amex,Credit,3.3866E+14,oct-21,68,YES,2,"$14,600",abr-04,2013,No
6059,980,Visa,Credit,4.28919E+15,feb-21,488,YES,2,"$5,800",dic-11,2011,No
4855,980,Mastercard,Debit,5.70496E+15,abr-16,568,YES,1,"$16,789",sep-13,2013,No
4409,980,Mastercard,Debit,5.67384E+15,sep-20,763,YES,1,"$14,213",ago-13,2013,No
4919,1415,Visa,Credit,4.34454E+15,ene-21,594,YES,2,"$6,400",sep-18,2018,No
850,600,Visa,Debit,4.62841E+15,abr-20,458,YES,1,"$18,373",ene-20,2020,No
4328,652,Mastercard,Debit,5.51722E+15,dic-24,348,YES,1,"$16,203",ago-10,2010,No
2502,652,Amex,Credit,3.99097E+14,dic-23,311,YES,2,"$16,500",abr-06,2016,No
4293,652,Mastercard,Debit,5.48197E+15,jul-23,8,YES,1,"$19,962",ago-09,2012,No
4607,652,Mastercard,Debit (Prepaid),5.40235E+15,feb-20,437,YES,2,$52,sep-06,2011,No
1197,652,Visa,Debit,4.49341E+15,feb-20,504,YES,2,"$2,045",feb-09,2014,No
1255,652,Visa,Debit,4.87492E+15,feb-23,392,YES,2,"$21,607",feb-10,2018,No
5492,1129,Mastercard,Debit,5.98825E+15,ene-15,438,YES,2,"$18,109",nov-07,2010,No
102,1129,Mastercard,Debit,5.87499E+15,may-20,256,YES,1,"$14,802",ene-06,2008,No
2677,1129,Mastercard,Credit,5.74495E+15,jun-22,501,YES,1,"$7,600",abr-11,2011,No
5852,885,Discover,Credit,6.56646E+15,jun-21,495,YES,1,"$9,000",dic-06,2006,No
5086,885,Mastercard,Debit (Prepaid),5.23199E+15,may-23,580,YES,1,$63,oct-07,2013,No
6005,885,Mastercard,Debit,5.04909E+15,nov-22,311,YES,2,"$7,784",dic-10,2014,No
4256,1899,Mastercard,Debit,5.91634E+15,nov-09,356,YES,1,"$29,761",ago-08,2010,No
5969,1899,Mastercard,Debit (Prepaid),5.33773E+15,abr-23,710,YES,1,$64,dic-09,2011,No
3365,1369,Visa,Credit,4.18251E+15,nov-20,806,YES,2,"$9,000",jun-07,2009,No
5792,1369,Mastercard,Debit,5.16889E+15,oct-24,731,YES,2,"$14,716",dic-03,2012,No
3059,1057,Mastercard,Debit,5.05704E+15,sep-15,546,YES,1,"$23,395",may-10,2020,No
5464,1302,Mastercard,Debit,5.86766E+15,feb-24,205,YES,1,"$9,883",nov-06,2010,No
3203,1302,Mastercard,Debit,5.12916E+15,feb-20,886,NO,1,"$8,993",may-19,2019,No
5632,1302,Visa,Credit,4.8936E+15,abr-20,242,YES,2,"$7,900",nov-10,2015,No
3972,1302,Mastercard,Debit (Prepaid),5.87902E+15,oct-22,616,YES,2,$13,jul-11,2014,No
3871,415,Visa,Credit,4.15037E+15,may-23,806,YES,1,"$9,400",jul-08,2012,No
5344,415,Visa,Credit,4.67822E+15,nov-24,760,YES,2,"$8,000",oct-19,2019,No
3225,415,Mastercard,Debit,5.41102E+15,ene-21,274,YES,1,"$17,527",jun-01,2005,No
6088,415,Mastercard,Debit,5.267E+15,feb-22,791,YES,1,"$11,818",dic-13,2013,No
2348,83,Visa,Credit,4.52299E+15,dic-23,288,YES,2,"$11,600",mar-15,2015,No
851,1093,Visa,Credit,4.81492E+15,sep-21,535,YES,1,"$12,600",ene-20,2020,No
5198,28,Mastercard,Debit,5.429E+15,ene-21,800,NO,1,"$13,896",oct-10,2010,No
2678,28,Mastercard,Credit,5.62338E+15,ene-24,922,YES,1,"$16,400",abr-11,2011,No
2568,28,Mastercard,Debit,5.95757E+15,mar-15,686,YES,2,"$29,717",abr-08,2008,No
852,28,Visa,Debit,4.342E+15,abr-24,263,YES,1,"$17,431",ene-20,2020,No
5529,33,Mastercard,Debit,5.0597E+15,mar-22,447,YES,2,"$11,584",nov-08,2012,No
1357,33,Mastercard,Credit,5.77385E+15,jul-16,833,YES,2,"$9,000",feb-15,2015,No
5120,33,Mastercard,Credit,5.57339E+15,feb-20,526,YES,1,"$7,400",oct-08,2009,No
2252,33,Mastercard,Debit,5.58966E+15,sep-17,213,YES,2,"$13,829",mar-10,2016,No
2404,33,Mastercard,Debit,5.12142E+15,abr-24,857,YES,2,"$4,589",abr-99,2011,No
4742,1646,Visa,Credit,4.98604E+15,mar-22,231,YES,2,"$9,000",sep-09,2011,No
5652,1646,Mastercard,Credit,5.20762E+15,may-22,511,YES,2,"$9,900",nov-11,2011,No
2276,1646,Mastercard,Debit,5.29831E+15,ago-21,208,YES,1,"$11,153",mar-11,2011,No
5314,1646,Mastercard,Debit,5.23483E+15,abr-18,625,NO,1,"$10,671",oct-16,2016,No
4045,1646,Mastercard,Debit,5.88743E+15,oct-24,119,NO,1,"$12,470",jul-16,2016,No
1644,1847,Mastercard,Credit,5.86757E+15,mar-23,549,YES,2,"$8,700",feb-20,2020,No
310,1152,Discover,Credit,6.9945E+15,abr-24,477,YES,1,"$7,200",ene-13,2013,No
6080,134,Amex,Credit,3.07804E+14,abr-21,18,YES,2,"$4,700",dic-13,2013,No
5991,134,Amex,Credit,3.90245E+14,jul-12,198,YES,2,"$10,400",dic-10,2013,No
6120,134,Mastercard,Credit,5.27034E+15,ago-22,997,YES,1,"$9,400",dic-16,2016,No
611,134,Mastercard,Debit,5.63393E+15,feb-20,560,YES,1,"$27,290",ene-20,2020,No
853,188,Visa,Debit (Prepaid),4.39546E+15,ene-20,402,YES,1,$68,ene-20,2020,No
854,188,Visa,Debit,4.01232E+15,may-20,701,YES,2,"$41,713",ene-20,2020,No
2242,220,Amex,Credit,3.14281E+14,mar-23,430,YES,1,"$17,200",mar-10,2015,No
3954,220,Visa,Debit,4.60435E+15,may-20,401,YES,1,"$23,018",jul-10,2018,No
1645,220,Mastercard,Debit (Prepaid),5.42366E+15,abr-22,925,YES,1,$2,feb-20,2020,No
2697,220,Mastercard,Credit,5.5724E+15,dic-24,905,YES,3,"$23,500",abr-12,2012,No
4043,1343,Amex,Credit,3.56196E+14,feb-22,538,YES,1,"$5,300",jul-16,2016,No
612,1343,Mastercard,Debit,5.19716E+15,dic-22,636,NO,2,"$12,738",ene-20,2020,No
855,1343,Visa,Credit,4.77363E+15,jun-22,576,YES,1,"$8,700",ene-20,2020,No
856,1343,Visa,Debit,4.36161E+15,may-21,833,YES,2,"$5,752",ene-20,2020,No
2329,1930,Mastercard,Debit,5.96508E+15,nov-20,934,YES,1,"$15,416",mar-14,2014,No
613,1930,Mastercard,Debit (Prepaid),5.97477E+15,may-23,718,YES,1,$73,ene-20,2020,No
614,1930,Mastercard,Credit,5.29875E+15,oct-22,840,YES,1,"$15,700",ene-20,2020,No
1646,1260,Mastercard,Credit,5.3021E+15,may-21,517,YES,1,"$10,100",feb-20,2020,No
6081,1260,Amex,Credit,3.62699E+14,jul-24,439,YES,2,$0,dic-13,2013,No
857,1260,Visa,Credit,4.01038E+15,jul-22,312,YES,1,"$11,000",ene-20,2020,No
3773,96,Mastercard,Credit,5.7185E+15,dic-24,293,YES,1,"$18,300",jul-06,2008,No
3695,96,Mastercard,Debit,5.48172E+15,abr-23,952,YES,2,"$19,959",jul-03,2013,No
361,96,Visa,Credit,4.30422E+15,oct-20,370,YES,2,"$24,300",ene-17,2017,No
5175,96,Visa,Credit,4.39526E+15,jul-21,152,NO,2,"$18,900",oct-09,2013,No
4878,1166,Visa,Debit,4.89087E+15,nov-14,441,YES,1,"$14,574",sep-14,2014,No
1222,1166,Mastercard,Credit,5.70238E+15,ago-21,548,YES,2,"$14,100",feb-10,2010,No
5822,1166,Visa,Debit,4.86763E+15,dic-12,333,YES,2,"$23,737",dic-04,2010,No
2649,1533,Mastercard,Credit,5.94649E+15,abr-21,261,YES,1,"$11,800",abr-10,2013,No
3097,1533,Mastercard,Debit,5.11876E+15,jun-22,993,YES,2,"$27,594",may-11,2011,No
4625,1533,Visa,Credit,4.12691E+15,mar-23,238,YES,2,"$15,300",sep-06,2010,No
858,88,Visa,Credit,4.84034E+15,abr-24,876,YES,1,"$4,800",ene-20,2020,No
3226,1451,Mastercard,Debit,5.00448E+15,jun-24,206,YES,1,"$34,319",jun-01,2013,No
3790,1451,Visa,Debit,4.16904E+15,abr-13,941,YES,2,"$10,831",jul-06,2011,No
250,1451,Visa,Debit,4.13836E+15,mar-23,48,YES,1,"$20,475",ene-10,2015,No
5530,1451,Mastercard,Credit,5.57019E+15,mar-15,625,NO,2,"$6,500",nov-08,2011,No
6006,57,Mastercard,Debit,5.13431E+15,feb-20,796,YES,2,"$17,614",dic-10,2013,No
6069,1335,Mastercard,Debit,5.26037E+15,dic-20,963,YES,2,"$51,133",dic-12,2012,No
615,1335,Mastercard,Debit (Prepaid),5.89387E+15,jul-24,421,YES,1,$115,ene-20,2020,No
2330,1335,Mastercard,Debit (Prepaid),5.77162E+15,sep-20,504,YES,1,$54,mar-14,2014,No
3583,1335,Mastercard,Debit,5.85272E+15,ago-23,35,YES,2,"$32,036",jun-14,2014,No
5066,816,Visa,Debit,4.42614E+15,jun-20,937,YES,2,"$13,593",oct-06,2006,No
2968,816,Mastercard,Debit,5.49946E+15,feb-22,35,YES,2,"$13,343",may-08,2011,No
3774,816,Mastercard,Debit,5.08868E+15,may-24,987,YES,2,"$6,103",jul-06,2008,No
3891,816,Mastercard,Debit,5.87932E+15,jun-16,459,YES,1,"$2,646",jul-09,2015,No
4468,816,Amex,Credit,3.17789E+14,ago-21,583,YES,1,"$9,200",ago-18,2018,No
404,1081,Amex,Credit,3.08646E+14,jun-21,218,YES,2,"$21,200",ene-20,2020,No
3427,1081,Mastercard,Credit,5.74128E+15,ene-24,414,YES,1,"$10,400",jun-09,2010,No
3892,1081,Mastercard,Debit,5.30771E+15,jul-22,574,YES,1,"$27,377",jul-09,2016,No
5568,1385,Mastercard,Credit,5.05076E+15,oct-24,657,YES,1,"$20,900",nov-09,2010,No
3807,1385,Mastercard,Debit,5.04557E+15,abr-24,43,YES,2,"$39,632",jul-07,2013,No
4955,1385,Mastercard,Debit (Prepaid),5.57072E+15,ene-20,437,YES,2,$44,oct-01,2013,No
4344,1385,Visa,Debit,4.69009E+15,ene-21,125,YES,1,"$48,489",ago-10,2014,No
4190,1385,Visa,Debit,4.33883E+15,ene-08,529,YES,2,"$32,725",ago-06,2013,No
1256,1385,Visa,Debit,4.08309E+15,dic-22,259,YES,2,"$36,940",feb-10,2010,No
405,1125,Amex,Credit,3.94025E+14,sep-20,465,YES,1,"$23,100",ene-20,2020,No
616,1125,Mastercard,Debit,5.53455E+15,dic-22,833,YES,1,"$41,040",ene-20,2020,No
4881,1125,Amex,Credit,3.31369E+14,dic-21,673,YES,2,"$13,200",sep-15,2015,No
3601,1125,Visa,Debit,4.21896E+15,may-21,909,YES,2,"$29,200",jun-15,2015,No
617,1952,Mastercard,Debit,5.13458E+15,oct-22,955,YES,3,"$13,831",ene-20,2020,No
1647,1870,Mastercard,Credit,5.9367E+15,mar-24,2,NO,1,"$18,900",feb-20,2020,No
1914,1870,Visa,Debit,4.68053E+15,feb-20,619,YES,1,"$39,850",feb-20,2020,No
5984,1345,Visa,Credit,4.23792E+15,sep-20,228,YES,1,"$13,900",dic-09,2011,No
2497,1345,Visa,Debit,4.23864E+15,dic-20,310,YES,2,"$17,470",abr-05,2008,No
2187,1345,Mastercard,Debit,5.40103E+15,sep-21,636,YES,1,"$2,267",mar-08,2014,No
2234,1345,Visa,Debit,4.95798E+15,abr-14,976,YES,2,"$4,031",mar-09,2014,No
4208,1345,Mastercard,Debit,5.91843E+15,nov-23,600,YES,2,"$21,833",ago-07,2011,No
287,1345,Visa,Debit,4.98801E+15,may-21,45,YES,2,"$16,857",ene-11,2017,No
5633,1345,Visa,Debit,4.55966E+15,may-23,584,NO,1,"$2,518",nov-10,2010,No
3775,1345,Mastercard,Debit,5.13768E+15,mar-20,394,YES,2,"$12,863",jul-06,2010,No
3060,1695,Mastercard,Credit,5.06426E+15,jul-22,302,YES,2,"$12,700",may-10,2015,No
114,1695,Visa,Debit,4.03869E+15,dic-21,770,YES,3,"$2,851",ene-06,2007,No
48,1695,Amex,Credit,3.3477E+14,jun-20,735,YES,2,"$4,100",ene-04,2004,No
274,1695,Mastercard,Debit,5.32237E+15,ene-16,702,YES,2,"$20,838",ene-11,2011,No
1648,1906,Mastercard,Debit,5.09222E+15,oct-20,419,YES,2,"$2,721",feb-20,2020,No
2834,1985,Visa,Credit,4.00015E+15,jul-23,14,YES,1,$400,may-02,2018,No
4781,1985,Mastercard,Debit,5.73304E+15,mar-20,72,YES,2,$416,sep-10,2010,No
4085,1985,Mastercard,Debit,5.46166E+15,dic-24,595,YES,2,$625,ago-96,2014,No
1095,1604,Visa,Debit,4.63639E+15,sep-22,597,YES,2,"$20,858",feb-06,2011,No
5653,1604,Mastercard,Credit,5.19669E+15,nov-11,626,YES,2,"$11,200",nov-11,2013,No
2950,1604,Visa,Credit,4.83183E+15,feb-23,528,YES,2,"$8,800",may-07,2009,No
2207,1604,Visa,Debit,4.91696E+15,dic-24,919,YES,1,"$10,360",mar-08,2009,No
6077,1604,Visa,Debit,4.13536E+15,jul-13,903,YES,1,"$11,578",dic-12,2012,No
2188,1604,Mastercard,Debit,5.18714E+15,jul-20,264,YES,2,"$13,016",mar-08,2008,No
3185,1604,Visa,Debit,4.75692E+15,jul-21,915,YES,1,"$13,754",may-16,2016,No
1649,1933,Mastercard,Debit (Prepaid),5.37351E+15,dic-21,114,YES,1,$91,feb-20,2020,No
1915,1933,Visa,Debit,4.14695E+15,feb-20,69,YES,2,"$2,094",feb-20,2020,No
2766,649,Visa,Debit,4.09469E+15,jul-20,376,YES,1,"$14,558",abr-16,2016,No
1376,649,Visa,Debit,4.97499E+15,mar-23,50,YES,2,"$46,342",feb-17,2017,No
3737,649,Mastercard,Credit,5.88042E+15,dic-23,504,YES,1,"$17,400",jul-05,2016,No
1223,649,Mastercard,Debit,5.15572E+15,jun-24,606,YES,2,"$11,401",feb-10,2016,No
251,649,Visa,Debit,4.82713E+15,mar-24,941,YES,1,"$8,280",ene-10,2010,No
2105,649,Discover,Credit,6.26738E+15,dic-12,640,YES,1,$0,mar-06,2008,No
4191,649,Visa,Debit (Prepaid),4.11162E+15,feb-07,918,YES,1,$72,ago-06,2011,No
4345,1486,Visa,Credit,4.83206E+15,jun-20,469,YES,1,"$9,600",ago-10,2011,No
1138,1744,Discover,Credit,6.09373E+15,nov-24,528,YES,2,"$10,000",feb-08,2011,No
4209,1744,Mastercard,Debit,5.84247E+15,mar-24,157,YES,1,"$10,025",ago-07,2010,No
133,1744,Mastercard,Debit,5.80269E+15,dic-22,808,YES,1,"$9,777",ene-07,2009,No
1650,1272,Mastercard,Debit,5.58907E+15,abr-21,771,YES,1,"$8,807",feb-20,2020,No
3776,400,Mastercard,Debit (Prepaid),5.19187E+15,jun-18,642,YES,1,$92,jul-06,2008,No
3852,400,Mastercard,Credit,5.61523E+15,may-11,438,YES,1,"$11,400",jul-08,2014,No
3973,400,Mastercard,Debit,5.48416E+15,nov-11,950,YES,2,"$16,687",jul-11,2011,No
2507,400,Mastercard,Debit,5.22079E+15,may-09,840,YES,2,"$3,974",abr-06,2011,No
5241,1994,Mastercard,Debit,5.94734E+15,sep-16,43,YES,1,"$23,768",oct-11,2011,No
3974,1994,Mastercard,Debit (Prepaid),5.97889E+15,ago-22,938,YES,1,$63,jul-11,2011,No
6032,1994,Visa,Credit,4.29051E+15,dic-23,197,YES,1,"$21,600",dic-10,2010,No
2349,572,Visa,Debit,4.2047E+15,mar-24,98,YES,1,"$23,157",mar-15,2015,No
1916,572,Visa,Debit (Prepaid),4.86765E+15,feb-20,504,YES,2,$54,feb-20,2020,No
2650,1442,Mastercard,Debit,5.371E+15,jun-21,122,YES,2,"$11,986",abr-10,2015,No
5814,1853,Mastercard,Credit,5.98761E+15,may-22,619,YES,1,"$12,600",dic-04,2009,No
6043,1853,Mastercard,Debit,5.69376E+15,feb-21,876,YES,2,"$4,340",dic-11,2012,No
1034,1853,Mastercard,Debit,5.7224E+15,ene-24,357,NO,2,"$8,149",feb-04,2007,No
5654,556,Mastercard,Debit,5.45539E+15,ene-23,356,YES,1,"$23,688",nov-11,2011,No
2,556,Mastercard,Debit,5.88983E+15,sep-21,422,YES,1,"$19,948",ene-95,2011,No
1917,1960,Visa,Debit (Prepaid),4.4241E+15,abr-21,325,NO,2,$69,feb-20,2020,No
4527,321,Visa,Credit,4.28459E+15,may-05,664,YES,1,"$9,400",sep-02,2006,No
293,321,Amex,Credit,3.24068E+14,ago-18,194,YES,1,"$3,300",ene-12,2012,No
35,321,Discover,Credit,6.70781E+15,may-11,449,YES,2,"$11,100",ene-03,2004,No
5755,321,Mastercard,Debit,5.14295E+15,ene-24,376,YES,2,"$23,792",dic-98,2012,No
4364,483,Mastercard,Debit,5.11506E+15,sep-20,594,YES,2,"$13,224",ago-11,2011,No
5369,483,Mastercard,Credit,5.11476E+15,dic-04,380,YES,1,"$10,700",nov-01,2009,No
2121,483,Mastercard,Credit,5.04057E+15,abr-24,96,YES,2,"$13,100",mar-06,2009,No
5219,404,Visa,Credit,4.16873E+15,jul-24,482,YES,1,"$10,900",oct-10,2010,No
4346,1510,Visa,Credit,4.52905E+15,nov-13,294,YES,1,"$6,600",ago-10,2011,No
1257,1510,Visa,Credit,4.05161E+15,nov-11,795,YES,1,"$11,400",feb-10,2012,No
859,916,Visa,Debit,4.52124E+15,mar-23,320,YES,1,"$15,847",ene-20,2020,No
860,916,Visa,Debit,4.00866E+15,may-20,196,YES,1,"$13,006",ene-20,2020,No
40,1635,Mastercard,Debit,5.48801E+15,oct-08,697,YES,2,"$5,029",ene-03,2009,No
1309,1635,Visa,Credit,4.02929E+15,sep-23,218,YES,2,"$15,000",feb-12,2012,No
6044,1635,Mastercard,Debit,5.26935E+15,feb-21,905,YES,2,"$14,348",dic-11,2011,No
115,1635,Visa,Debit,4.23704E+15,oct-22,443,YES,2,"$24,876",ene-06,2009,No
618,1635,Mastercard,Debit,5.60439E+15,jun-24,406,YES,2,"$13,523",ene-20,2020,No
381,1635,Mastercard,Debit,5.68384E+15,abr-23,587,YES,1,"$21,434",ene-19,2019,No
2535,1384,Mastercard,Debit,5.27437E+15,may-16,441,YES,1,"$19,206",abr-07,2011,No
5229,1384,Discover,Credit,6.64829E+15,mar-14,949,YES,2,"$15,000",oct-11,2011,No
3723,1384,Visa,Debit,4.02539E+15,feb-20,473,YES,2,"$24,617",jul-04,2006,No
3171,943,Discover,Credit,6.209E+15,feb-23,640,YES,2,"$6,600",may-16,2016,No
5351,1236,Mastercard,Debit,5.92999E+15,ene-24,459,YES,1,"$4,304",nov-97,2012,No
85,1236,Visa,Debit,4.38643E+15,mar-19,555,YES,2,"$1,269",ene-05,2013,No
5815,1236,Mastercard,Debit,5.10858E+15,jun-23,123,YES,1,"$3,458",dic-04,2013,No
4101,1236,Mastercard,Debit,5.44506E+15,sep-22,337,NO,2,"$6,775",ago-01,2012,No
2369,1236,Visa,Credit,4.78813E+15,ene-21,710,YES,1,"$8,800",mar-17,2017,No
6142,1236,Mastercard,Debit,5.79176E+15,nov-24,196,YES,1,"$12,223",dic-19,2019,No
1918,969,Visa,Debit,4.72878E+15,dic-20,480,YES,2,"$13,478",feb-20,2020,No
619,969,Mastercard,Debit,5.93528E+15,nov-20,222,YES,1,"$19,578",ene-20,2020,No
861,969,Visa,Debit,4.54879E+15,abr-24,930,YES,2,"$2,944",ene-20,2020,No
1651,508,Mastercard,Debit,5.53501E+15,mar-23,63,YES,1,"$20,773",feb-20,2020,No
1652,508,Mastercard,Debit,5.35559E+15,ene-22,850,YES,2,"$24,203",feb-20,2020,No
620,508,Mastercard,Debit (Prepaid),5.0586E+15,jul-20,451,YES,2,$98,ene-20,2020,No
3428,496,Mastercard,Debit,5.43283E+15,nov-20,312,YES,2,"$2,727",jun-09,2014,No
4517,496,Amex,Credit,3.1757E+14,mar-23,740,YES,2,"$6,800",sep-02,2002,No
3186,496,Visa,Debit,4.60266E+15,mar-19,673,YES,1,"$22,516",may-16,2016,No
5806,496,Discover,Credit,6.39905E+15,dic-21,413,YES,2,"$11,500",dic-04,2009,No
5176,450,Visa,Debit,4.30288E+15,dic-21,79,NO,2,"$15,214",oct-09,2010,No
862,450,Visa,Debit,4.41707E+15,dic-24,403,YES,2,"$23,687",ene-20,2020,No
4192,450,Visa,Debit,4.67202E+15,nov-21,314,YES,1,"$18,048",ago-06,2007,No
5634,1753,Visa,Debit,4.61327E+15,mar-20,131,YES,1,"$25,102",nov-10,2014,No
2987,304,Visa,Debit,4.35388E+15,ene-22,425,YES,2,"$13,773",may-08,2008,No
4365,304,Mastercard,Debit,5.19959E+15,may-21,864,YES,1,"$12,892",ago-11,2011,No
5667,839,Amex,Credit,3.59231E+14,may-19,198,YES,2,"$6,600",nov-12,2012,No
3187,839,Visa,Debit,4.66136E+15,abr-24,259,YES,2,"$25,650",may-16,2016,No
4725,839,Mastercard,Debit,5.99551E+15,jun-20,873,YES,2,"$37,192",sep-09,2010,No
4608,138,Mastercard,Debit,5.24394E+15,abr-21,608,YES,1,"$5,779",sep-06,2014,No
2820,138,Visa,Debit,4.03637E+15,ago-23,682,YES,1,"$13,325",may-01,2011,No
5422,138,Amex,Credit,3.44072E+14,ene-23,346,YES,1,"$4,000",nov-05,2009,No
2807,138,Amex,Credit,3.23445E+14,feb-23,788,YES,1,"$6,900",may-00,2012,No
4912,43,Mastercard,Debit,5.97147E+15,oct-23,760,YES,1,"$35,702",sep-17,2017,No
1416,43,Amex,Credit,3.32244E+14,ago-24,240,YES,1,"$13,200",feb-20,2020,No
5740,43,Visa,Credit,4.19099E+15,mar-20,326,YES,2,"$21,700",nov-18,2018,No
863,43,Visa,Credit,4.91954E+15,ago-20,561,NO,1,"$13,700",ene-20,2020,No
864,1187,Visa,Debit,4.35437E+15,oct-20,188,YES,1,"$24,389",ene-20,2020,No
2385,1187,Mastercard,Debit (Prepaid),5.87466E+15,feb-20,293,YES,2,$74,mar-19,2019,No
91,1187,Amex,Credit,3.07297E+14,dic-20,918,YES,1,"$12,100",ene-06,2011,No
5121,849,Mastercard,Debit,5.85081E+15,nov-22,655,YES,1,"$16,640",oct-08,2009,No
3477,849,Mastercard,Debit,5.31102E+15,sep-13,133,YES,1,"$14,889",jun-10,2011,No
3823,849,Visa,Debit,4.94435E+15,jun-21,741,YES,1,"$19,080",jul-07,2010,No
3169,654,Visa,Credit,4.58999E+15,oct-23,678,NO,2,"$7,600",may-15,2015,No
5352,1898,Mastercard,Debit,5.62576E+15,mar-23,881,YES,2,"$14,525",nov-97,2014,No
1068,1898,Visa,Debit,4.04505E+15,feb-20,604,YES,1,"$15,636",feb-05,2014,No
5122,1898,Mastercard,Debit,5.75138E+15,ago-23,244,YES,2,"$13,296",oct-08,2016,No
4543,1898,Visa,Credit,4.30723E+15,mar-23,672,NO,2,"$10,100",sep-03,2011,No
2423,1898,Visa,Debit,4.63266E+15,sep-24,732,NO,1,"$36,412",abr-01,2007,No
4566,1971,Visa,Debit,4.32825E+15,nov-23,853,YES,1,"$4,589",sep-04,2012,No
3293,1971,Mastercard,Debit,5.67027E+15,feb-20,875,YES,1,"$17,474",jun-05,2015,No
406,1020,Amex,Credit,3.75948E+14,may-24,928,YES,1,"$12,000",ene-20,2020,No
1417,1020,Amex,Credit,3.54491E+14,feb-20,772,YES,1,"$16,900",feb-20,2020,No
1224,1020,Mastercard,Debit,5.29525E+15,jul-23,117,YES,1,"$26,277",feb-10,2010,No
2728,1020,Mastercard,Debit,5.71634E+15,feb-20,231,YES,1,"$26,317",abr-14,2014,No
4062,22,Visa,Credit,4.56899E+15,ene-22,624,YES,2,"$13,600",jul-17,2017,No
1653,436,Mastercard,Debit,5.7293E+15,ago-24,288,NO,2,"$21,540",feb-20,2020,No
1342,1823,Mastercard,Debit,5.39535E+15,mar-20,34,YES,1,"$37,468",feb-14,2014,No
5177,1823,Visa,Debit,4.6862E+15,abr-21,292,NO,1,"$27,864",oct-09,2012,No
3638,1823,Visa,Debit (Prepaid),4.55326E+15,feb-20,55,NO,1,$65,jun-18,2018,No
4048,1823,Visa,Debit,4.59724E+15,mar-20,389,YES,1,"$31,842",jul-16,2016,No
3244,1823,Visa,Credit,4.20625E+15,mar-20,545,YES,2,"$14,900",jun-02,2011,No
3201,1823,Visa,Credit,4.90757E+15,ago-24,170,YES,2,"$12,400",may-18,2018,No
5242,589,Mastercard,Debit,5.84768E+15,dic-20,383,YES,2,"$14,094",oct-11,2018,No
4497,589,Mastercard,Debit,5.0259E+15,ene-21,367,YES,1,"$8,962",sep-99,2011,No
2277,49,Mastercard,Debit,5.74689E+15,feb-18,646,YES,1,"$15,510",mar-11,2011,No
3061,49,Mastercard,Debit,5.46315E+15,jun-24,13,YES,1,"$20,311",may-10,2012,No
3955,49,Visa,Debit,4.65547E+15,sep-23,303,YES,1,"$13,492",jul-10,2010,No
1654,1350,Mastercard,Debit,5.55708E+15,feb-22,77,YES,2,"$10,015",feb-20,2020,No
4257,1525,Mastercard,Debit (Prepaid),5.84276E+15,dic-23,478,YES,1,$77,ago-08,2009,No
1077,1525,Amex,Credit,3.16712E+14,may-22,946,YES,1,"$8,200",feb-06,2016,No
3853,1525,Mastercard,Debit (Prepaid),5.09513E+15,oct-19,88,YES,2,$50,jul-08,2008,No
4726,1525,Mastercard,Debit,5.5012E+15,sep-10,847,YES,1,$297,sep-09,2009,No
5493,69,Mastercard,Credit,5.54269E+15,dic-22,439,YES,1,"$9,300",nov-07,2014,No
2062,69,Mastercard,Debit,5.85973E+15,jun-23,348,YES,2,"$24,425",mar-04,2006,No
252,69,Visa,Credit,4.56584E+15,sep-21,441,YES,2,"$3,900",ene-10,2010,No
2514,69,Visa,Debit,4.95225E+15,abr-20,398,YES,1,"$21,098",abr-06,2009,No
5253,69,Visa,Credit,4.55031E+15,ene-20,957,YES,1,"$10,800",oct-11,2013,No
3294,69,Mastercard,Debit,5.70745E+15,jun-24,39,YES,2,"$6,817",jun-05,2016,No
62,234,Visa,Credit,4.65118E+15,feb-24,460,YES,1,"$12,600",ene-04,2011,No
5370,234,Mastercard,Debit (Prepaid),5.89678E+15,nov-10,903,NO,1,$42,nov-01,2004,No
5861,234,Mastercard,Credit,5.88888E+15,dic-09,88,YES,2,"$6,400",dic-06,2009,No
4799,234,Visa,Credit,4.61839E+15,jul-20,775,YES,1,"$9,800",sep-10,2011,No
2052,234,Visa,Debit,4.08126E+15,jul-23,64,YES,1,"$4,750",mar-03,2011,No
5178,234,Visa,Debit,4.32138E+15,ago-21,682,NO,2,"$6,532",oct-09,2009,No
2355,608,Mastercard,Debit,5.44627E+15,nov-22,233,YES,1,"$1,044",mar-16,2016,No
2278,608,Mastercard,Debit,5.52121E+15,sep-18,672,YES,1,$746,mar-11,2011,No
1655,608,Mastercard,Debit (Prepaid),5.09854E+15,feb-20,816,YES,1,$61,feb-20,2020,No
5494,1064,Mastercard,Debit (Prepaid),5.79103E+15,oct-08,655,YES,2,$58,nov-07,2015,No
4567,374,Visa,Debit,4.34011E+15,may-22,710,YES,1,"$18,771",sep-04,2009,No
5100,374,Visa,Debit,4.89235E+15,ene-23,219,YES,1,"$17,108",oct-07,2007,No
1919,374,Visa,Debit,4.20271E+15,oct-23,579,YES,1,"$12,446",feb-20,2020,No
3791,374,Visa,Credit,4.30076E+15,ene-21,406,YES,1,"$8,200",jul-06,2013,No
2569,374,Mastercard,Debit,5.16684E+15,may-22,983,YES,2,"$7,081",abr-08,2010,No
1358,286,Mastercard,Debit,5.60117E+15,feb-24,29,YES,1,"$23,009",feb-15,2015,No
6092,286,Visa,Debit,4.65738E+15,nov-17,578,YES,2,"$17,973",dic-13,2013,No
4450,286,Mastercard,Debit,5.84369E+15,oct-23,880,YES,1,"$12,254",ago-15,2015,No
4782,286,Mastercard,Debit,5.92823E+15,ago-22,212,YES,1,"$20,799",sep-10,2010,No
2463,1419,Mastercard,Debit,5.80917E+15,mar-21,282,YES,2,"$27,320",abr-04,2008,No
4840,1435,Visa,Debit,4.37257E+15,sep-23,83,YES,2,"$34,818",sep-12,2012,No
2360,1435,Visa,Debit,4.78958E+15,oct-20,216,YES,2,"$38,837",mar-16,2016,No
4294,1435,Mastercard,Credit,5.42716E+15,mar-24,304,YES,2,"$23,500",ago-09,2020,No
1343,1683,Mastercard,Debit,5.689E+15,jun-20,292,YES,1,"$13,014",feb-14,2014,No
5044,1683,Amex,Credit,3.14196E+14,may-23,296,YES,2,"$5,500",oct-06,2017,No
4697,1683,Visa,Debit,4.63594E+15,mar-20,691,YES,2,"$5,949",sep-08,2008,No
4698,727,Visa,Credit,4.37993E+15,nov-23,210,YES,2,"$10,700",sep-08,2010,No
3808,727,Mastercard,Debit,5.21569E+15,abr-22,134,YES,1,"$12,451",jul-07,2008,No
1920,727,Visa,Credit,4.75138E+15,abr-24,254,YES,2,"$6,700",feb-20,2020,No
4295,727,Mastercard,Debit,5.25257E+15,abr-18,920,YES,1,"$19,086",ago-09,2011,No
2665,727,Visa,Credit,4.11664E+15,may-21,923,YES,2,"$9,700",abr-10,2016,No
5896,1150,Mastercard,Credit,5.97402E+15,sep-08,886,YES,2,"$17,200",dic-07,2010,No
4672,1150,Mastercard,Debit,5.77038E+15,jun-15,832,YES,2,"$29,486",sep-08,2008,No
1225,1150,Mastercard,Credit,5.58707E+15,abr-23,335,YES,2,"$9,700",feb-10,2011,No
4856,1150,Mastercard,Debit,5.7684E+15,jul-22,221,YES,2,"$20,111",sep-13,2013,No
2551,1150,Visa,Credit,4.32044E+15,oct-21,613,YES,1,"$13,200",abr-07,2014,No
4484,332,Visa,Debit,4.40015E+15,jul-20,57,YES,1,"$29,728",ago-19,2019,No
5816,332,Mastercard,Credit,5.5168E+15,oct-24,160,NO,1,"$7,900",dic-04,2012,No
1198,332,Visa,Debit,4.67328E+15,jul-23,339,YES,2,"$12,106",feb-09,2009,No
253,332,Visa,Debit,4.68077E+15,ene-13,913,YES,1,"$7,452",ene-10,2018,No
1656,487,Mastercard,Debit,5.45937E+15,jul-21,582,YES,1,"$28,281",feb-20,2020,No
2835,487,Visa,Credit,4.21757E+15,nov-13,636,YES,2,"$11,400",may-02,2014,No
2024,487,Mastercard,Debit,5.51465E+15,ago-24,70,YES,1,"$28,790",mar-01,2009,No
2007,735,Visa,Credit,4.91456E+15,mar-10,700,YES,1,"$15,700",mar-97,2013,No
5431,735,Mastercard,Debit,5.43686E+15,sep-23,303,YES,1,"$34,075",nov-05,2008,No
4651,735,Visa,Credit,4.98698E+15,abr-12,992,YES,2,"$18,600",sep-07,2008,No
1335,137,Amex,Credit,3.15776E+14,may-24,574,YES,2,"$9,700",feb-14,2014,No
5442,137,Visa,Debit,4.5787E+15,sep-22,433,YES,2,"$13,352",nov-05,2012,No
6114,137,Visa,Debit,4.16808E+15,mar-24,528,YES,1,"$28,179",dic-15,2015,No
5897,570,Mastercard,Debit,5.40744E+15,ene-24,334,YES,1,"$19,132",dic-07,2014,No
4063,1121,Visa,Debit,4.94814E+15,oct-19,49,YES,1,"$31,535",jul-17,2017,No
1372,1121,Mastercard,Debit,5.62999E+15,ene-18,537,YES,1,"$51,951",feb-17,2017,No
5511,1121,Visa,Credit,4.32392E+15,sep-20,171,YES,1,"$23,400",nov-07,2008,No
5817,1121,Mastercard,Debit,5.00227E+15,ago-20,143,YES,2,"$4,130",dic-04,2015,No
3777,1121,Mastercard,Credit,5.4584E+15,oct-11,347,YES,1,"$11,500",jul-06,2010,No
4920,860,Visa,Credit,4.64273E+15,sep-20,661,YES,2,"$22,100",sep-18,2018,No
5412,860,Mastercard,Debit,5.51176E+15,nov-10,644,YES,1,"$34,722",nov-04,2010,No
3534,860,Visa,Debit,4.69529E+15,dic-11,601,YES,1,"$21,885",jun-11,2011,No
5782,860,Mastercard,Debit,5.50558E+15,jul-20,828,YES,2,"$39,870",dic-02,2003,No
5733,518,Visa,Credit,4.46455E+15,jul-21,2,YES,2,"$5,900",nov-17,2017,No
3429,1203,Mastercard,Debit (Prepaid),5.64068E+15,mar-23,57,YES,2,$70,jun-09,2009,No
2302,944,Mastercard,Debit,5.86396E+15,mar-23,881,YES,2,"$66,930",mar-12,2012,No
372,944,Mastercard,Debit,5.79552E+15,may-20,134,YES,2,"$72,274",ene-18,2018,No
2828,944,Mastercard,Debit,5.04314E+15,sep-20,288,YES,2,"$130,971",may-02,2010,No
1921,944,Visa,Debit,4.31397E+15,nov-24,601,YES,1,"$52,717",feb-20,2020,No
3500,944,Visa,Credit,4.58242E+15,dic-21,935,NO,1,"$25,500",jun-10,2012,No
5550,944,Visa,Debit,4.0815E+15,oct-17,60,YES,2,"$42,541",nov-08,2012,No
1657,388,Mastercard,Debit,5.68322E+15,abr-22,563,NO,1,"$5,456",feb-20,2020,No
5692,388,Visa,Debit,4.18375E+15,abr-14,371,NO,1,"$12,606",nov-13,2013,No
3975,741,Mastercard,Debit,5.76192E+15,ago-20,174,YES,2,"$20,174",jul-11,2011,No
6007,1737,Mastercard,Debit,5.40667E+15,ene-23,826,YES,1,"$20,090",dic-10,2011,No
1096,1737,Visa,Debit,4.84035E+15,mar-21,40,YES,1,"$11,906",feb-06,2009,No
3618,1737,Mastercard,Debit,5.96772E+15,ene-22,556,YES,1,"$27,888",jun-17,2017,No
5756,1737,Mastercard,Debit,5.37102E+15,abr-24,192,YES,1,"$24,132",dic-98,2008,No
3319,1709,Mastercard,Debit,5.10933E+15,dic-23,947,YES,2,"$13,461",jun-06,2010,No
5478,1018,Amex,Credit,3.02982E+14,ago-09,303,NO,1,"$9,900",nov-07,2009,No
2393,1018,Mastercard,Debit,5.67502E+15,nov-09,920,YES,2,"$4,252",abr-94,2019,No
3022,1018,Visa,Credit,4.29941E+15,dic-20,725,YES,2,"$9,800",may-09,2011,No
4077,1018,Mastercard,Debit,5.60519E+15,jul-19,357,YES,2,"$16,732",jul-19,2019,No
1922,1018,Visa,Debit,4.56489E+15,ene-23,17,YES,1,"$13,609",feb-20,2020,No
5970,1018,Mastercard,Debit,5.56561E+15,may-13,576,YES,2,"$17,804",dic-09,2009,No
3911,275,Visa,Credit,4.34837E+15,may-23,727,YES,2,"$6,200",jul-09,2010,No
63,275,Visa,Debit,4.65121E+15,abr-23,125,YES,1,"$30,891",ene-04,2011,No
2769,275,Mastercard,Debit,5.34856E+15,ene-24,732,YES,1,"$31,873",abr-17,2017,No
3036,275,Amex,Credit,3.25343E+14,jul-24,179,YES,2,"$15,600",may-10,2019,No
3893,1367,Mastercard,Debit (Prepaid),5.00844E+15,dic-22,26,YES,1,$110,jul-09,2012,No
2053,1367,Visa,Debit,4.42229E+15,may-24,81,YES,2,"$17,405",mar-03,2003,No
865,1367,Visa,Debit (Prepaid),4.24962E+15,dic-22,435,YES,2,$58,ene-20,2020,No
4643,1367,Mastercard,Credit,5.55692E+15,oct-11,777,YES,1,"$9,200",sep-07,2007,No
1923,1965,Visa,Credit,4.09216E+15,feb-20,223,YES,2,"$11,200",feb-20,2020,No
4917,284,Mastercard,Debit,5.1319E+15,dic-18,352,YES,1,"$23,206",sep-18,2018,No
4347,284,Visa,Debit,4.77918E+15,abr-20,0,YES,2,"$35,684",ago-10,2012,No
5726,284,Mastercard,Debit (Prepaid),5.79292E+15,nov-16,384,NO,1,$76,nov-16,2016,No
86,284,Visa,Debit,4.52954E+15,jul-23,124,YES,2,"$18,270",ene-05,2011,No
2931,79,Mastercard,Debit,5.14242E+15,dic-20,69,YES,2,"$6,588",may-07,2011,No
2671,79,Amex,Credit,3.52314E+14,mar-21,46,YES,2,"$12,200",abr-11,2011,No
1924,79,Visa,Debit,4.63638E+15,sep-22,747,YES,1,"$23,083",feb-20,2020,No
5569,79,Mastercard,Debit,5.92379E+15,feb-22,585,YES,1,"$21,497",nov-09,2009,No
3320,1515,Mastercard,Debit (Prepaid),5.82379E+15,feb-21,850,YES,3,$29,jun-06,2012,No
5199,1515,Mastercard,Debit,5.30023E+15,jul-22,711,YES,2,"$20,165",oct-10,2012,No
5557,1515,Discover,Credit,6.23735E+15,may-22,959,YES,2,"$16,300",nov-09,2011,No
5558,1515,Discover,Credit,6.375E+15,mar-20,743,YES,1,"$11,100",nov-09,2010,No
2336,1515,Visa,Credit,4.78095E+15,ago-23,540,YES,2,"$7,700",mar-14,2014,No
3712,1934,Mastercard,Credit,5.15007E+15,ene-23,263,YES,2,"$6,000",jul-04,2010,No
1658,9,Mastercard,Debit,5.56435E+15,abr-23,547,YES,1,"$2,049",feb-20,2020,No
1418,9,Amex,Credit,3.26339E+14,dic-22,719,NO,1,"$7,600",feb-20,2020,No
621,9,Mastercard,Debit,5.17212E+15,ene-24,934,YES,1,"$14,670",ene-20,2020,No
4431,1964,Mastercard,Credit,5.12473E+15,ene-17,871,YES,2,"$11,600",ago-14,2014,No
2752,1964,Visa,Debit,4.06645E+15,abr-16,9,YES,1,"$14,960",abr-15,2015,No
2508,1964,Mastercard,Credit,5.53455E+15,sep-21,779,YES,2,"$9,600",abr-06,2015,No
5898,1964,Mastercard,Debit,5.31653E+15,oct-20,61,YES,2,"$17,367",dic-07,2007,No
3321,982,Mastercard,Debit,5.80991E+15,abr-13,820,YES,1,"$21,358",jun-06,2010,No
3824,982,Visa,Credit,4.35483E+15,sep-22,729,YES,1,"$16,900",jul-07,2010,No
3713,982,Mastercard,Credit,5.97426E+15,sep-22,587,YES,2,"$8,500",jul-04,2009,No
4699,982,Visa,Debit,4.79378E+15,abr-13,996,YES,1,"$28,431",sep-08,2008,No
1148,1676,Mastercard,Debit,5.57188E+15,jul-20,838,YES,2,$77,feb-08,2016,No
134,1676,Mastercard,Debit,5.82829E+15,ago-24,192,YES,1,"$17,360",ene-07,2010,No
5158,1676,Mastercard,Debit,5.48067E+15,sep-21,129,YES,2,"$4,055",oct-09,2017,No
1020,1519,Mastercard,Debit,5.05244E+15,sep-23,144,YES,2,"$14,216",feb-03,2010,No
2452,1519,Visa,Debit,4.00966E+15,dic-23,357,NO,2,"$19,037",abr-03,2011,No
4210,1519,Mastercard,Debit,5.19533E+15,ene-20,148,YES,1,"$16,028",ago-07,2011,No
2476,1519,Discover,Credit,6.10649E+15,ago-10,762,YES,1,"$14,200",abr-05,2011,No
4626,1098,Visa,Debit,4.58782E+15,jul-23,49,YES,1,"$12,640",sep-06,2009,No
2253,1098,Mastercard,Debit,5.54746E+15,feb-20,116,YES,2,"$16,868",mar-10,2010,No
1320,1098,Mastercard,Debit,5.74059E+15,nov-22,40,YES,1,"$11,121",feb-13,2013,No
5179,1098,Visa,Credit,4.37457E+15,oct-20,674,YES,1,"$10,000",oct-09,2010,No
2424,554,Visa,Debit (Prepaid),4.35601E+15,jul-20,139,YES,2,$56,abr-01,2011,No
2308,554,Visa,Debit,4.43965E+15,ene-21,327,YES,2,"$27,376",mar-12,2012,No
6070,554,Mastercard,Debit,5.14069E+15,jul-19,960,YES,2,"$32,676",dic-12,2012,No
3912,554,Visa,Debit,4.09659E+15,abr-21,856,NO,1,"$25,658",jul-09,2009,No
4275,554,Visa,Credit,4.7963E+15,may-18,852,NO,2,"$22,800",ago-08,2011,No
1659,596,Mastercard,Credit,5.61092E+15,jun-23,951,YES,2,"$10,700",feb-20,2020,No
2753,596,Visa,Credit,4.73377E+15,feb-21,556,YES,2,"$5,100",abr-15,2015,No
1925,596,Visa,Credit,4.52044E+15,ene-22,108,NO,1,"$7,200",feb-20,2020,No
5985,170,Visa,Debit,4.09874E+15,mar-20,894,YES,1,"$16,740",dic-09,2011,No
866,170,Visa,Debit,4.71176E+15,feb-20,378,YES,1,"$13,841",ene-20,2020,No
4841,170,Visa,Debit,4.96992E+15,dic-22,881,YES,1,"$15,638",sep-12,2012,No
3340,170,Amex,Credit,3.32512E+14,may-22,728,YES,1,"$11,400",jun-07,2007,No
1344,794,Mastercard,Debit,5.51178E+15,sep-22,876,YES,1,"$12,501",feb-14,2014,No
4432,794,Mastercard,Debit (Prepaid),5.87287E+15,ene-23,582,YES,1,$71,ago-14,2014,No
3430,794,Mastercard,Debit,5.79417E+15,ene-11,465,YES,2,"$11,164",jun-09,2010,No
4306,1697,Visa,Debit,4.04891E+15,sep-21,463,YES,2,"$8,365",ago-09,2009,No
3023,1697,Visa,Debit,4.11048E+15,dic-21,951,YES,2,"$17,104",may-09,2010,No
1101,1697,Amex,Credit,3.38367E+14,dic-13,279,YES,1,"$2,100",feb-07,2009,No
73,1697,Mastercard,Debit,5.68383E+15,abr-06,884,YES,1,"$13,634",ene-05,2011,No
2746,1697,Mastercard,Debit (Prepaid),5.8031E+15,sep-20,930,YES,1,$63,abr-15,2015,No
3295,1697,Mastercard,Debit,5.86833E+15,ene-23,32,YES,2,"$18,721",jun-05,2009,No
3268,573,Amex,Credit,3.50866E+14,sep-23,265,YES,2,"$3,400",jun-04,2008,No
1660,1715,Mastercard,Debit,5.72962E+15,nov-21,320,NO,1,"$6,824",feb-20,2020,No
1926,1607,Visa,Credit,4.62021E+15,oct-22,406,YES,1,"$20,700",feb-20,2020,No
2891,1026,Visa,Credit,4.68329E+15,may-18,517,NO,1,"$6,200",may-05,2013,No
983,1026,Visa,Debit (Prepaid),4.76666E+15,abr-21,545,YES,2,$31,feb-00,2014,No
5398,1026,Visa,Credit,4.27471E+15,ago-21,743,YES,1,"$1,000",nov-03,2009,No
2870,1026,Visa,Debit (Prepaid),4.22616E+15,oct-23,756,YES,2,$77,may-04,2007,No
622,1892,Mastercard,Debit (Prepaid),5.11956E+15,jun-23,883,YES,2,$31,ene-20,2020,No
867,1892,Visa,Debit,4.91345E+15,jun-20,688,YES,1,$318,ene-20,2020,No
1927,402,Visa,Debit,4.94657E+15,abr-23,686,NO,1,"$20,709",feb-20,2020,No
2536,402,Mastercard,Debit,5.33208E+15,oct-22,561,YES,2,"$20,230",abr-07,2010,No
2698,402,Mastercard,Debit,5.29924E+15,oct-23,876,YES,2,"$14,749",abr-12,2012,No
970,1628,Mastercard,Debit,5.85507E+15,sep-22,238,YES,3,"$9,171",feb-99,2005,No
6082,1628,Amex,Credit,3.25451E+14,may-18,496,YES,2,"$17,400",dic-13,2013,No
3349,553,Mastercard,Debit,5.82139E+15,oct-23,652,NO,2,"$14,475",jun-07,2009,No
1114,1551,Mastercard,Debit,5.2304E+15,dic-20,954,YES,2,"$15,967",feb-07,2009,No
2389,1551,Visa,Debit,4.90155E+15,ago-24,325,YES,1,"$12,250",mar-19,2019,No
5590,1551,Visa,Debit (Prepaid),4.84186E+15,abr-24,875,YES,2,$63,nov-09,2009,No
2537,1551,Mastercard,Debit (Prepaid),5.93801E+15,ago-23,234,YES,2,$66,abr-07,2010,No
2988,1551,Visa,Credit,4.71939E+15,sep-22,503,YES,1,"$8,500",may-08,2014,No
4001,1672,Mastercard,Debit (Prepaid),5.78414E+15,ene-24,653,NO,1,$65,jul-12,2012,No
1451,1672,Discover,Credit,6.83923E+15,feb-20,968,YES,2,"$16,100",feb-20,2020,No
623,1672,Mastercard,Debit,5.83707E+15,dic-20,507,YES,1,"$3,313",ene-20,2020,No
868,426,Visa,Credit,4.94578E+15,ene-20,709,YES,1,"$10,400",ene-20,2020,No
1661,426,Mastercard,Debit,5.84887E+15,jun-21,553,NO,2,"$2,117",feb-20,2020,No
869,426,Visa,Debit,4.80897E+15,feb-20,997,YES,1,"$11,265",ene-20,2020,No
624,426,Mastercard,Debit,5.71819E+15,feb-21,385,YES,3,"$5,618",ene-20,2020,No
5184,1135,Amex,Credit,3.76535E+14,jun-22,382,YES,2,"$20,800",oct-10,2013,No
1419,1135,Amex,Credit,3.3538E+14,nov-20,42,YES,3,"$11,700",feb-20,2020,No
870,1135,Visa,Debit,4.57312E+15,jun-22,178,YES,1,"$33,028",ene-20,2020,No
6093,1135,Visa,Debit,4.70389E+15,abr-24,233,YES,1,"$19,830",dic-13,2013,No
4037,1135,Mastercard,Debit,5.66375E+15,feb-19,176,YES,1,"$22,482",jul-15,2015,No
4977,1135,Visa,Credit,4.0189E+15,ago-23,755,YES,1,"$22,400",oct-02,2010,No
3081,1135,Visa,Debit (Prepaid),4.85029E+15,oct-24,123,YES,1,$62,may-10,2012,No
3809,1420,Mastercard,Debit,5.50611E+15,ene-08,72,YES,2,"$27,723",jul-07,2010,No
4258,1420,Mastercard,Credit,5.54283E+15,mar-23,210,NO,1,"$31,800",ago-08,2012,No
1180,1420,Mastercard,Debit,5.38368E+15,mar-18,931,YES,1,"$16,028",feb-09,2009,No
3676,1420,Mastercard,Debit,5.08576E+15,ene-21,35,YES,2,"$25,411",jul-02,2013,No
337,1589,Visa,Debit,4.93972E+15,oct-23,395,NO,1,"$11,912",ene-14,2014,No
4913,1589,Mastercard,Debit,5.17454E+15,dic-24,473,YES,2,"$13,064",sep-17,2017,No
5306,1589,Mastercard,Debit,5.69399E+15,oct-16,390,YES,2,"$8,912",oct-15,2015,No
1149,1002,Mastercard,Debit,5.60958E+15,ene-20,292,YES,2,"$15,962",feb-08,2013,No
1069,1411,Visa,Credit,4.04825E+15,nov-20,440,YES,1,"$18,200",feb-05,2014,No
3778,1411,Mastercard,Debit,5.11984E+15,ago-16,162,YES,2,"$3,450",jul-06,2014,No
4700,1411,Visa,Debit,4.69865E+15,may-21,88,YES,1,"$3,450",sep-08,2016,No
5761,1411,Mastercard,Debit,5.63114E+15,nov-23,370,YES,1,"$39,598",dic-99,2006,No
1368,1654,Mastercard,Debit,5.04143E+15,ene-22,748,YES,1,"$36,502",feb-16,2016,No
2915,1654,Visa,Credit,4.75792E+15,oct-23,921,YES,1,"$14,900",may-06,2014,No
5257,1654,Mastercard,Credit,5.87167E+15,sep-20,698,YES,1,"$11,800",oct-12,2012,No
1200,1654,Amex,Credit,3.33081E+14,jun-24,480,YES,1,"$14,000",feb-10,2012,No
4276,1654,Visa,Credit,4.8974E+15,may-22,951,YES,2,"$16,000",ago-08,2009,No
2189,1330,Mastercard,Debit,5.07516E+15,oct-22,30,YES,2,"$32,557",mar-08,2008,No
6045,1330,Mastercard,Debit,5.47144E+15,feb-21,537,NO,1,"$21,820",dic-11,2011,No
4579,1330,Mastercard,Debit,5.72806E+15,jun-24,992,YES,2,"$14,448",sep-05,2011,No
5123,790,Mastercard,Debit,5.11299E+15,ago-22,62,YES,2,"$19,038",oct-08,2010,No
3350,790,Mastercard,Debit,5.42297E+15,mar-12,803,YES,1,"$23,632",jun-07,2009,No
3275,552,Mastercard,Debit,5.11591E+15,dic-22,219,YES,2,"$18,627",jun-04,2010,No
3641,139,Mastercard,Debit (Prepaid),5.02709E+15,ago-21,52,YES,1,$86,jun-19,2019,No
5705,139,Visa,Debit,4.94057E+15,dic-14,702,YES,1,"$18,944",nov-14,2014,No
87,139,Visa,Debit,4.27646E+15,ago-22,264,YES,1,"$20,962",ene-05,2011,No
3276,139,Mastercard,Debit (Prepaid),5.27131E+15,feb-16,888,YES,1,$86,jun-04,2006,No
6104,1280,Amex,Credit,3.60425E+14,oct-21,352,NO,2,"$6,000",dic-15,2015,No
3604,883,Amex,Credit,3.64279E+14,feb-20,191,YES,1,"$12,500",jun-16,2016,No
5302,359,Amex,Credit,3.64647E+14,abr-20,223,YES,1,"$17,200",oct-15,2015,No
2331,359,Mastercard,Debit,5.01258E+15,ene-15,411,YES,1,"$31,163",mar-14,2014,No
3567,359,Mastercard,Debit (Prepaid),5.3172E+15,may-24,412,YES,1,$59,jun-13,2013,No
2489,359,Mastercard,Credit,5.75708E+15,jun-24,544,NO,1,"$13,500",abr-05,2009,No
3024,1921,Visa,Credit,4.29753E+15,may-22,49,YES,2,"$8,900",may-09,2010,No
3810,1921,Mastercard,Credit,5.4544E+15,dic-24,360,YES,1,"$2,900",jul-07,2012,No
1181,1921,Mastercard,Debit (Prepaid),5.40364E+15,abr-20,283,YES,2,$89,feb-09,2009,No
5137,651,Visa,Credit,4.57824E+15,sep-23,285,YES,2,"$5,200",oct-08,2009,No
5570,557,Mastercard,Debit,5.75501E+15,abr-22,497,YES,2,"$6,090",nov-09,2011,No
338,1071,Visa,Debit,4.17764E+15,nov-20,393,YES,1,"$31,072",ene-14,2014,No
1420,1071,Amex,Credit,3.26436E+14,jun-23,879,YES,2,"$11,200",feb-20,2020,No
1662,1071,Mastercard,Debit (Prepaid),5.79988E+15,feb-20,466,YES,1,$38,feb-20,2020,No
74,1175,Mastercard,Debit,5.47944E+15,nov-10,248,YES,2,"$10,670",ene-05,2009,No
5067,1175,Visa,Credit,4.50323E+15,feb-24,728,YES,2,"$5,900",oct-06,2014,No
4904,1175,Amex,Credit,3.54026E+14,sep-17,67,YES,2,"$7,600",sep-17,2017,No
5341,1175,Mastercard,Debit (Prepaid),5.11797E+15,may-22,969,YES,1,$95,oct-19,2019,No
2132,1175,Visa,Credit,4.90983E+15,abr-23,264,NO,1,"$5,100",mar-06,2006,No
4627,1175,Visa,Debit,4.70812E+15,dic-20,26,YES,1,"$1,753",sep-06,2012,No
116,1175,Visa,Debit,4.88755E+15,mar-24,281,YES,2,"$8,427",ene-06,2014,No
5914,1936,Visa,Debit,4.65322E+15,sep-14,624,YES,1,"$27,006",dic-07,2007,No
3006,1936,Mastercard,Debit,5.4542E+15,ago-23,161,YES,1,"$34,348",may-09,2010,No
5531,1936,Mastercard,Debit,5.27888E+15,dic-08,948,YES,1,"$25,659",nov-08,2011,No
2264,1936,Visa,Credit,4.84465E+15,ago-20,174,YES,2,"$14,500",mar-10,2010,No
5551,1936,Visa,Credit,4.34399E+15,sep-24,81,YES,1,"$16,400",nov-08,2008,No
3825,182,Visa,Debit,4.16685E+15,sep-20,285,YES,2,"$9,418",jul-07,2007,No
980,182,Mastercard,Debit,5.0212E+15,jul-00,818,YES,1,"$20,677",feb-00,2011,No
5532,468,Mastercard,Debit,5.40792E+15,ago-21,69,YES,1,"$21,900",nov-08,2011,No
4705,468,Amex,Credit,3.38642E+14,ago-24,678,NO,2,"$13,100",sep-09,2009,No
3450,1651,Visa,Credit,4.27401E+15,jun-22,289,YES,2,"$25,400",jun-09,2012,No
4181,1651,Mastercard,Debit,5.09275E+15,feb-11,356,YES,2,"$21,177",ago-06,2007,No
1663,1714,Mastercard,Credit,5.12147E+15,jun-22,529,YES,1,"$20,700",feb-20,2020,No
1421,1714,Amex,Credit,3.10441E+14,abr-24,394,YES,2,"$12,600",feb-20,2020,No
5533,1839,Mastercard,Debit,5.96011E+15,dic-08,880,NO,2,"$15,122",nov-08,2010,No
339,1585,Visa,Debit,4.91508E+15,ago-23,63,NO,1,"$14,708",ene-14,2014,No
2721,1585,Visa,Debit,4.53513E+15,mar-22,877,YES,2,"$19,197",abr-13,2013,No
6103,1585,Mastercard,Debit,5.32599E+15,abr-22,617,YES,1,"$14,830",dic-14,2014,No
4498,1245,Mastercard,Debit,5.70969E+15,oct-21,320,YES,1,"$6,631",sep-99,2012,No
6008,1245,Mastercard,Debit,5.77487E+15,ago-24,550,YES,1,"$13,910",dic-10,2016,No
4873,1245,Mastercard,Credit,5.35214E+15,may-24,190,YES,2,"$6,900",sep-14,2014,No
5347,1245,Mastercard,Debit,5.15222E+15,oct-20,628,YES,1,"$19,955",nov-94,2007,No
5675,1245,Mastercard,Debit (Prepaid),5.31832E+15,ago-24,577,YES,2,$66,nov-12,2012,No
3451,1245,Visa,Credit,4.11088E+15,abr-24,317,YES,1,"$9,900",jun-09,2009,No
4759,732,Discover,Credit,6.4578E+15,ene-12,285,YES,1,"$9,200",sep-10,2010,No
5200,732,Mastercard,Debit,5.81073E+15,may-22,279,YES,1,"$9,420",oct-10,2012,No
1115,732,Mastercard,Debit (Prepaid),5.4865E+15,may-21,264,NO,2,$49,feb-07,2011,No
5948,732,Visa,Debit,4.02327E+15,abr-20,32,YES,2,"$18,535",dic-08,2008,No
5220,732,Visa,Debit,4.44232E+15,sep-23,130,YES,1,"$10,104",oct-10,2015,No
46,732,Visa,Debit (Prepaid),4.82097E+15,nov-22,662,YES,2,$63,ene-03,2010,No
625,342,Mastercard,Debit,5.5508E+15,sep-22,862,YES,1,"$61,407",ene-20,2020,No
2303,476,Mastercard,Credit,5.18773E+15,dic-14,87,YES,3,"$10,100",mar-12,2012,No
1070,476,Visa,Debit,4.3858E+15,jun-24,806,YES,2,"$31,535",feb-05,2009,No
5684,476,Mastercard,Debit,5.53171E+15,ago-15,158,YES,1,"$21,282",nov-13,2013,No
2666,164,Visa,Credit,4.14175E+15,mar-22,11,YES,1,"$5,100",abr-10,2011,No
3210,164,Mastercard,Debit,5.22018E+15,feb-20,680,YES,1,"$14,103",jun-99,2008,No
3748,164,Visa,Debit,4.98449E+15,jul-22,688,YES,2,"$21,847",jul-05,2011,No
5272,164,Mastercard,Debit,5.17515E+15,sep-20,502,YES,1,"$28,425",oct-13,2013,No
871,539,Visa,Debit,4.23603E+15,feb-20,721,YES,1,"$4,087",ene-20,2020,No
3648,40,Amex,Credit,3.89912E+14,sep-23,269,YES,2,"$8,200",jul-98,2011,No
2437,40,Visa,Debit,4.29951E+15,sep-21,579,YES,2,"$1,462",abr-02,2013,No
1289,40,Visa,Debit (Prepaid),4.56931E+15,jul-21,990,YES,2,$58,feb-11,2011,No
2011,40,Mastercard,Debit,5.48834E+15,mar-11,880,YES,2,$142,mar-99,2014,No
4400,1,Visa,Debit,4.84349E+15,ene-17,625,YES,1,"$18,105",ago-12,2012,No
3682,1,Visa,Credit,4.41751E+15,abr-14,84,YES,1,"$10,900",jul-02,2013,No
4652,1,Visa,Credit,4.41992E+15,dic-21,1,NO,1,"$12,800",sep-07,2011,No
288,272,Visa,Debit,4.05805E+15,mar-20,102,YES,1,"$2,670",ene-11,2011,No
3120,272,Mastercard,Credit,5.8735E+15,oct-18,162,YES,2,"$14,700",may-12,2012,No
626,272,Mastercard,Debit (Prepaid),5.80814E+15,jul-23,131,YES,1,$100,ene-20,2020,No
627,521,Mastercard,Debit,5.35171E+15,dic-21,895,YES,2,"$1,680",ene-20,2020,No
4890,988,Visa,Debit,4.57414E+15,ago-16,627,YES,1,"$18,579",sep-15,2015,No
3935,988,Mastercard,Credit,5.5956E+15,sep-21,15,YES,1,"$13,200",jul-10,2010,No
1422,988,Amex,Credit,3.81187E+14,abr-23,440,YES,2,"$1,900",feb-20,2020,No
4384,988,Visa,Credit,4.84447E+15,jul-24,601,YES,2,"$17,100",ago-11,2011,No
3158,660,Visa,Debit,4.52254E+15,oct-15,832,NO,1,"$16,820",may-14,2014,No
5185,660,Amex,Credit,3.40489E+14,feb-22,91,YES,1,"$12,000",oct-10,2014,No
2343,1381,Mastercard,Debit,5.93615E+15,oct-18,616,YES,1,"$21,357",mar-15,2015,No
3738,1381,Mastercard,Debit,5.3829E+15,nov-22,543,YES,1,"$22,964",jul-05,2011,No
628,1381,Mastercard,Debit,5.06383E+15,dic-24,954,YES,1,"$16,769",ene-20,2020,No
5635,1381,Visa,Credit,4.67702E+15,jun-16,438,YES,1,"$10,100",nov-10,2010,No
2722,184,Visa,Debit,4.26607E+15,dic-24,345,YES,1,"$20,773",abr-13,2013,No
2475,184,Amex,Credit,3.37715E+14,ene-22,540,YES,1,"$15,300",abr-05,2012,No
3936,184,Mastercard,Debit,5.75806E+15,ene-23,365,YES,2,"$11,160",jul-10,2010,No
3211,184,Mastercard,Debit (Prepaid),5.27986E+15,dic-22,265,YES,2,$110,jun-99,2017,No
4800,184,Visa,Debit,4.76241E+15,jun-24,115,YES,2,"$8,766",sep-10,2020,No
4935,184,Mastercard,Debit (Prepaid),5.23137E+15,ene-21,156,YES,2,$95,oct-98,2012,No
4701,1183,Visa,Credit,4.98525E+15,nov-20,814,YES,2,"$9,100",sep-08,2015,No
4727,1183,Mastercard,Debit,5.9834E+15,oct-10,300,YES,2,"$15,441",sep-09,2009,No
2858,1183,Mastercard,Debit,5.38221E+15,abr-19,291,YES,2,"$12,021",may-04,2014,No
4211,1183,Mastercard,Debit,5.6629E+15,may-23,180,YES,1,"$8,887",ago-07,2014,No
2279,905,Mastercard,Debit (Prepaid),5.34208E+15,may-23,335,YES,1,$77,mar-11,2011,No
5053,905,Mastercard,Credit,5.95798E+15,jul-24,963,YES,1,"$22,500",oct-06,2008,No
5087,905,Mastercard,Debit,5.93219E+15,feb-10,963,YES,1,"$19,600",oct-07,2015,No
4329,905,Mastercard,Debit,5.16667E+15,sep-20,693,YES,2,"$40,019",ago-10,2017,No
53,905,Mastercard,Debit,5.36073E+15,dic-23,898,NO,2,"$64,321",ene-04,2007,No
3587,419,Visa,Debit,4.29899E+15,mar-20,757,YES,1,"$16,731",jun-14,2014,No
3854,419,Mastercard,Credit,5.39877E+15,jun-22,391,YES,2,"$8,800",jul-08,2008,No
3792,419,Visa,Debit,4.51491E+15,jul-19,398,YES,1,"$12,764",jul-06,2009,No
4111,419,Visa,Debit,4.22474E+15,feb-22,580,NO,1,"$7,943",ago-02,2005,No
3284,419,Visa,Debit,4.58061E+15,ene-07,312,YES,2,"$18,089",jun-04,2009,No
433,239,Discover,Credit,6.64082E+15,ene-20,41,YES,1,"$13,800",ene-20,2020,No
872,239,Visa,Debit,4.80819E+15,feb-20,6,YES,2,"$20,134",ene-20,2020,No
629,239,Mastercard,Debit (Prepaid),5.67512E+15,mar-21,779,YES,2,$55,ene-20,2020,No
630,239,Mastercard,Debit,5.59511E+15,feb-20,994,YES,2,"$9,279",ene-20,2020,No
1664,239,Mastercard,Debit,5.61538E+15,ago-21,586,NO,2,"$21,449",feb-20,2020,No
5230,1241,Discover,Credit,6.6944E+15,dic-11,712,YES,1,"$16,500",oct-11,2011,No
3501,1241,Visa,Debit,4.61798E+15,mar-23,469,YES,2,"$9,335",jun-10,2010,No
3724,1241,Visa,Debit,4.04193E+15,abr-23,622,YES,2,"$14,079",jul-04,2015,No
1928,383,Visa,Debit,4.44835E+15,feb-20,333,YES,1,"$10,367",feb-20,2020,No
3686,383,Amex,Credit,3.29375E+14,may-24,926,YES,1,"$8,200",jul-03,2012,No
1092,383,Mastercard,Debit,5.93263E+15,jun-20,709,YES,2,"$13,350",feb-06,2011,No
985,1816,Amex,Credit,3.46838E+14,nov-20,335,YES,1,"$10,200",feb-01,2011,No
182,1816,Visa,Debit,4.6464E+15,abr-15,115,YES,1,"$22,648",ene-08,2015,No
275,1501,Mastercard,Debit,5.36524E+15,mar-20,523,NO,1,"$17,717",ene-11,2011,No
3683,1501,Visa,Credit,4.84111E+15,feb-14,91,YES,1,"$8,300",jul-02,2013,No
3872,1501,Visa,Debit,4.984E+15,ene-09,204,YES,2,"$25,719",jul-08,2010,No
3855,497,Mastercard,Credit,5.30138E+15,sep-22,114,YES,1,"$13,200",jul-08,2017,No
3198,497,Visa,Credit,4.62745E+15,mar-19,306,YES,2,"$12,500",may-17,2017,No
3879,497,Amex,Credit,3.1407E+14,oct-19,760,YES,1,"$15,400",jul-09,2017,No
1452,497,Discover,Credit,6.74363E+15,feb-20,577,YES,2,"$13,900",feb-20,2020,No
2829,497,Mastercard,Debit,5.01909E+15,mar-20,735,YES,1,"$16,681",may-02,2011,No
3452,497,Visa,Credit,4.99517E+15,jul-24,745,YES,1,"$11,800",jun-09,2012,No
873,893,Visa,Debit (Prepaid),4.09355E+15,sep-21,874,YES,1,$57,ene-20,2020,No
1665,893,Mastercard,Debit,5.36957E+15,abr-21,867,YES,2,"$10,573",feb-20,2020,No
1929,893,Visa,Debit,4.03901E+15,abr-22,99,YES,1,"$17,499",feb-20,2020,No
5862,44,Mastercard,Debit,5.86704E+15,sep-20,272,YES,1,"$20,015",dic-06,2006,No
2932,44,Mastercard,Debit,5.33673E+15,oct-20,773,YES,2,"$9,707",may-07,2009,No
5748,44,Mastercard,Credit,5.38404E+15,may-22,151,YES,2,"$3,400",dic-92,2007,No
4401,661,Amex,Credit,3.46401E+14,jul-23,552,YES,1,"$5,300",ago-13,2013,No
5710,661,Mastercard,Debit,5.74278E+15,mar-18,376,YES,2,"$22,789",nov-15,2015,No
1345,661,Mastercard,Debit,5.46889E+15,mar-24,110,YES,2,"$13,193",feb-14,2014,No
3731,939,Discover,Credit,6.32979E+15,sep-23,617,YES,1,"$1,700",jul-05,2010,No
2028,939,Visa,Credit,4.13942E+15,dic-17,782,YES,1,"$9,000",mar-01,2009,No
276,947,Mastercard,Debit (Prepaid),5.33724E+15,jul-20,389,YES,2,$79,ene-11,2011,No
5534,947,Mastercard,Debit (Prepaid),5.90924E+15,ene-19,964,YES,1,$87,nov-08,2008,No
2620,947,Visa,Debit,4.8123E+15,nov-17,113,YES,2,"$11,254",abr-09,2009,No
2552,947,Visa,Debit,4.00567E+15,mar-23,434,NO,1,"$11,344",abr-07,2007,No
75,1749,Mastercard,Debit (Prepaid),5.5359E+15,feb-20,480,NO,1,$50,ene-05,2013,No
229,1749,Mastercard,Debit,5.79388E+15,jun-19,784,YES,2,"$1,213",ene-10,2010,No
3551,385,Mastercard,Debit,5.39959E+15,ago-23,813,NO,1,"$29,219",jun-12,2012,No
1321,385,Mastercard,Debit,5.49476E+15,mar-20,915,YES,1,"$17,907",feb-13,2013,No
2289,385,Visa,Debit,4.87442E+15,oct-23,768,YES,2,"$24,298",mar-11,2011,No
5124,385,Mastercard,Credit,5.7858E+15,jul-23,527,YES,1,"$11,700",oct-08,2011,No
973,385,Visa,Debit,4.14583E+15,jul-03,790,YES,2,"$16,227",feb-99,2015,No
2871,385,Visa,Debit,4.57367E+15,dic-21,611,YES,2,"$7,495",may-04,2005,No
1290,385,Visa,Debit,4.97254E+15,mar-20,383,YES,2,"$2,210",feb-11,2014,No
874,67,Visa,Credit,4.07286E+15,jun-22,889,YES,2,"$17,300",ene-20,2020,No
1666,67,Mastercard,Debit,5.11856E+15,ago-21,568,YES,2,"$3,334",feb-20,2020,No
1226,1298,Mastercard,Debit,5.81815E+15,feb-24,296,NO,2,"$10,040",feb-10,2010,No
5221,1298,Visa,Credit,4.6578E+15,jun-24,703,YES,2,"$8,500",oct-10,2018,No
2386,913,Mastercard,Debit,5.71476E+15,sep-20,805,YES,1,"$11,646",mar-19,2019,No
3110,913,Visa,Credit,4.52654E+15,mar-20,180,YES,1,"$6,900",may-11,2011,No
5899,913,Mastercard,Debit,5.98638E+15,oct-14,786,YES,2,"$8,230",dic-07,2014,No
2933,1634,Mastercard,Credit,5.72085E+15,nov-23,885,YES,1,"$4,400",may-07,2014,No
2464,1634,Mastercard,Debit,5.52444E+15,jul-20,697,YES,2,"$8,638",abr-04,2014,No
2245,1634,Discover,Credit,6.26803E+15,sep-20,717,YES,2,"$4,700",mar-10,2011,No
4743,1634,Visa,Credit,4.2033E+15,ene-24,367,YES,2,"$4,100",sep-09,2009,No
1071,804,Visa,Credit,4.30204E+15,nov-20,699,YES,1,"$8,900",feb-05,2010,No
5986,804,Visa,Debit,4.0391E+15,abr-17,14,YES,1,"$3,905",dic-09,2010,No
17,804,Visa,Debit,4.21405E+15,jul-22,799,YES,2,"$18,744",ene-00,2010,No
213,804,Visa,Credit,4.10868E+15,ago-12,988,NO,2,"$5,400",ene-09,2011,No
2553,804,Visa,Debit,4.5548E+15,nov-11,867,NO,1,"$14,507",abr-07,2010,No
3602,1703,Visa,Credit,4.56288E+15,feb-20,630,YES,2,"$8,700",jun-15,2015,No
2969,1703,Mastercard,Credit,5.74561E+15,jun-22,753,YES,2,"$10,600",may-08,2019,No
6078,1741,Visa,Debit,4.92124E+15,oct-23,631,YES,1,"$11,510",dic-12,2012,No
5571,1741,Mastercard,Debit,5.42722E+15,jun-13,962,YES,1,"$15,765",nov-09,2009,No
3025,1741,Visa,Debit (Prepaid),4.14889E+15,feb-23,546,YES,1,$56,may-09,2010,No
1097,1741,Visa,Credit,4.32855E+15,dic-21,102,YES,1,"$7,300",feb-06,2013,No
1360,1741,Visa,Credit,4.23876E+15,dic-22,551,YES,2,"$8,500",feb-15,2015,No
3037,1741,Amex,Credit,3.45841E+14,ago-14,854,YES,1,"$7,500",may-10,2011,No
2595,1741,Amex,Credit,3.76643E+14,abr-22,75,YES,2,"$5,900",abr-09,2009,No
2235,1741,Visa,Credit,4.27386E+15,nov-21,246,YES,1,"$13,600",mar-09,2013,No
5465,1741,Mastercard,Credit,5.95555E+15,ene-24,860,YES,2,"$10,700",nov-06,2010,No
4504,766,Mastercard,Debit,5.98169E+15,abr-23,148,NO,1,"$6,424",sep-00,2012,No
4499,766,Visa,Debit,4.09334E+15,ago-20,907,YES,2,"$14,248",sep-99,2010,No
2356,766,Mastercard,Credit,5.34148E+15,jun-16,222,YES,2,"$5,400",mar-16,2016,No
3811,472,Mastercard,Debit,5.69496E+15,nov-23,837,YES,2,"$13,448",jul-07,2011,No
3007,472,Mastercard,Debit (Prepaid),5.76159E+15,ene-20,590,YES,2,$44,may-09,2013,No
3826,472,Visa,Credit,4.95656E+15,feb-20,521,YES,2,"$11,300",jul-07,2007,No
4307,472,Visa,Debit,4.94605E+15,nov-12,975,YES,1,"$30,622",ago-09,2009,No
2970,366,Mastercard,Debit,5.8878E+15,ago-09,708,YES,2,"$12,241",may-08,2008,No
5258,366,Mastercard,Credit,5.64201E+15,ago-18,823,YES,2,"$6,200",oct-12,2012,No
986,366,Discover,Credit,6.06646E+15,ago-23,653,YES,1,"$9,500",feb-01,2014,No
4812,366,Mastercard,Debit,5.93616E+15,jun-12,407,YES,2,"$23,042",sep-11,2013,No
2934,366,Mastercard,Debit,5.89725E+15,feb-21,103,YES,2,"$19,019",may-07,2011,No
5846,366,Visa,Credit,4.96083E+15,nov-20,947,NO,2,"$2,200",dic-05,2008,No
1072,366,Visa,Credit,4.92939E+15,oct-21,648,YES,1,"$13,700",feb-05,2012,No
875,1205,Visa,Credit,4.26574E+15,mar-23,740,NO,2,"$13,500",ene-20,2020,No
631,1205,Mastercard,Credit,5.31892E+15,mar-21,389,YES,2,"$7,800",ene-20,2020,No
1423,1205,Amex,Credit,3.58973E+14,jun-24,874,YES,1,"$13,300",feb-20,2020,No
1667,1205,Mastercard,Debit,5.44378E+15,sep-20,232,YES,1,"$24,665",feb-20,2020,No
1668,1205,Mastercard,Debit,5.49372E+15,abr-23,704,YES,2,"$28,648",feb-20,2020,No
1078,1705,Discover,Credit,6.83505E+15,jun-24,658,YES,1,"$7,000",feb-06,2019,No
4628,1705,Visa,Debit,4.758E+15,dic-10,604,YES,1,"$1,324",sep-06,2013,No
6009,1705,Mastercard,Debit,5.15164E+15,nov-17,999,YES,2,"$8,950",dic-10,2018,No
876,626,Visa,Debit,4.88737E+15,ene-20,756,YES,2,"$43,186",ene-20,2020,No
1669,626,Mastercard,Debit,5.73911E+15,dic-22,372,YES,1,"$56,434",feb-20,2020,No
3753,1638,Discover,Credit,6.78438E+15,oct-20,364,NO,2,"$10,000",jul-06,2008,No
4956,1638,Mastercard,Credit,5.99798E+15,jul-24,645,YES,1,"$21,300",oct-01,2015,No
4296,1638,Mastercard,Debit,5.44531E+15,oct-21,190,YES,1,"$18,281",ago-09,2009,No
4728,1638,Mastercard,Debit,5.94966E+15,may-20,808,YES,2,"$13,297",sep-09,2011,No
3856,1638,Mastercard,Debit,5.65804E+15,oct-24,549,YES,2,"$3,485",jul-08,2011,No
5572,1953,Mastercard,Debit (Prepaid),5.2958E+15,abr-20,135,YES,2,$54,nov-09,2009,No
1424,1953,Amex,Credit,3.02032E+14,nov-20,654,YES,2,"$9,900",feb-20,2020,No
1670,1953,Mastercard,Debit,5.39896E+15,jul-20,114,YES,1,"$8,257",feb-20,2020,No
5937,1771,Mastercard,Debit,5.45727E+15,jul-23,138,YES,1,"$29,078",dic-08,2009,No
2607,1771,Mastercard,Debit (Prepaid),5.5796E+15,abr-24,50,YES,2,$59,abr-09,2009,No
3098,1771,Mastercard,Debit,5.15436E+15,mar-22,153,YES,1,"$27,534",may-11,2011,No
5847,931,Visa,Debit,4.36522E+15,may-22,190,YES,2,"$21,652",dic-05,2012,No
2699,1190,Mastercard,Debit,5.71469E+15,jul-20,319,YES,2,"$19,919",abr-12,2012,No
5358,1190,Mastercard,Debit,5.98868E+15,nov-22,66,YES,2,"$24,272",nov-99,2011,No
1671,1190,Mastercard,Debit,5.94467E+15,ago-24,993,NO,1,"$23,805",feb-20,2020,No
1201,1190,Amex,Credit,3.47183E+14,jul-12,755,YES,2,"$13,800",feb-10,2010,No
5771,1190,Mastercard,Debit (Prepaid),5.12742E+15,oct-20,947,NO,2,$27,dic-01,2017,No
4508,1190,Visa,Debit,4.22748E+15,jul-22,795,YES,2,"$4,653",sep-00,2007,No
632,1190,Mastercard,Credit,5.11683E+15,feb-20,635,YES,2,"$9,900",ene-20,2020,No
1227,371,Mastercard,Debit (Prepaid),5.13891E+15,jul-24,348,YES,2,$34,feb-10,2011,No
5495,371,Mastercard,Debit,5.37942E+15,ene-16,683,YES,2,"$11,861",nov-07,2013,No
3453,371,Visa,Debit,4.17564E+15,feb-22,790,YES,2,"$27,382",jun-09,2014,No
3134,371,Mastercard,Credit,5.931E+15,dic-18,471,YES,2,"$27,600",may-13,2013,No
2989,1404,Visa,Debit,4.84742E+15,feb-20,326,YES,2,"$4,906",may-08,2008,No
4555,1404,Mastercard,Debit,5.9526E+15,may-20,895,YES,2,"$1,993",sep-04,2014,No
1425,1970,Amex,Credit,3.55173E+14,feb-20,172,YES,1,"$14,800",feb-20,2020,No
1672,1970,Mastercard,Debit,5.06231E+15,mar-23,742,YES,2,"$2,593",feb-20,2020,No
2411,1364,Visa,Credit,4.69621E+15,sep-21,52,YES,2,$0,abr-00,2011,No
54,1364,Mastercard,Debit,5.67393E+15,jul-16,821,YES,2,$0,ene-04,2008,No
3812,327,Mastercard,Credit,5.03526E+15,may-09,456,YES,1,"$14,900",jul-07,2008,No
4170,327,Visa,Debit,4.78329E+15,mar-22,215,YES,2,"$15,720",ago-05,2011,No
3062,327,Mastercard,Debit,5.68354E+15,jul-20,750,YES,2,"$9,165",may-10,2010,No
3063,327,Mastercard,Debit,5.91174E+15,jun-21,479,YES,2,"$13,322",may-10,2010,No
5512,327,Visa,Debit,4.71121E+15,jul-23,641,YES,2,"$11,528",nov-07,2013,No
407,1337,Amex,Credit,3.72012E+14,dic-22,533,YES,1,"$9,600",ene-20,2020,No
1673,1337,Mastercard,Debit,5.98052E+15,feb-20,92,YES,2,"$13,573",feb-20,2020,No
877,594,Visa,Debit,4.68917E+15,may-22,44,YES,1,"$11,608",ene-20,2020,No
1674,594,Mastercard,Debit,5.54651E+15,oct-24,791,YES,1,"$23,699",feb-20,2020,No
633,594,Mastercard,Credit,5.71774E+15,sep-22,312,YES,1,"$7,700",ene-20,2020,No
3894,594,Mastercard,Debit,5.69197E+15,ene-19,434,NO,2,"$6,754",jul-09,2010,No
1930,594,Visa,Credit,4.71521E+15,feb-21,636,YES,1,"$3,500",feb-20,2020,No
1931,594,Visa,Debit,4.78594E+15,mar-20,305,YES,1,"$14,793",feb-20,2020,No
4366,1704,Mastercard,Debit,5.23603E+15,nov-24,681,YES,2,"$44,885",ago-11,2020,No
4729,1500,Mastercard,Credit,5.66278E+15,dic-20,195,YES,2,"$14,000",sep-09,2011,No
5034,1500,Visa,Debit,4.38844E+15,feb-18,457,YES,2,"$18,494",oct-05,2007,No
5180,1500,Visa,Credit,4.9697E+15,mar-24,329,YES,2,"$14,700",oct-09,2011,No
3166,1500,Mastercard,Debit (Prepaid),5.75174E+15,may-20,682,YES,1,$69,may-15,2015,No
634,923,Mastercard,Debit,5.5451E+15,feb-20,128,YES,1,"$22,234",ene-20,2020,No
878,923,Visa,Credit,4.8067E+15,feb-23,394,YES,1,"$3,600",ene-20,2020,No
289,1788,Visa,Debit,4.76207E+15,mar-23,474,YES,2,"$26,255",ene-11,2011,No
2538,1788,Mastercard,Debit,5.12985E+15,mar-20,581,YES,2,"$5,500",abr-07,2013,No
5751,1788,Visa,Debit,4.75784E+15,dic-97,672,YES,1,"$12,323",dic-96,2011,No
2700,1788,Mastercard,Credit,5.27751E+15,ene-24,175,YES,2,"$7,100",abr-12,2012,No
4277,129,Visa,Debit (Prepaid),4.911E+15,sep-10,581,YES,2,$37,ago-08,2009,No
2190,1756,Mastercard,Credit,5.25326E+15,ene-24,847,YES,1,"$19,100",mar-08,2009,No
4259,1756,Mastercard,Credit,5.15106E+15,ene-21,303,YES,2,"$11,600",ago-08,2012,No
6060,197,Visa,Debit,4.33914E+15,jun-14,503,YES,2,"$8,144",dic-11,2012,No
1932,197,Visa,Debit (Prepaid),4.89776E+15,jun-24,599,YES,2,$53,feb-20,2020,No
1933,197,Visa,Credit,4.02122E+15,feb-20,943,YES,2,"$8,000",feb-20,2020,No
2357,197,Mastercard,Debit,5.34102E+15,dic-24,542,YES,1,"$11,919",mar-16,2016,No
1302,197,Mastercard,Debit,5.23786E+15,ene-22,536,YES,1,"$17,889",feb-12,2012,No
5853,219,Discover,Credit,6.78466E+15,oct-22,850,YES,2,"$6,300",dic-06,2006,No
4994,219,Visa,Credit,4.9684E+15,jun-21,571,YES,2,"$7,900",oct-03,2006,No
4609,219,Mastercard,Debit,5.00676E+15,jun-20,152,YES,2,"$7,995",sep-06,2006,No
2431,1820,Mastercard,Credit,5.02319E+15,ene-22,785,YES,1,"$7,900",abr-02,2013,No
2339,1820,Amex,Credit,3.44075E+14,oct-22,808,YES,1,"$5,900",mar-15,2015,No
3937,1820,Mastercard,Debit,5.24343E+15,ene-20,279,YES,1,"$18,200",jul-10,2010,No
5201,1820,Mastercard,Debit,5.41495E+15,ene-22,674,YES,1,"$16,502",oct-10,2010,No
3535,1820,Visa,Debit,4.11116E+15,abr-23,851,YES,1,"$16,726",jun-11,2011,No
879,405,Visa,Debit,4.01187E+15,sep-24,337,YES,2,"$4,140",ene-20,2020,No
4171,726,Amex,Credit,3.64269E+14,oct-14,60,YES,1,"$9,000",ago-06,2016,No
3391,726,Mastercard,Debit,5.62095E+15,dic-22,723,YES,1,"$12,868",jun-08,2011,No
3431,726,Mastercard,Debit,5.93242E+15,feb-20,180,YES,1,"$27,773",jun-09,2012,No
5535,20,Mastercard,Credit,5.86675E+15,ene-14,754,YES,1,"$16,400",nov-08,2008,No
376,20,Visa,Credit,4.81218E+15,feb-22,213,YES,1,"$13,000",ene-18,2018,No
1291,20,Visa,Debit,4.32646E+15,sep-22,83,YES,1,"$16,465",feb-11,2011,No
5011,20,Mastercard,Credit,5.88135E+15,mar-21,834,YES,2,"$9,000",oct-04,2011,No
3895,20,Mastercard,Debit,5.64877E+15,oct-24,862,YES,2,"$14,961",jul-09,2015,No
4995,20,Visa,Debit,4.21352E+15,ago-23,66,YES,1,"$19,791",oct-03,2014,No
3857,20,Mastercard,Debit,5.37542E+15,jul-16,213,YES,1,"$15,771",jul-08,2016,No
1228,20,Mastercard,Debit,5.70636E+15,abr-24,34,YES,1,"$7,702",feb-10,2010,No
2063,216,Mastercard,Debit,5.09998E+15,feb-24,142,YES,1,"$18,729",mar-04,2011,No
4367,216,Mastercard,Debit (Prepaid),5.0942E+15,oct-23,696,NO,1,$80,ago-11,2011,No
3404,216,Visa,Debit (Prepaid),4.68537E+15,mar-24,450,YES,1,$86,jun-08,2010,No
4260,293,Mastercard,Debit,5.41725E+15,jun-20,471,NO,2,"$20,138",ago-08,2011,No
1675,293,Mastercard,Debit,5.97262E+15,feb-20,125,NO,1,"$21,335",feb-20,2020,No
1676,293,Mastercard,Credit,5.62226E+15,mar-22,353,YES,1,"$9,300",feb-20,2020,No
1677,293,Mastercard,Credit,5.11383E+15,feb-20,861,YES,1,"$12,600",feb-20,2020,No
635,293,Mastercard,Debit,5.25356E+15,jun-23,467,YES,1,"$12,899",ene-20,2020,No
1678,1868,Mastercard,Credit,5.89232E+15,feb-20,635,YES,2,"$13,500",feb-20,2020,No
880,1868,Visa,Debit,4.33857E+15,sep-24,800,YES,1,"$17,432",ene-20,2020,No
4744,1996,Visa,Credit,4.33941E+15,dic-12,77,NO,2,"$9,700",sep-09,2017,No
4212,1996,Mastercard,Debit,5.63563E+15,dic-24,168,YES,2,"$13,016",ago-07,2015,No
2008,1996,Visa,Debit,4.3785E+15,sep-04,181,YES,2,"$24,459",mar-97,2009,No
3237,1171,Mastercard,Debit (Prepaid),5.45443E+15,jun-23,8,YES,2,$87,jun-02,2007,No
4213,1171,Mastercard,Credit,5.49693E+15,jul-23,165,YES,2,"$13,500",ago-07,2007,No
5354,1171,Visa,Debit (Prepaid),4.95862E+15,feb-23,218,YES,2,$89,nov-97,2003,No
4530,1171,Discover,Credit,6.2829E+15,nov-21,66,YES,2,"$8,300",sep-03,2011,No
5614,1171,Mastercard,Debit,5.72646E+15,ene-21,26,YES,1,"$24,481",nov-10,2010,No
5536,1154,Mastercard,Debit,5.11884E+15,ene-17,143,NO,1,"$2,808",nov-08,2013,No
3536,1154,Visa,Debit,4.76256E+15,nov-14,466,YES,2,"$24,835",jun-11,2011,No
4996,1154,Visa,Debit,4.62355E+15,dic-04,186,YES,1,"$12,078",oct-03,2018,No
2064,1154,Mastercard,Debit,5.89634E+15,may-22,578,YES,1,"$6,257",mar-04,2014,No
3245,819,Visa,Credit,4.06793E+15,feb-23,693,YES,1,"$8,400",jun-02,2010,No
4424,819,Discover,Credit,6.66495E+15,ago-20,79,YES,2,"$9,900",ago-14,2014,No
1322,819,Mastercard,Debit,5.19609E+15,dic-22,937,YES,1,"$11,818",feb-13,2013,No
5303,1554,Discover,Credit,6.42755E+15,may-22,298,YES,2,"$11,300",oct-15,2015,No
3813,1079,Mastercard,Debit,5.74405E+15,nov-24,907,YES,1,"$8,833",jul-07,2016,No
5826,1079,Amex,Credit,3.62822E+14,oct-22,44,YES,1,"$13,400",dic-05,2010,No
2842,1079,Mastercard,Debit,5.50483E+15,feb-24,847,YES,1,"$30,753",may-03,2008,No
1679,681,Mastercard,Debit,5.38509E+15,abr-21,909,YES,2,$735,feb-20,2020,No
2147,240,Mastercard,Debit,5.55592E+15,feb-20,725,YES,1,"$17,667",mar-07,2011,No
1680,240,Mastercard,Debit,5.39881E+15,feb-20,379,YES,1,"$14,665",feb-20,2020,No
4348,240,Visa,Debit,4.26653E+15,may-15,229,YES,2,"$14,392",ago-10,2011,No
1323,751,Mastercard,Credit,5.04442E+15,jul-21,693,YES,2,"$14,900",feb-13,2013,No
5711,751,Mastercard,Debit,5.36869E+15,oct-16,854,YES,1,"$19,488",nov-15,2015,No
4745,751,Visa,Debit (Prepaid),4.32954E+15,oct-09,540,YES,1,$84,sep-09,2009,No
5552,751,Visa,Credit,4.28802E+15,ene-16,627,YES,1,"$20,100",nov-08,2015,No
6046,773,Mastercard,Debit (Prepaid),5.76772E+15,mar-20,38,YES,1,$101,dic-11,2011,No
2570,773,Mastercard,Debit,5.36435E+15,jul-19,197,YES,1,"$11,372",abr-08,2009,No
4011,773,Mastercard,Debit,5.85005E+15,abr-17,450,YES,1,"$21,448",jul-13,2013,No
4629,1294,Visa,Debit,4.34157E+15,mar-20,774,YES,2,"$19,691",sep-06,2011,No
2591,1294,Visa,Debit,4.30697E+15,may-24,139,YES,2,"$14,477",abr-08,2008,No
2916,1567,Visa,Debit,4.51686E+15,jun-13,641,YES,2,"$17,559",may-06,2006,No
3956,1567,Visa,Debit,4.86668E+15,oct-23,818,YES,1,"$24,302",jul-10,2010,No
5513,132,Visa,Debit,4.14367E+15,nov-23,958,YES,2,"$8,105",nov-07,2009,No
230,132,Mastercard,Debit (Prepaid),5.93563E+15,oct-20,160,YES,2,$59,ene-10,2011,No
2707,132,Visa,Credit,4.83218E+15,ene-21,231,YES,2,$0,abr-12,2012,No
2679,132,Mastercard,Debit,5.9591E+15,ene-22,625,YES,2,"$15,022",abr-11,2011,No
2884,512,Mastercard,Debit,5.79652E+15,dic-21,918,YES,2,"$27,677",may-05,2006,No
1934,501,Visa,Debit,4.03383E+15,feb-20,326,YES,1,"$11,779",feb-20,2020,No
636,501,Mastercard,Credit,5.11933E+15,ene-22,925,YES,1,"$9,400",ene-20,2020,No
4261,178,Mastercard,Debit,5.04141E+15,ene-23,155,YES,2,"$17,206",ago-08,2010,No
4214,178,Mastercard,Debit,5.90728E+15,jun-24,856,YES,1,"$18,235",ago-07,2007,No
1681,178,Mastercard,Debit,5.27152E+15,dic-20,148,YES,1,"$25,376",feb-20,2020,No
2539,1077,Mastercard,Debit,5.32449E+15,nov-14,819,YES,2,"$17,034",abr-07,2007,No
4104,1077,Visa,Debit (Prepaid),4.84953E+15,may-20,704,YES,2,$33,ago-01,2009,No
214,1077,Visa,Debit,4.41137E+15,abr-20,508,YES,2,"$20,114",ene-09,2009,No
2859,914,Mastercard,Debit,5.60829E+15,sep-24,345,YES,2,"$21,074",may-04,2010,No
1274,914,Mastercard,Debit,5.49387E+15,dic-16,757,YES,2,"$17,522",feb-11,2011,No
5835,914,Mastercard,Debit,5.13039E+15,may-21,256,YES,2,"$18,547",dic-05,2007,No
2148,914,Mastercard,Credit,5.01022E+15,jul-22,664,YES,1,"$11,700",mar-07,2012,No
5915,1840,Visa,Credit,4.33624E+15,oct-20,263,YES,1,"$14,600",dic-07,2008,No
3660,1840,Visa,Credit,4.60534E+15,mar-22,188,YES,1,"$4,600",jul-00,2011,No
6047,1840,Mastercard,Credit,5.00931E+15,jul-22,172,YES,1,"$13,200",dic-11,2011,No
3322,1840,Mastercard,Debit,5.35911E+15,may-23,933,YES,2,"$21,701",jun-06,2007,No
4568,1840,Visa,Debit (Prepaid),4.73336E+15,sep-21,67,YES,2,$4,sep-04,2008,No
1,550,Mastercard,Credit,5.27823E+15,jun-24,396,YES,1,"$11,600",ene-94,2013,No
3478,550,Mastercard,Debit (Prepaid),5.46328E+15,ene-21,63,YES,2,$99,jun-10,2011,No
163,550,Mastercard,Credit,5.41364E+15,abr-22,398,YES,2,"$4,200",ene-08,2008,No
4857,550,Mastercard,Debit,5.15792E+15,feb-17,587,YES,2,"$21,988",sep-13,2013,No
881,1869,Visa,Debit,4.5255E+15,ene-20,780,YES,2,"$12,186",ene-20,2020,No
5045,977,Amex,Credit,3.25569E+14,dic-20,220,YES,1,"$8,900",oct-06,2011,No
4402,977,Amex,Credit,3.22453E+14,jul-15,164,YES,2,"$4,000",ago-13,2013,No
3026,977,Visa,Credit,4.15264E+15,jun-23,561,YES,2,"$10,200",may-09,2009,No
1150,977,Mastercard,Debit,5.35299E+15,ene-22,551,YES,2,"$5,649",feb-08,2016,No
5101,977,Visa,Debit,4.07149E+15,ago-20,661,YES,1,"$18,934",oct-07,2013,No
2523,933,Amex,Credit,3.94005E+14,ene-24,400,YES,1,"$11,500",abr-07,2010,No
1426,933,Amex,Credit,3.12591E+14,abr-22,910,YES,1,"$5,100",feb-20,2020,No
4997,933,Visa,Debit (Prepaid),4.7086E+15,feb-21,977,YES,1,$57,oct-03,2009,No
2254,933,Mastercard,Credit,5.58337E+15,dic-16,536,YES,1,"$11,800",mar-10,2010,No
231,938,Mastercard,Credit,5.66434E+15,sep-23,123,YES,1,"$12,500",ene-10,2012,No
882,938,Visa,Debit (Prepaid),4.45499E+15,jun-23,993,YES,2,$116,ene-20,2020,No
1682,938,Mastercard,Debit,5.2488E+15,feb-20,836,YES,2,"$17,447",feb-20,2020,No
1935,622,Visa,Debit (Prepaid),4.78612E+15,feb-20,119,YES,1,$126,feb-20,2020,No
4884,622,Mastercard,Debit (Prepaid),5.52052E+15,oct-15,769,YES,2,$86,sep-15,2015,No
637,796,Mastercard,Debit,5.68016E+15,feb-20,437,YES,2,"$12,695",ene-20,2020,No
2314,796,Mastercard,Credit,5.81956E+15,jun-19,933,YES,2,"$11,800",mar-13,2013,No
638,796,Mastercard,Debit,5.42346E+15,nov-22,264,NO,1,"$18,800",ene-20,2020,No
4944,621,Mastercard,Debit,5.10313E+15,nov-21,309,YES,1,"$1,368",oct-00,2004,No
408,1038,Amex,Credit,3.35884E+14,may-24,701,YES,1,"$8,800",ene-20,2020,No
1683,1038,Mastercard,Credit,5.21837E+15,feb-20,935,YES,2,"$8,200",feb-20,2020,No
2509,1687,Mastercard,Debit,5.81846E+15,sep-22,826,YES,2,"$2,450",abr-06,2014,No
3193,1890,Mastercard,Debit,5.69607E+15,mar-24,895,YES,2,"$10,582",may-17,2017,No
4308,544,Visa,Debit (Prepaid),4.67568E+15,ene-23,456,YES,1,$22,ago-09,2019,No
4309,810,Visa,Credit,4.90611E+15,ago-22,595,YES,1,"$6,900",ago-09,2010,No
4262,810,Mastercard,Debit,5.25037E+15,jun-22,688,YES,2,"$12,664",ago-08,2011,No
5517,810,Discover,Credit,6.32445E+15,dic-08,928,YES,2,"$3,700",nov-08,2011,No
2149,810,Mastercard,Debit,5.99161E+15,feb-20,498,YES,1,"$15,620",mar-07,2010,No
2414,810,Amex,Credit,3.10876E+14,sep-09,236,YES,2,"$10,800",abr-01,2011,No
5254,810,Visa,Debit,4.05812E+15,oct-21,881,YES,2,"$7,014",oct-11,2011,No
1324,58,Mastercard,Debit,5.85054E+15,may-22,840,YES,2,"$23,838",feb-13,2013,No
883,58,Visa,Debit,4.74455E+15,dic-24,524,YES,1,"$17,355",ene-20,2020,No
5496,1986,Mastercard,Debit,5.23541E+15,feb-20,789,YES,1,"$16,249",nov-07,2010,No
5443,1986,Visa,Debit,4.69646E+15,nov-21,762,YES,2,"$14,036",nov-05,2010,No
3064,1084,Mastercard,Debit,5.42441E+15,abr-21,437,YES,1,"$19,807",may-10,2010,No
3232,1084,Amex,Credit,3.3854E+14,may-17,921,YES,1,"$20,900",jun-02,2011,No
5987,1084,Visa,Credit,4.23018E+15,may-20,741,YES,1,"$7,400",dic-09,2009,No
3454,1084,Visa,Debit,4.10503E+15,jul-23,810,YES,1,"$35,268",jun-09,2009,No
3260,1349,Visa,Credit,4.98322E+15,oct-21,787,YES,2,"$4,600",jun-03,2003,No
5920,1349,Amex,Credit,3.87034E+14,ene-22,146,YES,1,"$6,200",dic-08,2014,No
2089,1349,Mastercard,Debit,5.37068E+15,jul-19,639,NO,2,"$4,139",mar-05,2008,No
4310,1825,Visa,Debit,4.58813E+15,oct-20,194,YES,1,"$23,878",ago-09,2011,No
4182,1825,Mastercard,Credit,5.00301E+15,abr-22,159,YES,2,"$10,200",ago-06,2013,No
5636,1825,Visa,Debit (Prepaid),4.94602E+15,abr-21,331,YES,2,$48,nov-10,2014,No
5713,1825,Visa,Credit,4.77472E+15,sep-21,912,YES,1,"$11,300",nov-15,2015,No
4237,98,Amex,Credit,3.6464E+14,nov-24,54,YES,2,"$7,700",ago-08,2010,No
4143,98,Visa,Credit,4.50247E+15,abr-20,477,YES,1,"$8,700",ago-04,2006,No
1128,615,Visa,Debit,4.60958E+15,ago-21,303,YES,1,"$15,338",feb-07,2011,No
5479,615,Amex,Credit,3.91141E+14,abr-21,207,YES,1,"$19,900",nov-07,2011,No
4901,1488,Visa,Debit,4.45024E+15,may-23,339,YES,1,"$14,249",sep-16,2016,No
1098,1488,Visa,Debit,4.79909E+15,mar-11,152,YES,1,"$22,124",feb-06,2010,No
5685,1488,Mastercard,Debit,5.50415E+15,abr-22,611,YES,1,"$28,580",nov-13,2013,No
2995,1488,Discover,Credit,6.3621E+15,feb-20,180,YES,1,"$11,900",may-09,2011,No
1684,1488,Mastercard,Debit,5.99926E+15,jun-24,737,YES,2,"$16,731",feb-20,2020,No
4874,1488,Mastercard,Credit,5.40979E+15,abr-21,252,NO,1,"$8,500",sep-14,2014,No
3739,211,Mastercard,Debit,5.75139E+15,dic-20,287,YES,2,"$12,757",jul-05,2009,No
4746,211,Visa,Debit,4.13465E+15,ago-20,517,YES,2,"$17,013",sep-09,2009,No
1035,211,Mastercard,Debit,5.26625E+15,abr-04,911,YES,2,"$11,757",feb-04,2011,No
4730,1443,Mastercard,Debit,5.44965E+15,mar-22,354,YES,2,"$16,392",sep-09,2011,No
3749,1443,Visa,Credit,4.98224E+15,jun-21,718,YES,1,"$8,500",jul-05,2009,No
254,1443,Visa,Debit,4.38438E+15,jun-18,608,YES,2,"$3,973",ene-10,2016,No
3194,801,Mastercard,Debit,5.93337E+15,mar-20,729,YES,2,"$15,042",may-17,2017,No
215,801,Visa,Credit,4.23739E+15,sep-24,620,YES,1,"$8,600",ene-09,2010,No
3366,801,Visa,Credit,4.09386E+15,jul-22,643,YES,2,"$7,100",jun-07,2007,No
3261,801,Visa,Debit,4.11607E+15,oct-24,820,YES,2,"$9,551",jun-03,2009,No
5772,801,Mastercard,Debit,5.3848E+15,ago-20,811,YES,1,"$10,311",dic-01,2006,No
4005,655,Amex,Credit,3.2905E+14,ene-17,852,YES,1,"$7,700",jul-13,2013,No
4134,655,Mastercard,Debit,5.77518E+15,dic-22,857,YES,2,"$11,638",ago-04,2011,No
2133,655,Visa,Debit,4.30462E+15,sep-23,750,YES,2,"$9,285",mar-06,2011,No
1151,669,Mastercard,Debit,5.81634E+15,jun-20,932,YES,1,"$11,164",feb-08,2009,No
3793,669,Visa,Credit,4.99348E+15,oct-24,698,YES,1,"$9,900",jul-06,2011,No
4630,1726,Visa,Debit,4.80185E+15,sep-11,591,YES,1,"$16,750",sep-06,2012,No
1936,444,Visa,Debit (Prepaid),4.89753E+15,ago-20,326,YES,1,$80,feb-20,2020,No
1685,444,Mastercard,Debit,5.08487E+15,ene-23,429,YES,1,"$12,233",feb-20,2020,No
2236,418,Visa,Debit,4.89296E+15,oct-09,711,YES,2,"$5,216",mar-09,2009,No
639,418,Mastercard,Debit,5.42476E+15,sep-24,971,YES,2,"$9,082",ene-20,2020,No
434,418,Discover,Credit,6.03702E+15,mar-24,945,YES,2,"$18,100",ene-20,2020,No
1937,418,Visa,Credit,4.47409E+15,feb-20,228,YES,1,"$11,100",feb-20,2020,No
5591,242,Visa,Debit,4.63511E+15,sep-24,511,YES,1,"$19,158",nov-09,2010,No
5737,242,Mastercard,Debit,5.43169E+15,jun-20,10,YES,1,"$19,788",nov-18,2018,No
1229,242,Mastercard,Debit,5.00076E+15,feb-21,797,YES,1,"$15,259",feb-10,2010,No
2315,242,Mastercard,Debit,5.25042E+15,sep-20,354,YES,2,"$19,728",mar-13,2013,No
4144,242,Visa,Debit,4.06011E+15,ago-09,710,YES,1,"$13,530",ago-04,2011,No
2971,168,Mastercard,Debit,5.41707E+15,ago-19,346,YES,1,$142,may-08,2012,No
1377,960,Visa,Debit,4.0084E+15,sep-21,740,YES,1,"$16,210",feb-17,2017,No
884,960,Visa,Credit,4.64154E+15,feb-20,760,YES,1,"$15,200",ene-20,2020,No
640,960,Mastercard,Debit,5.86347E+15,oct-23,577,YES,2,"$24,200",ene-20,2020,No
3351,1911,Mastercard,Debit (Prepaid),5.95877E+15,mar-08,758,YES,1,$82,jun-07,2009,No
4801,1911,Visa,Debit,4.75613E+15,jun-20,872,YES,1,"$21,057",sep-10,2010,No
4961,1911,Amex,Credit,3.60634E+14,abr-21,94,YES,1,"$8,900",oct-02,2012,No
964,1911,Visa,Debit,4.14615E+15,sep-22,26,NO,2,"$17,789",feb-98,2019,No
3352,259,Mastercard,Debit,5.73827E+15,abr-23,253,YES,2,"$14,388",jun-07,2007,No
4569,259,Visa,Debit,4.99223E+15,ago-24,385,YES,1,"$26,582",sep-04,2005,No
358,259,Visa,Debit,4.82007E+15,may-23,694,YES,1,"$21,619",ene-16,2016,No
3814,300,Mastercard,Debit,5.80958E+15,dic-20,908,YES,1,"$32,704",jul-07,2008,No
4494,1967,Mastercard,Debit (Prepaid),5.36907E+15,ene-14,902,YES,1,$70,sep-98,2006,No
2243,1967,Amex,Credit,3.15254E+14,abr-12,103,NO,1,"$23,900",mar-10,2017,No
3367,1967,Visa,Debit,4.73821E+15,sep-20,383,YES,2,"$38,120",jun-07,2011,No
5088,1967,Mastercard,Debit,5.71833E+15,mar-19,487,YES,1,"$5,753",oct-07,2009,No
3463,434,Amex,Credit,3.86984E+14,ene-21,449,YES,2,"$15,500",jun-10,2012,No
885,434,Visa,Debit,4.00614E+15,abr-22,423,YES,2,"$21,916",ene-20,2020,No
886,434,Visa,Debit,4.40072E+15,feb-20,142,YES,1,"$25,579",ene-20,2020,No
1021,1076,Mastercard,Debit,5.61252E+15,jul-23,575,YES,1,"$16,144",feb-03,2011,No
5742,1076,Mastercard,Debit,5.08533E+15,may-24,720,NO,1,"$12,535",nov-19,2019,No
3027,1076,Visa,Credit,4.57998E+15,jun-20,13,YES,2,"$7,600",may-09,2013,No
3858,1076,Mastercard,Debit,5.28818E+15,dic-17,391,YES,1,"$14,514",jul-08,2008,No
2358,1076,Mastercard,Credit,5.41002E+15,ene-20,674,YES,2,"$7,500",mar-16,2016,No
6033,723,Visa,Credit,4.78356E+15,dic-22,606,YES,2,"$9,700",dic-10,2011,No
6071,723,Mastercard,Debit,5.98442E+15,feb-21,794,NO,1,"$18,450",dic-12,2012,No
3368,723,Visa,Debit (Prepaid),4.45552E+15,may-21,617,YES,1,$65,jun-07,2008,No
232,723,Mastercard,Debit,5.73719E+15,feb-23,310,YES,2,"$13,529",ene-10,2010,No
1206,723,Discover,Credit,6.15575E+15,dic-23,616,YES,1,"$10,300",feb-10,2013,No
3524,1398,Mastercard,Credit,5.06143E+15,sep-22,21,NO,1,"$20,100",jun-11,2012,No
200,1398,Mastercard,Debit (Prepaid),5.44679E+15,oct-24,287,NO,2,$61,ene-09,2016,No
5222,1398,Visa,Credit,4.78458E+15,sep-18,526,YES,2,"$18,100",oct-10,2010,No
4930,1398,Mastercard,Debit,5.22525E+15,dic-24,71,YES,2,"$34,731",oct-97,2011,No
216,1398,Visa,Debit,4.29069E+15,sep-16,32,YES,1,"$23,392",ene-09,2011,No
3008,1464,Mastercard,Debit (Prepaid),5.93058E+15,mar-20,601,YES,2,$52,may-09,2012,No
3677,1464,Mastercard,Debit,5.35708E+15,jun-20,131,YES,2,"$24,129",jul-02,2018,No
3432,1505,Mastercard,Debit,5.06099E+15,feb-21,181,NO,1,"$27,847",jun-09,2011,No
1686,1505,Mastercard,Credit,5.19784E+15,dic-22,763,YES,1,"$12,100",feb-20,2020,No
2446,1130,Mastercard,Debit,5.81338E+15,feb-21,778,YES,1,"$15,847",abr-03,2010,No
92,1130,Amex,Credit,3.66703E+14,ene-24,3,YES,1,"$13,500",ene-06,2010,No
4004,1130,Visa,Credit,4.83117E+15,jul-22,704,YES,2,"$11,400",jul-12,2012,No
2667,62,Visa,Debit,4.51117E+15,ago-22,468,YES,2,"$5,520",abr-10,2010,No
3369,62,Visa,Debit,4.22834E+15,jun-23,445,NO,1,"$1,559",jun-07,2010,No
3262,62,Visa,Debit,4.1293E+15,jun-22,296,YES,2,"$11,836",jun-03,2015,No
55,62,Mastercard,Debit,5.96655E+15,sep-24,577,YES,1,"$19,211",ene-04,2015,No
5138,62,Visa,Debit,4.98463E+15,ago-19,910,YES,2,"$5,909",oct-08,2012,No
2425,62,Visa,Debit,4.88849E+15,abr-18,40,YES,2,"$16,410",abr-01,2011,No
5142,1623,Amex,Credit,3.36043E+14,abr-20,467,YES,1,"$13,300",oct-09,2009,No
4417,1623,Visa,Credit,4.8748E+15,nov-15,840,YES,2,"$9,300",ago-13,2013,No
1687,1623,Mastercard,Credit,5.43042E+15,feb-20,262,YES,2,"$7,200",feb-20,2020,No
6061,1416,Visa,Credit,4.31739E+15,jul-22,837,YES,1,"$11,900",dic-11,2011,No
4891,1416,Visa,Credit,4.95941E+15,abr-23,714,YES,2,"$10,500",sep-15,2015,No
2363,1416,Mastercard,Debit,5.25434E+15,ago-18,492,YES,1,"$14,865",mar-17,2017,No
3779,1416,Mastercard,Debit,5.69499E+15,jun-20,517,YES,2,"$15,298",jul-06,2009,No
3204,1416,Mastercard,Debit,5.80456E+15,jun-20,32,YES,1,"$23,481",jun-96,2012,No
2951,1416,Visa,Credit,4.09314E+15,ene-22,231,YES,1,"$14,700",may-07,2014,No
3254,1416,Mastercard,Debit (Prepaid),5.76528E+15,jul-24,43,YES,2,$47,jun-03,2013,No
4644,1416,Mastercard,Debit,5.8042E+15,ago-23,21,YES,1,"$22,625",sep-07,2008,No
2160,1998,Visa,Debit (Prepaid),4.96982E+15,nov-22,756,YES,1,$110,mar-07,2007,No
4892,1998,Visa,Debit,4.13821E+15,jun-21,76,YES,1,$328,sep-15,2015,No
1258,1998,Visa,Credit,4.57367E+15,nov-20,452,YES,2,$100,feb-10,2011,No
3263,1299,Visa,Credit,4.5152E+15,oct-21,329,YES,2,"$8,800",jun-03,2016,No
3913,1299,Visa,Debit,4.37253E+15,nov-20,694,YES,1,"$3,942",jul-09,2016,No
6010,303,Mastercard,Debit,5.50585E+15,oct-21,658,YES,1,"$32,488",dic-10,2010,No
4194,303,Amex,Credit,3.87959E+14,ago-21,842,YES,1,"$20,000",ago-07,2020,No
149,303,Amex,Credit,3.3603E+14,oct-20,696,NO,1,"$14,500",ene-08,2011,No
4783,303,Mastercard,Debit,5.06432E+15,ene-23,109,YES,1,"$25,900",sep-10,2010,No
984,303,Visa,Credit,4.0773E+15,ene-22,537,YES,1,"$14,800",feb-00,2012,No
4824,303,Visa,Credit,4.5544E+15,feb-23,112,YES,2,"$15,600",sep-11,2011,No
2122,1138,Mastercard,Debit (Prepaid),5.57927E+15,feb-20,223,YES,2,$51,mar-06,2011,No
3139,1138,Visa,Credit,4.10335E+15,ago-22,996,YES,2,"$5,600",may-13,2013,No
5292,1138,Mastercard,Debit,5.78857E+15,ene-21,352,YES,2,"$13,235",oct-14,2014,No
5801,1750,Visa,Debit (Prepaid),4.99947E+15,feb-22,551,YES,2,$33,dic-03,2010,No
3714,1750,Mastercard,Debit,5.11747E+15,abr-20,950,YES,2,"$34,675",jul-04,2018,No
4476,1117,Visa,Debit,4.4162E+15,dic-20,143,YES,1,"$19,824",ago-18,2018,No
1162,1117,Visa,Debit,4.10172E+15,feb-20,388,YES,1,"$9,827",feb-08,2009,No
3827,1322,Visa,Credit,4.30399E+15,jul-24,515,YES,2,"$9,700",jul-07,2009,No
366,878,Amex,Credit,3.14665E+14,may-23,957,YES,2,"$5,400",ene-18,2018,No
2770,878,Mastercard,Debit,5.01637E+15,mar-18,313,YES,1,"$12,079",abr-17,2017,No
2290,609,Visa,Debit,4.162E+15,jul-20,851,YES,2,"$19,436",mar-11,2011,No
2892,609,Visa,Credit,4.97956E+15,ago-24,507,YES,2,"$10,600",may-05,2005,No
4215,609,Mastercard,Credit,5.39682E+15,mar-23,414,YES,1,"$9,600",ago-07,2011,No
641,761,Mastercard,Debit,5.26967E+15,abr-20,980,YES,1,"$17,500",ene-20,2020,No
1688,761,Mastercard,Debit,5.19076E+15,mar-20,810,YES,2,"$21,797",feb-20,2020,No
1689,761,Mastercard,Credit,5.7059E+15,jun-22,550,YES,1,"$16,700",feb-20,2020,No
409,761,Amex,Credit,3.1807E+14,dic-22,160,YES,1,"$8,800",ene-20,2020,No
4183,1313,Mastercard,Debit (Prepaid),5.98319E+15,may-21,265,YES,2,$87,ago-06,2016,No
4135,1313,Mastercard,Credit,5.53372E+15,sep-07,945,YES,2,"$6,000",ago-04,2010,No
3750,1558,Visa,Debit,4.83662E+15,jul-21,399,YES,2,"$10,182",jul-05,2011,No
4747,1558,Visa,Debit,4.11477E+15,mar-23,234,YES,1,"$2,566",sep-09,2012,No
642,399,Mastercard,Debit,5.10443E+15,sep-21,720,YES,1,"$25,693",ene-20,2020,No
4970,399,Mastercard,Debit,5.0347E+15,nov-20,154,YES,1,"$43,122",oct-02,2011,No
3696,325,Mastercard,Debit,5.41663E+15,mar-23,240,YES,2,"$5,793",jul-03,2013,No
5035,325,Visa,Debit,4.35502E+15,jul-23,864,YES,1,"$2,950",oct-05,2014,No
4019,325,Discover,Credit,6.63533E+15,mar-15,405,YES,1,"$6,600",jul-14,2014,No
2344,325,Mastercard,Debit,5.15765E+15,ene-21,61,YES,1,"$21,378",mar-15,2015,No
2843,689,Mastercard,Debit,5.13251E+15,dic-07,356,YES,1,"$29,283",may-03,2012,No
4486,1763,Visa,Debit,4.68071E+15,may-20,450,YES,1,"$12,220",sep-93,2011,No
4297,1763,Mastercard,Debit,5.3009E+15,mar-21,946,NO,1,"$30,096",ago-09,2009,No
643,1763,Mastercard,Debit,5.77352E+15,feb-20,656,YES,2,"$12,068",ene-20,2020,No
644,717,Mastercard,Debit,5.90321E+15,oct-24,288,YES,2,"$10,039",ene-20,2020,No
1690,717,Mastercard,Debit (Prepaid),5.70921E+15,feb-20,12,NO,2,$66,feb-20,2020,No
645,717,Mastercard,Debit,5.40845E+15,feb-20,466,YES,2,"$22,043",ene-20,2020,No
887,717,Visa,Debit (Prepaid),4.6684E+15,jun-22,651,YES,2,$56,ene-20,2020,No
5738,717,Mastercard,Credit,5.44428E+15,sep-23,74,YES,2,"$7,100",nov-18,2018,No
145,884,Visa,Debit,4.60334E+15,may-12,611,YES,2,"$1,112",ene-07,2013,No
2237,884,Visa,Debit,4.21939E+15,jul-23,676,YES,2,"$8,643",mar-09,2015,No
4748,884,Visa,Credit,4.37696E+15,nov-20,45,YES,1,"$8,800",sep-09,2012,No
1373,884,Mastercard,Debit (Prepaid),5.45719E+15,ago-24,138,YES,2,$68,feb-17,2017,No
1022,1701,Mastercard,Debit,5.65965E+15,jul-16,243,YES,1,"$6,949",feb-03,2008,No
5900,1701,Mastercard,Debit,5.04648E+15,nov-21,440,YES,2,"$8,169",dic-07,2007,No
3009,1701,Mastercard,Credit,5.17223E+15,dic-22,648,YES,1,"$6,400",may-09,2010,No
646,117,Mastercard,Debit (Prepaid),5.8585E+15,sep-23,491,NO,1,$45,ene-20,2020,No
647,117,Mastercard,Debit,5.20789E+15,ene-20,537,YES,2,"$14,759",ene-20,2020,No
1691,117,Mastercard,Debit,5.36546E+15,mar-21,127,YES,2,"$5,372",feb-20,2020,No
5466,126,Mastercard,Debit,5.87715E+15,dic-23,299,NO,1,"$12,059",nov-06,2008,No
2191,126,Mastercard,Debit,5.48696E+15,nov-13,963,YES,1,"$13,823",mar-08,2011,No
5497,126,Mastercard,Debit,5.11018E+15,abr-23,932,YES,1,"$13,555",nov-07,2011,No
5872,126,Visa,Debit,4.66247E+15,may-24,280,YES,2,"$7,991",dic-06,2009,No
2935,1051,Mastercard,Debit,5.6019E+15,feb-20,584,YES,1,"$25,935",may-07,2012,No
1692,1051,Mastercard,Credit,5.15854E+15,oct-21,471,YES,2,"$14,100",feb-20,2020,No
5988,462,Visa,Debit,4.34015E+15,sep-24,242,YES,1,"$18,290",dic-09,2015,No
2397,462,Visa,Debit,4.42869E+15,mar-22,698,YES,2,"$15,322",abr-94,2009,No
1259,462,Visa,Debit (Prepaid),4.26296E+15,ene-16,710,YES,1,$22,feb-10,2013,No
3957,462,Visa,Credit,4.95521E+15,nov-24,551,YES,2,"$5,700",jul-10,2010,No
76,462,Mastercard,Debit,5.13158E+15,abr-10,655,YES,2,"$26,303",ene-05,2008,No
1938,1454,Visa,Credit,4.26864E+15,ene-21,36,YES,2,"$12,400",feb-20,2020,No
1164,1454,Amex,Credit,3.79047E+14,nov-23,178,YES,1,"$8,200",feb-09,2009,No
4481,467,Mastercard,Debit,5.31864E+15,ene-21,925,YES,2,"$31,741",ago-19,2019,No
4278,467,Visa,Credit,4.11228E+15,jul-21,619,YES,2,"$14,500",ago-08,2010,No
3914,467,Visa,Credit,4.622E+15,mar-24,207,YES,2,"$11,200",jul-09,2011,No
2324,1802,Visa,Credit,4.64255E+15,feb-20,763,YES,2,"$8,400",mar-13,2013,No
5836,1802,Mastercard,Debit,5.18989E+15,oct-17,495,YES,2,"$36,920",dic-05,2011,No
5125,1563,Mastercard,Debit,5.01846E+15,nov-24,904,YES,3,"$1,129",oct-08,2012,No
3479,1563,Mastercard,Credit,5.37782E+15,nov-22,138,YES,1,"$2,900",jun-10,2010,No
4030,1563,Visa,Debit,4.72083E+15,abr-17,702,YES,2,"$11,902",jul-14,2014,No
2054,1563,Visa,Debit,4.79306E+15,oct-23,29,YES,1,"$9,290",mar-03,2009,No
1427,1235,Amex,Credit,3.895E+14,feb-24,391,YES,2,"$11,500",feb-20,2020,No
1693,587,Mastercard,Debit (Prepaid),5.20931E+15,sep-23,770,YES,1,$28,feb-20,2020,No
1694,587,Mastercard,Debit,5.89362E+15,may-23,56,YES,2,"$10,365",feb-20,2020,No
5259,709,Mastercard,Debit,5.95374E+15,dic-22,144,YES,1,"$27,123",oct-12,2012,No
6121,709,Mastercard,Debit,5.58513E+15,jul-21,782,YES,2,"$26,564",dic-16,2016,No
2747,709,Mastercard,Debit,5.81078E+15,oct-21,359,YES,2,"$19,915",abr-15,2015,No
888,1036,Visa,Debit,4.43186E+15,oct-22,165,YES,1,"$17,446",ene-20,2020,No
1939,1036,Visa,Debit,4.73275E+15,ago-21,29,YES,2,"$7,330",feb-20,2020,No
1292,372,Visa,Debit,4.3916E+15,jul-20,346,YES,2,"$10,876",feb-11,2011,No
64,929,Amex,Credit,3.75292E+14,mar-21,667,YES,2,"$36,200",ene-05,2007,No
2821,253,Visa,Credit,4.19821E+15,mar-21,480,YES,1,$800,may-01,2008,No
6143,253,Mastercard,Debit,5.48227E+15,jul-24,79,NO,1,"$24,690",dic-19,2019,No
146,1549,Visa,Debit (Prepaid),4.40294E+15,nov-19,585,NO,2,$85,ene-07,2018,No
4825,1549,Visa,Credit,4.00385E+15,ago-24,474,YES,2,"$8,800",sep-11,2011,No
3780,1549,Mastercard,Credit,5.68226E+15,abr-20,798,YES,1,"$14,200",jul-06,2009,No
3264,1549,Visa,Debit,4.44378E+15,jun-20,841,NO,2,"$40,920",jun-03,2015,No
4784,1549,Mastercard,Debit,5.83166E+15,sep-23,915,YES,1,"$29,936",sep-10,2011,No
5054,529,Mastercard,Debit (Prepaid),5.95153E+15,abr-21,427,YES,1,$73,oct-06,2009,No
5734,529,Visa,Debit,4.91521E+15,oct-22,886,YES,1,"$18,558",nov-17,2017,No
2621,529,Visa,Credit,4.066E+15,ene-24,446,YES,1,"$9,300",abr-09,2013,No
3114,529,Amex,Credit,3.4864E+14,jun-24,591,YES,1,"$4,500",may-12,2012,No
183,1306,Visa,Debit,4.84063E+15,sep-23,686,YES,2,"$17,120",ene-08,2017,No
4610,1306,Mastercard,Credit,5.60092E+15,mar-24,252,YES,1,$0,sep-06,2010,No
5901,1798,Mastercard,Debit,5.25578E+15,abr-22,678,YES,1,"$14,162",dic-07,2015,No
4656,1798,Amex,Credit,3.56971E+14,ago-23,531,YES,1,"$9,000",sep-08,2008,No
1940,389,Visa,Debit,4.8984E+15,jul-21,574,YES,1,"$18,699",feb-20,2020,No
1695,389,Mastercard,Debit,5.85402E+15,abr-24,531,YES,2,"$13,979",feb-20,2020,No
648,389,Mastercard,Debit,5.52071E+15,dic-23,197,YES,1,"$22,218",ene-20,2020,No
356,1829,Mastercard,Debit,5.99398E+15,ene-21,784,NO,1,"$19,884",ene-16,2016,No
649,1829,Mastercard,Credit,5.69326E+15,feb-20,823,YES,1,"$10,700",ene-20,2020,No
1696,1829,Mastercard,Credit,5.34435E+15,jul-24,361,YES,1,"$6,600",feb-20,2020,No
650,1392,Mastercard,Debit,5.40906E+15,mar-21,923,NO,2,"$12,014",ene-20,2020,No
889,1392,Visa,Debit,4.35123E+15,jun-23,288,YES,2,"$8,227",ene-20,2020,No
651,1392,Mastercard,Credit,5.55087E+15,jul-22,556,YES,2,"$10,100",ene-20,2020,No
1941,1949,Visa,Debit (Prepaid),4.73972E+15,ago-21,229,YES,1,$38,feb-20,2020,No
359,1881,Visa,Debit,4.58435E+15,mar-21,249,YES,2,"$18,548",ene-16,2016,No
1036,1881,Mastercard,Debit,5.30159E+15,mar-04,529,YES,1,"$19,030",feb-04,2007,No
2540,1881,Mastercard,Debit (Prepaid),5.44995E+15,oct-09,208,YES,1,$94,abr-07,2009,No
5318,1881,Visa,Debit,4.52401E+15,dic-23,4,YES,1,"$17,583",oct-16,2016,No
2554,1881,Visa,Debit,4.59202E+15,sep-21,501,YES,1,"$20,943",abr-07,2008,No
4653,1881,Visa,Credit,4.90865E+15,abr-20,24,YES,2,"$15,800",sep-07,2013,No
410,1706,Amex,Credit,3.48112E+14,sep-21,246,YES,1,"$7,300",ene-20,2020,No
4420,1706,Amex,Credit,3.75448E+14,ene-16,91,YES,1,"$10,600",ago-14,2014,No
3915,848,Visa,Debit,4.35419E+15,ene-20,120,YES,1,"$19,113",jul-09,2014,No
5423,848,Amex,Credit,3.49882E+14,ene-23,647,YES,1,"$13,700",nov-05,2008,No
3938,1044,Mastercard,Debit,5.93423E+15,may-20,173,YES,2,"$16,317",jul-10,2011,No
3065,1112,Mastercard,Credit,5.78323E+15,feb-15,872,YES,1,"$6,000",may-10,2016,No
5848,1112,Visa,Debit,4.08752E+15,may-20,91,YES,2,"$4,909",dic-05,2007,No
4330,1112,Mastercard,Debit,5.62256E+15,ago-13,409,YES,2,"$14,702",ago-10,2010,No
652,1112,Mastercard,Debit,5.91299E+15,jun-20,291,YES,1,"$10,896",ene-20,2020,No
653,1112,Mastercard,Debit,5.6264E+15,abr-23,678,YES,1,"$3,526",ene-20,2020,No
5202,1112,Mastercard,Debit,5.32992E+15,mar-24,300,YES,2,"$10,083",oct-10,2010,No
5432,802,Mastercard,Credit,5.4443E+15,feb-24,480,YES,2,"$18,300",nov-05,2014,No
2291,802,Visa,Credit,4.63745E+15,may-21,107,YES,2,"$21,400",mar-11,2011,No
5293,802,Mastercard,Debit,5.5647E+15,oct-24,739,YES,1,"$20,886",oct-14,2014,No
5676,802,Mastercard,Debit,5.90726E+15,jul-24,645,YES,1,"$27,701",nov-12,2012,No
233,859,Mastercard,Credit,5.75303E+15,sep-23,224,YES,2,"$8,800",ene-10,2010,No
2304,859,Mastercard,Debit,5.22442E+15,jul-21,724,YES,2,"$20,354",mar-12,2012,No
4014,859,Visa,Debit,4.31867E+15,oct-20,37,YES,2,"$14,695",jul-13,2013,No
3480,859,Mastercard,Debit,5.94721E+15,mar-24,807,YES,2,"$16,783",jun-10,2011,No
5223,441,Visa,Debit,4.13587E+15,dic-24,486,YES,1,"$21,087",oct-10,2016,No
4433,879,Mastercard,Debit,5.79896E+15,sep-24,304,YES,1,"$10,966",ago-14,2014,No
4500,879,Visa,Debit,4.98886E+15,ago-24,244,YES,2,"$12,184",sep-99,2010,No
2192,879,Mastercard,Credit,5.67424E+15,mar-24,955,YES,1,"$5,100",mar-08,2015,No
1942,1437,Visa,Debit,4.85476E+15,feb-20,239,YES,2,"$30,404",feb-20,2020,No
6062,1437,Visa,Debit,4.03538E+15,abr-22,750,YES,2,"$13,193",dic-11,2011,No
4385,1437,Visa,Credit,4.50484E+15,jul-23,344,YES,1,"$11,400",ago-11,2019,No
5818,1437,Mastercard,Debit,5.80929E+15,may-21,79,YES,2,"$16,959",dic-04,2014,No
3195,1413,Mastercard,Debit,5.13518E+15,sep-24,832,YES,1,"$14,927",may-17,2017,No
2754,1413,Visa,Debit,4.79357E+15,dic-24,45,NO,1,"$13,760",abr-15,2015,No
2255,1413,Mastercard,Debit,5.87582E+15,abr-21,269,YES,2,"$17,023",mar-10,2011,No
1104,1413,Discover,Credit,6.94568E+15,oct-20,816,YES,1,"$6,500",feb-07,2014,No
4673,1413,Mastercard,Debit,5.7039E+15,nov-10,436,YES,2,"$15,562",sep-08,2016,No
1182,1710,Mastercard,Debit,5.13095E+15,dic-23,342,YES,2,"$17,611",feb-09,2011,No
3502,1710,Visa,Credit,4.9459E+15,may-21,82,YES,1,"$11,700",jun-10,2014,No
1363,1710,Discover,Credit,6.44963E+15,nov-20,985,YES,1,"$6,600",feb-16,2016,No
3353,1037,Mastercard,Debit,5.28199E+15,abr-20,313,YES,2,"$4,230",jun-07,2008,No
1303,1037,Mastercard,Credit,5.66989E+15,jun-13,518,YES,2,"$7,500",feb-12,2012,No
654,966,Mastercard,Debit,5.61223E+15,oct-22,458,YES,2,"$1,077",ene-20,2020,No
655,107,Mastercard,Debit (Prepaid),5.73867E+15,sep-21,427,YES,1,$98,ene-20,2020,No
2150,107,Mastercard,Credit,5.52718E+15,sep-07,561,YES,1,"$5,500",mar-07,2015,No
2708,107,Visa,Credit,4.71043E+15,abr-15,958,YES,2,"$5,500",abr-12,2012,No
5349,107,Mastercard,Debit,5.0693E+15,oct-22,922,NO,2,"$9,898",nov-96,2011,No
255,107,Visa,Debit (Prepaid),4.66439E+15,mar-22,796,NO,1,$66,ene-10,2011,No
2065,1247,Mastercard,Debit,5.287E+15,oct-22,799,NO,2,"$13,095",mar-04,2018,No
1073,1247,Visa,Debit,4.02223E+15,may-21,90,YES,1,"$30,822",feb-05,2015,No
3370,1247,Visa,Debit,4.30366E+15,abr-23,673,YES,2,"$16,764",jun-07,2007,No
5837,1247,Mastercard,Credit,5.06494E+15,may-22,742,NO,2,"$5,700",dic-05,2010,No
5686,1247,Mastercard,Debit,5.90515E+15,jul-23,407,YES,1,"$18,482",nov-13,2013,No
890,700,Visa,Debit (Prepaid),4.94053E+15,oct-20,374,YES,2,$33,ene-20,2020,No
891,1363,Visa,Debit,4.42986E+15,ene-20,404,YES,2,"$21,692",ene-20,2020,No
656,1363,Mastercard,Credit,5.60739E+15,abr-23,557,YES,1,"$11,200",ene-20,2020,No
657,10,Mastercard,Debit,5.68676E+15,mar-22,113,YES,1,"$24,602",ene-20,2020,No
3405,10,Visa,Debit,4.23602E+15,oct-16,326,YES,2,"$44,390",jun-08,2009,No
3296,1725,Mastercard,Debit,5.19722E+15,ene-21,955,YES,2,"$30,950",jun-05,2020,No
4998,1725,Visa,Debit,4.19306E+15,jun-23,602,YES,1,"$4,723",oct-03,2011,No
2238,1725,Visa,Debit,4.87236E+15,may-21,17,YES,1,"$12,325",mar-09,2009,No
2814,1725,Mastercard,Debit (Prepaid),5.56668E+15,feb-10,454,YES,2,$15,may-01,2009,No
4999,1725,Visa,Debit,4.11927E+15,sep-22,247,YES,2,"$28,166",oct-03,2015,No
3525,1725,Mastercard,Debit,5.81033E+15,dic-24,932,YES,1,"$14,056",jun-11,2011,No
6011,1145,Mastercard,Debit,5.35063E+15,nov-24,382,YES,1,"$35,169",dic-10,2012,No
4331,1145,Mastercard,Credit,5.30974E+15,mar-22,728,YES,1,"$17,500",ago-10,2011,No
5444,1145,Visa,Debit (Prepaid),4.44304E+15,mar-12,861,YES,2,$33,nov-05,2010,No
2844,864,Mastercard,Credit,5.40475E+15,oct-21,943,NO,2,"$18,300",may-03,2008,No
3526,864,Mastercard,Credit,5.76689E+15,dic-22,9,YES,3,"$5,700",jun-11,2011,No
4802,864,Visa,Credit,4.54477E+15,sep-24,527,YES,1,"$19,100",sep-10,2015,No
3649,1357,Amex,Credit,3.36495E+14,nov-20,600,YES,2,"$11,100",jul-98,2016,No
5615,1357,Mastercard,Debit,5.54654E+15,feb-21,748,YES,2,"$2,833",nov-10,2013,No
2990,1357,Visa,Debit,4.58047E+15,abr-12,101,YES,1,"$12,833",may-08,2010,No
5105,1357,Amex,Credit,3.05834E+14,jul-24,198,YES,2,"$7,500",oct-08,2008,No
65,1357,Amex,Credit,3.02738E+14,abr-20,900,YES,2,"$14,600",ene-05,2014,No
4611,1357,Mastercard,Debit (Prepaid),5.0426E+15,ago-17,909,YES,1,$100,sep-06,2014,No
4488,1357,Amex,Credit,3.23578E+14,jun-22,404,YES,1,"$8,000",sep-95,2003,No
1044,1344,Visa,Credit,4.93739E+15,may-21,20,YES,1,"$5,300",feb-04,2007,No
1027,1344,Visa,Debit,4.38659E+15,mar-23,765,YES,2,"$22,601",feb-03,2010,No
1697,1252,Mastercard,Debit,5.87384E+15,feb-20,759,YES,2,"$27,556",feb-20,2020,No
1943,1252,Visa,Debit (Prepaid),4.72581E+15,ago-20,276,YES,2,$29,feb-20,2020,No
1698,935,Mastercard,Debit,5.08198E+15,ene-22,860,YES,1,"$19,753",feb-20,2020,No
658,935,Mastercard,Debit,5.74353E+15,nov-20,702,YES,1,"$15,527",ene-20,2020,No
892,935,Visa,Debit,4.02561E+15,sep-20,547,NO,1,"$16,056",ene-20,2020,No
4349,1748,Visa,Debit,4.65883E+15,mar-20,222,YES,1,"$9,272",ago-10,2011,No
4971,1123,Mastercard,Credit,5.93606E+15,jul-20,739,YES,1,"$9,000",oct-02,2010,No
3010,1123,Mastercard,Debit (Prepaid),5.78993E+15,abr-21,833,YES,2,$83,may-09,2010,No
4350,1123,Visa,Debit,4.29294E+15,abr-16,106,YES,2,"$1,394",ago-10,2015,No
125,546,Amex,Credit,3.91489E+14,jun-20,195,YES,1,"$17,900",ene-07,2010,No
4813,546,Mastercard,Debit,5.92832E+15,ago-16,838,YES,2,"$2,559",sep-11,2011,No
4495,546,Mastercard,Debit,5.63293E+15,oct-23,688,YES,2,"$9,285",sep-98,2013,No
3433,430,Mastercard,Debit (Prepaid),5.2039E+15,ago-23,495,NO,2,$130,jun-09,2009,No
4351,430,Visa,Credit,4.78137E+15,feb-23,403,YES,1,"$13,400",ago-10,2010,No
150,430,Amex,Credit,3.20313E+14,ago-13,628,YES,1,"$9,200",ene-08,2009,No
5768,430,Visa,Credit,4.14879E+15,ago-22,50,YES,1,"$17,700",dic-00,2009,No
2860,430,Mastercard,Debit,5.34683E+15,oct-24,54,NO,2,"$37,634",may-04,2006,No
2265,61,Visa,Credit,4.75906E+15,ago-24,148,YES,1,"$25,200",mar-10,2020,No
2622,61,Visa,Debit,4.25144E+15,mar-21,177,YES,2,"$27,878",abr-09,2011,No
3503,61,Visa,Debit,4.87317E+15,dic-21,510,YES,2,"$19,264",jun-10,2010,No
5036,1621,Visa,Credit,4.6015E+15,abr-12,833,YES,1,"$17,000",oct-05,2016,No
1053,1621,Mastercard,Debit,5.82224E+15,dic-08,299,NO,2,"$14,681",feb-05,2012,No
2709,1621,Visa,Credit,4.03557E+15,abr-20,28,NO,3,"$25,100",abr-12,2012,No
2316,1621,Mastercard,Debit,5.25239E+15,feb-23,874,YES,2,"$54,842",mar-13,2013,No
1944,413,Visa,Credit,4.77588E+15,feb-20,411,YES,2,"$16,900",feb-20,2020,No
893,413,Visa,Credit,4.54471E+15,dic-20,4,YES,1,"$12,800",ene-20,2020,No
1699,269,Mastercard,Debit (Prepaid),5.70133E+15,jul-23,299,YES,1,$86,feb-20,2020,No
5332,269,Visa,Debit (Prepaid),4.84729E+15,oct-22,440,YES,1,$61,oct-18,2018,No
1945,269,Visa,Debit (Prepaid),4.11937E+15,abr-21,374,YES,1,$55,feb-20,2020,No
265,37,Discover,Credit,6.84538E+15,feb-24,943,YES,1,$0,ene-11,2011,No
1230,37,Mastercard,Debit,5.41752E+15,dic-22,737,YES,1,"$10,608",feb-10,2010,No
1183,37,Mastercard,Debit,5.34564E+15,feb-13,788,YES,1,"$16,315",feb-09,2010,No
659,37,Mastercard,Debit,5.5033E+15,feb-20,924,YES,1,"$20,587",ene-20,2020,No
4044,1793,Amex,Credit,3.20033E+14,sep-20,917,YES,2,"$7,300",jul-16,2016,No
290,1793,Visa,Debit (Prepaid),4.52502E+15,oct-22,425,YES,2,$60,ene-11,2011,No
4452,1793,Visa,Debit (Prepaid),4.31996E+15,ene-23,205,NO,1,$69,ago-15,2015,No
1700,1793,Mastercard,Debit (Prepaid),5.53887E+15,sep-23,671,YES,1,$90,feb-20,2020,No
5181,1846,Visa,Debit,4.70023E+15,oct-12,163,YES,1,"$11,714",oct-09,2014,No
1346,1846,Mastercard,Credit,5.61861E+15,dic-21,114,NO,2,"$6,400",feb-14,2014,No
2373,1846,Mastercard,Debit (Prepaid),5.30288E+15,ago-18,213,YES,1,$84,mar-18,2018,No
3297,1846,Mastercard,Credit,5.76232E+15,oct-22,722,NO,1,"$6,900",jun-05,2012,No
4899,116,Mastercard,Debit (Prepaid),5.23678E+15,oct-20,234,YES,1,$64,sep-16,2016,No
6072,116,Mastercard,Debit,5.46379E+15,dic-24,236,YES,2,"$37,377",dic-12,2012,No
5989,752,Visa,Debit,4.57125E+15,sep-22,588,YES,2,"$11,002",dic-09,2009,No
4105,752,Visa,Debit,4.04826E+15,jul-20,307,NO,2,"$19,765",ago-01,2009,No
2465,752,Mastercard,Credit,5.97105E+15,feb-18,191,NO,1,"$12,900",abr-04,2010,No
1701,1185,Mastercard,Debit,5.80252E+15,jul-21,566,YES,1,"$22,353",feb-20,2020,No
5990,683,Visa,Debit,4.99845E+15,mar-21,899,YES,2,"$28,696",dic-09,2009,No
4731,683,Mastercard,Credit,5.5872E+15,dic-23,661,YES,1,"$20,700",sep-09,2010,No
1054,683,Mastercard,Debit,5.07911E+15,feb-23,905,YES,1,"$14,868",feb-05,2013,No
4279,683,Visa,Debit (Prepaid),4.20615E+15,dic-12,9,YES,1,$78,ago-08,2008,No
6012,683,Mastercard,Debit,5.52115E+15,may-20,641,YES,2,"$1,633",dic-10,2012,No
1428,903,Amex,Credit,3.30491E+14,nov-24,856,YES,1,"$15,700",feb-20,2020,No
1702,903,Mastercard,Debit (Prepaid),5.78909E+15,abr-23,492,YES,2,$60,feb-20,2020,No
1946,903,Visa,Debit,4.3963E+15,ago-23,768,YES,2,"$5,222",feb-20,2020,No
1947,903,Visa,Debit,4.3168E+15,jul-22,145,YES,1,"$14,897",feb-20,2020,No
1703,903,Mastercard,Credit,5.27061E+15,dic-21,99,YES,2,"$10,500",feb-20,2020,No
5902,559,Mastercard,Debit,5.57919E+15,abr-22,880,YES,1,"$17,130",dic-07,2011,No
1093,559,Mastercard,Debit,5.01728E+15,may-22,246,YES,2,"$9,852",feb-06,2012,No
2193,1338,Mastercard,Debit,5.50768E+15,sep-20,227,YES,1,"$20,479",mar-08,2008,No
2194,1338,Mastercard,Debit (Prepaid),5.14707E+15,sep-11,725,YES,1,$100,mar-08,2011,No
3099,75,Mastercard,Credit,5.68904E+15,oct-21,551,YES,2,"$9,200",may-11,2011,No
2227,75,Mastercard,Debit,5.12248E+15,may-20,133,YES,1,"$17,314",mar-09,2011,No
3781,75,Mastercard,Debit,5.30404E+15,sep-23,849,YES,1,"$20,605",jul-06,2011,No
4113,75,Discover,Credit,6.79812E+15,may-24,373,NO,2,"$9,500",ago-03,2005,No
1453,861,Discover,Credit,6.54659E+15,feb-20,99,YES,2,"$10,600",feb-20,2020,No
4078,100,Mastercard,Debit,5.5611E+15,dic-23,957,YES,1,"$34,065",jul-19,2019,No
2571,100,Mastercard,Credit,5.05175E+15,mar-16,195,YES,1,"$16,200",abr-08,2013,No
2208,100,Visa,Debit (Prepaid),4.73048E+15,dic-24,114,YES,2,$2,mar-08,2010,No
1045,100,Visa,Debit,4.08435E+15,abr-22,536,YES,1,"$26,714",feb-04,2010,No
5000,100,Visa,Debit,4.60043E+15,ene-20,674,YES,2,"$41,084",oct-03,2012,No
3782,100,Mastercard,Debit,5.70601E+15,may-08,360,YES,2,"$11,392",jul-06,2015,No
5903,100,Mastercard,Debit,5.12141E+15,oct-22,799,YES,2,"$21,205",dic-07,2011,No
3148,1140,Mastercard,Debit,5.55408E+15,jul-22,695,YES,2,"$22,409",may-14,2014,No
660,1140,Mastercard,Debit,5.9112E+15,nov-20,172,YES,1,"$26,275",ene-20,2020,No
3873,1140,Visa,Debit (Prepaid),4.35172E+15,ago-20,218,YES,1,$74,jul-08,2011,No
2845,1140,Mastercard,Debit,5.15224E+15,jul-23,469,NO,2,"$27,298",may-03,2007,No
2195,1140,Mastercard,Debit (Prepaid),5.9679E+15,ago-24,949,YES,1,$61,mar-08,2010,No
41,1140,Mastercard,Credit,5.58671E+15,jul-22,232,YES,2,"$17,000",ene-03,2009,No
411,531,Amex,Credit,3.34782E+14,sep-23,660,YES,1,"$6,700",ene-20,2020,No
1948,531,Visa,Credit,4.96989E+15,oct-22,58,YES,1,"$9,600",feb-20,2020,No
894,531,Visa,Debit,4.74652E+15,jul-20,959,YES,1,"$16,350",ene-20,2020,No
1704,279,Mastercard,Credit,5.20174E+15,mar-22,620,NO,2,"$8,500",feb-20,2020,No
1949,279,Visa,Debit,4.39097E+15,feb-20,260,YES,2,"$29,078",feb-20,2020,No
1129,362,Visa,Debit,4.38537E+15,sep-24,151,YES,2,"$11,868",feb-07,2015,No
5474,362,Visa,Debit,4.36282E+15,sep-24,272,YES,1,"$9,708",nov-06,2013,No
3740,362,Mastercard,Debit,5.84607E+15,nov-08,812,YES,2,"$16,541",jul-05,2011,No
117,1458,Visa,Debit,4.5297E+15,may-21,329,YES,1,"$10,982",ene-06,2011,No
5243,1458,Mastercard,Debit,5.01691E+15,jun-20,479,NO,2,"$11,094",oct-11,2011,No
895,1458,Visa,Credit,4.73335E+15,jul-20,265,YES,2,"$8,000",ene-20,2020,No
4814,1458,Mastercard,Debit,5.79382E+15,ene-20,210,YES,1,"$7,535",sep-11,2011,No
5741,976,Visa,Debit,4.09757E+15,jul-22,289,YES,1,"$24,296",nov-18,2018,No
6048,976,Mastercard,Debit,5.96665E+15,may-23,536,YES,1,"$20,816",dic-11,2011,No
2169,976,Discover,Credit,6.57478E+15,jun-22,509,YES,2,"$14,700",mar-08,2019,No
3455,976,Visa,Debit,4.44057E+15,abr-20,962,NO,2,"$17,145",jun-09,2010,No
4501,976,Visa,Debit,4.75261E+15,ago-22,162,YES,1,"$11,391",sep-99,2015,No
5677,71,Mastercard,Debit (Prepaid),5.01725E+15,jul-22,389,YES,2,$69,nov-12,2012,No
3481,71,Mastercard,Credit,5.34407E+15,may-12,462,YES,2,"$9,100",jun-10,2016,No
3354,375,Mastercard,Debit,5.49229E+15,ago-12,745,YES,2,"$22,137",jun-07,2007,No
5537,375,Mastercard,Debit,5.67323E+15,may-10,141,NO,1,"$13,698",nov-08,2010,No
2608,375,Mastercard,Debit,5.59477E+15,ene-20,541,YES,1,"$17,598",abr-09,2009,No
4580,403,Mastercard,Debit,5.52394E+15,jul-21,71,YES,1,"$6,957",sep-05,2011,No
3988,983,Visa,Debit,4.83279E+15,nov-21,588,YES,1,"$20,839",jul-11,2011,No
5333,983,Visa,Debit,4.48134E+15,oct-22,467,YES,1,"$28,004",oct-18,2018,No
5573,983,Mastercard,Debit,5.74302E+15,dic-09,138,YES,1,"$19,114",nov-09,2010,No
6049,983,Mastercard,Debit,5.14688E+15,jun-18,867,YES,2,"$13,657",dic-11,2011,No
1023,983,Mastercard,Debit,5.48663E+15,jul-22,125,YES,1,"$23,404",feb-03,2010,No
2151,435,Mastercard,Debit,5.32926E+15,mar-21,359,YES,2,"$4,898",mar-07,2015,No
2609,435,Mastercard,Debit,5.90365E+15,sep-20,25,NO,1,"$10,654",abr-09,2010,No
2572,542,Mastercard,Credit,5.60616E+15,ago-23,46,YES,2,"$6,600",abr-08,2016,No
4979,542,Amex,Credit,3.3348E+14,sep-20,392,NO,1,"$8,300",oct-03,2011,No
4195,542,Amex,Credit,3.7994E+14,nov-20,954,YES,2,"$12,300",ago-07,2012,No
2025,542,Mastercard,Credit,5.94128E+15,mar-24,128,YES,1,"$5,500",mar-01,2010,No
4311,542,Visa,Credit,4.88846E+15,oct-22,747,YES,1,"$5,900",ago-09,2010,No
4263,1090,Mastercard,Debit,5.83958E+15,jun-24,206,NO,1,"$26,404",ago-08,2011,No
3619,1090,Mastercard,Debit,5.62086E+15,ago-23,492,NO,1,"$18,773",jun-17,2017,No
4312,1090,Visa,Debit,4.53907E+15,feb-19,145,NO,2,"$21,087",ago-09,2009,No
1293,1090,Visa,Credit,4.66705E+15,may-23,952,YES,2,"$14,400",feb-11,2011,No
5445,1090,Visa,Credit,4.97332E+15,ago-24,586,YES,1,"$11,400",nov-05,2010,No
2799,60,Mastercard,Debit,5.71311E+15,feb-20,796,YES,1,"$11,159",may-98,2015,No
4581,60,Mastercard,Debit,5.40954E+15,abr-17,23,YES,1,"$10,233",sep-05,2017,No
5475,60,Visa,Debit (Prepaid),4.32671E+15,may-24,692,YES,3,$45,nov-06,2012,No
4544,60,Visa,Credit,4.37287E+15,nov-20,785,YES,2,"$6,400",sep-03,2010,No
4118,287,Mastercard,Debit,5.38435E+15,sep-23,549,YES,1,"$14,070",ago-03,2014,No
5783,287,Mastercard,Debit,5.29982E+15,dic-23,273,NO,2,"$2,159",dic-02,2006,No
3527,287,Mastercard,Debit,5.29176E+15,oct-20,269,YES,1,"$26,425",jun-11,2011,No
5498,1857,Mastercard,Debit,5.64273E+15,nov-18,405,YES,2,"$66,781",nov-07,2009,No
4418,1857,Visa,Debit,4.56837E+15,jul-23,983,YES,1,"$47,684",ago-13,2013,No
5089,1857,Mastercard,Credit,5.57157E+15,jul-24,126,YES,1,"$27,700",oct-07,2013,No
4015,1857,Visa,Credit,4.91531E+15,may-23,776,YES,2,"$10,700",jul-13,2013,No
896,1857,Visa,Debit,4.69844E+15,feb-21,414,YES,1,"$49,679",ene-20,2020,No
2473,1291,Visa,Credit,4.38111E+15,nov-23,51,YES,2,"$1,900",abr-04,2011,No
5139,1291,Visa,Debit,4.44895E+15,ene-21,687,YES,1,"$11,885",oct-08,2011,No
4785,408,Mastercard,Debit,5.33583E+15,feb-15,167,YES,2,$785,sep-10,2010,No
4960,408,Visa,Credit,4.74927E+15,mar-22,809,YES,2,"$6,900",oct-01,2011,No
2515,408,Visa,Debit,4.45079E+15,dic-18,502,YES,1,"$22,457",abr-06,2010,No
3528,173,Mastercard,Debit,5.07263E+15,ago-22,701,YES,2,"$14,701",jun-11,2011,No
3916,173,Visa,Debit (Prepaid),4.58936E+15,mar-23,207,YES,1,$3,jul-09,2020,No
981,173,Mastercard,Debit,5.6591E+15,feb-02,501,YES,2,"$23,502",feb-00,2020,No
3066,173,Mastercard,Debit (Prepaid),5.92698E+15,dic-21,508,YES,2,$44,may-10,2010,No
2228,1787,Mastercard,Debit,5.68696E+15,jun-22,257,YES,1,"$27,590",mar-09,2010,No
4826,1787,Visa,Debit,4.23004E+15,jul-24,872,YES,1,"$37,338",sep-11,2011,No
4645,1787,Mastercard,Credit,5.40975E+15,abr-23,806,YES,1,"$15,500",sep-07,2012,No
5849,1787,Visa,Debit,4.42037E+15,may-07,704,YES,2,"$33,807",dic-05,2008,No
4978,1787,Visa,Debit,4.0639E+15,oct-02,671,YES,2,"$24,056",oct-02,2009,No
3207,1787,Visa,Credit,4.61616E+15,oct-03,410,YES,2,"$11,400",jun-98,2007,No
990,1800,Mastercard,Debit (Prepaid),5.21417E+15,oct-11,254,YES,2,$37,feb-01,2004,No
1130,1800,Visa,Credit,4.27512E+15,ene-14,864,YES,1,"$11,000",feb-07,2010,No
5538,438,Mastercard,Debit,5.53886E+15,dic-23,664,YES,2,"$2,307",nov-08,2010,No
2623,438,Visa,Debit,4.76383E+15,dic-09,581,YES,2,"$10,362",abr-09,2015,No
5265,1988,Visa,Debit,4.35939E+15,oct-23,546,YES,1,"$37,318",oct-12,2012,No
4216,1988,Mastercard,Credit,5.05615E+15,dic-08,451,YES,1,"$22,800",ago-07,2007,No
2161,1988,Visa,Debit,4.16984E+15,may-21,899,YES,1,"$57,294",mar-07,2010,No
3100,1988,Mastercard,Debit,5.56597E+15,jul-24,877,YES,2,"$30,024",may-11,2011,No
6063,1988,Visa,Credit,4.61041E+15,oct-19,524,YES,2,"$37,400",dic-11,2011,No
1705,1143,Mastercard,Debit,5.31326E+15,ago-22,972,YES,2,"$21,147",feb-20,2020,No
2610,1250,Mastercard,Debit,5.24939E+15,feb-24,845,YES,1,"$11,857",abr-09,2011,No
5446,1250,Visa,Debit,4.45384E+15,sep-20,179,YES,1,"$21,148",nov-05,2011,No
5419,1250,Visa,Credit,4.48197E+15,sep-22,198,YES,1,"$7,500",nov-04,2016,No
4352,1250,Visa,Debit,4.0097E+15,abr-21,907,YES,2,"$16,261",ago-10,2016,No
2904,1250,Mastercard,Debit,5.69583E+15,dic-21,792,YES,2,"$14,116",may-06,2015,No
897,1767,Visa,Debit,4.19038E+15,mar-24,939,YES,1,"$23,677",ene-20,2020,No
898,1767,Visa,Debit (Prepaid),4.49557E+15,dic-20,474,YES,3,$69,ene-20,2020,No
201,1072,Mastercard,Debit,5.84048E+15,mar-20,155,NO,1,"$6,326",ene-09,2010,No
1706,1841,Mastercard,Debit,5.207E+15,jul-20,717,YES,2,"$12,461",feb-20,2020,No
1374,1841,Mastercard,Debit,5.98711E+15,abr-19,424,YES,2,"$17,386",feb-17,2017,No
1950,1841,Visa,Credit,4.076E+15,ene-24,180,NO,2,"$11,300",feb-20,2020,No
314,1202,Mastercard,Debit,5.90549E+15,oct-14,426,YES,1,$1,ene-13,2013,No
4438,1202,Visa,Debit,4.36713E+15,dic-23,935,NO,2,$1,ago-14,2014,No
2885,1202,Mastercard,Credit,5.6906E+15,ene-24,546,YES,2,$0,may-05,2012,No
1951,235,Visa,Debit,4.94301E+15,jun-24,641,YES,1,"$23,069",feb-20,2020,No
1333,235,Visa,Debit,4.87054E+15,abr-24,716,YES,1,"$15,578",feb-13,2013,No
5126,235,Mastercard,Debit,5.54126E+15,jun-15,131,YES,1,"$29,648",oct-08,2011,No
6064,235,Visa,Credit,4.11253E+15,oct-18,18,YES,1,"$25,300",dic-11,2017,No
4757,1766,Amex,Credit,3.04236E+14,ago-20,954,YES,1,"$8,200",sep-10,2012,No
3011,1766,Mastercard,Debit,5.55522E+15,may-23,871,YES,1,"$9,257",may-09,2009,No
3684,1766,Visa,Debit,4.4416E+15,jul-21,849,YES,1,$319,jul-02,2016,No
2066,1766,Mastercard,Debit,5.96025E+15,jun-24,91,YES,1,"$5,141",mar-04,2012,No
5665,1702,Visa,Debit,4.76516E+15,may-22,140,YES,2,"$23,343",nov-11,2011,No
5244,1702,Mastercard,Debit,5.75459E+15,nov-21,859,YES,2,"$18,624",oct-11,2011,No
2755,1702,Visa,Debit,4.04416E+15,jul-20,642,YES,1,"$15,145",abr-15,2015,No
2701,1702,Mastercard,Debit,5.71736E+15,feb-20,98,YES,2,"$22,787",abr-12,2012,No
5749,1702,Visa,Debit (Prepaid),4.93726E+15,may-23,873,YES,1,$94,dic-94,2011,No
4674,1142,Mastercard,Debit,5.11444E+15,feb-20,461,YES,2,"$43,984",sep-08,2013,No
4842,1142,Visa,Credit,4.38023E+15,sep-22,593,YES,2,"$20,600",sep-12,2012,No
4217,1142,Mastercard,Debit,5.95458E+15,nov-22,655,YES,2,"$29,144",ago-07,2010,No
4368,1653,Mastercard,Debit,5.62999E+15,nov-24,116,YES,2,"$25,613",ago-11,2016,No
1707,1982,Mastercard,Debit,5.97967E+15,feb-20,983,YES,2,"$24,954",feb-20,2020,No
3482,1982,Mastercard,Debit,5.91957E+15,oct-24,306,YES,1,"$24,638",jun-10,2010,No
899,1423,Visa,Credit,4.82448E+15,ene-24,450,YES,2,"$3,400",ene-20,2020,No
5863,48,Mastercard,Debit (Prepaid),5.64039E+15,may-21,10,YES,2,$79,dic-06,2020,No
3456,48,Visa,Debit,4.45692E+15,mar-24,483,YES,2,"$10,099",jun-09,2013,No
1294,48,Visa,Debit,4.44138E+15,dic-22,568,YES,2,"$15,018",feb-11,2011,No
6110,1582,Mastercard,Debit,5.26677E+15,oct-21,593,YES,2,"$31,292",dic-15,2015,No
5637,656,Visa,Debit,4.10508E+15,jun-24,789,YES,2,"$25,639",nov-10,2010,No
900,500,Visa,Debit,4.43127E+15,sep-24,45,YES,1,"$21,955",ene-20,2020,No
901,500,Visa,Debit,4.00516E+15,mar-20,501,YES,1,"$16,319",ene-20,2020,No
661,500,Mastercard,Debit,5.44499E+15,ene-21,632,YES,2,"$14,679",ene-20,2020,No
4049,1862,Visa,Credit,4.49557E+15,sep-23,778,YES,2,"$10,200",jul-16,2016,No
1708,1850,Mastercard,Debit,5.75619E+15,jul-22,627,YES,2,"$8,653",feb-20,2020,No
4702,1808,Visa,Credit,4.98239E+15,ago-21,536,YES,2,"$9,100",sep-08,2008,No
1952,1808,Visa,Credit,4.71995E+15,jun-21,185,YES,2,"$4,100",feb-20,2020,No
662,1808,Mastercard,Credit,5.85521E+15,nov-22,32,NO,2,"$10,200",ene-20,2020,No
1184,1808,Mastercard,Debit,5.651E+15,abr-22,421,YES,2,"$12,736",feb-09,2014,No
4264,277,Mastercard,Debit,5.73376E+15,dic-23,487,YES,1,"$12,930",ago-08,2008,No
4038,277,Mastercard,Debit,5.89823E+15,abr-24,150,YES,1,"$12,457",jul-15,2015,No
2350,277,Visa,Debit (Prepaid),4.59185E+15,oct-20,593,YES,1,$145,mar-15,2015,No
5362,277,Discover,Credit,6.93204E+15,mar-20,285,YES,1,"$8,600",nov-00,2014,No
5864,277,Mastercard,Debit,5.94862E+15,mar-16,985,NO,2,"$14,098",dic-06,2009,No
1953,1716,Visa,Credit,4.03136E+15,jul-21,632,YES,1,"$8,400",feb-20,2020,No
3552,516,Mastercard,Debit,5.44271E+15,nov-21,434,YES,1,"$16,679",jun-12,2012,No
2292,516,Visa,Debit,4.94944E+15,jul-18,240,YES,1,"$13,030",mar-11,2011,No
3406,516,Visa,Debit,4.97581E+15,jul-20,799,YES,2,"$14,611",jun-08,2008,No
1709,516,Mastercard,Debit,5.77739E+15,jul-24,168,YES,2,"$11,740",feb-20,2020,No
1710,620,Mastercard,Debit,5.32041E+15,may-21,18,YES,2,"$15,927",feb-20,2020,No
4084,159,Mastercard,Debit,5.2908E+15,oct-24,487,YES,1,"$14,178",ago-95,2010,No
3223,159,Discover,Credit,6.33757E+15,ago-14,827,YES,1,"$5,900",jun-01,2016,No
3815,159,Mastercard,Debit,5.50282E+15,jul-21,883,YES,2,"$13,955",jul-07,2008,No
1099,478,Visa,Credit,4.56456E+15,jul-22,200,YES,1,"$15,600",feb-06,2011,No
77,478,Mastercard,Debit (Prepaid),5.65907E+15,nov-23,602,YES,2,$10,ene-05,2011,No
135,478,Mastercard,Debit,5.83343E+15,feb-24,624,NO,3,"$19,263",ene-07,2011,No
5315,772,Mastercard,Debit,5.24765E+15,sep-21,162,YES,1,"$38,814",oct-16,2016,No
4858,772,Mastercard,Debit,5.07322E+15,dic-24,541,YES,1,"$15,297",sep-13,2013,No
3678,772,Mastercard,Debit (Prepaid),5.591E+15,may-23,390,YES,2,$62,jul-02,2011,No
3323,1537,Mastercard,Debit (Prepaid),5.03131E+15,ene-23,860,YES,2,$51,jun-06,2006,No
3584,1429,Mastercard,Debit,5.19273E+15,jun-24,461,YES,1,"$13,201",jun-14,2014,No
3140,1429,Visa,Debit,4.84669E+15,mar-15,677,YES,1,"$12,353",may-13,2013,No
3560,1429,Visa,Debit,4.98161E+15,feb-24,782,YES,1,"$18,223",jun-12,2012,No
2378,1429,Visa,Debit,4.28469E+15,feb-20,396,YES,1,"$18,757",mar-18,2018,No
15,1228,Mastercard,Debit,5.04701E+15,sep-24,300,YES,1,"$5,966",ene-00,2020,No
4332,1228,Mastercard,Credit,5.96178E+15,nov-24,810,YES,1,"$7,600",ago-10,2010,No
5273,1228,Mastercard,Debit,5.89844E+15,oct-22,793,YES,1,"$17,832",oct-13,2013,No
3333,1228,Visa,Debit,4.20023E+15,ene-22,587,YES,1,"$17,536",jun-06,2007,No
4419,1228,Visa,Debit,4.49908E+15,feb-21,551,NO,1,"$30,393",ago-13,2013,No
2162,991,Visa,Credit,4.34594E+15,ago-07,391,YES,1,"$3,100",mar-07,2008,No
902,1249,Visa,Credit,4.55429E+15,feb-20,7,YES,2,"$8,700",ene-20,2020,No
4162,1242,Mastercard,Credit,5.68463E+15,may-20,396,YES,1,"$6,200",ago-05,2010,No
5102,1242,Visa,Credit,4.24329E+15,sep-24,603,YES,1,"$7,400",oct-07,2019,No
4472,1759,Mastercard,Debit,5.58258E+15,ene-24,605,YES,2,"$14,801",ago-18,2018,No
2893,1759,Visa,Credit,4.17461E+15,oct-24,977,YES,2,"$11,000",may-05,2020,No
4478,1759,Amex,Credit,3.50118E+14,may-20,754,YES,2,"$9,900",ago-19,2019,No
377,1759,Visa,Debit,4.05676E+15,jun-23,343,YES,2,"$15,773",ene-18,2018,No
4232,1759,Visa,Debit,4.07658E+15,abr-24,992,YES,1,"$18,365",ago-07,2010,No
266,1759,Discover,Credit,6.45174E+15,oct-23,409,YES,1,"$12,300",ene-11,2011,No
4502,1058,Visa,Debit,4.10685E+15,jun-20,205,YES,1,"$15,721",sep-99,2011,No
1102,1058,Amex,Credit,3.03085E+14,sep-23,130,YES,1,"$7,100",feb-07,2009,No
3588,1058,Visa,Credit,4.9707E+15,ago-14,312,YES,2,"$8,000",jun-14,2014,No
4102,1058,Mastercard,Credit,5.64335E+15,jun-20,64,YES,1,"$7,800",ago-01,2013,No
277,1730,Mastercard,Debit,5.01692E+15,dic-20,869,YES,1,"$25,429",ene-11,2011,No
357,1730,Mastercard,Debit,5.61879E+15,feb-21,271,YES,1,"$16,925",ene-16,2016,No
5281,1730,Visa,Debit,4.08404E+15,jun-23,24,YES,1,"$19,450",oct-13,2013,No
1711,1632,Mastercard,Debit,5.69416E+15,oct-21,775,YES,2,"$2,264",feb-20,2020,No
903,1632,Visa,Debit,4.06855E+15,ene-20,884,YES,1,"$15,914",ene-20,2020,No
1954,1632,Visa,Debit (Prepaid),4.27321E+15,feb-22,536,YES,1,$58,feb-20,2020,No
904,1632,Visa,Debit,4.21085E+15,may-24,812,NO,1,"$22,944",ene-20,2020,No
5971,1224,Mastercard,Debit,5.93381E+15,ene-23,824,NO,1,"$21,908",dic-09,2009,No
3874,1224,Visa,Credit,4.54944E+15,mar-22,975,YES,2,"$15,700",jul-08,2011,No
905,1224,Visa,Credit,4.4255E+15,oct-24,933,YES,1,$0,ene-20,2020,No
2412,1224,Visa,Credit,4.1445E+15,may-24,73,YES,1,"$14,800",abr-00,2007,No
2163,1940,Visa,Credit,4.59765E+15,feb-20,245,YES,2,"$5,700",mar-07,2010,No
3859,1940,Mastercard,Credit,5.4054E+15,feb-20,44,YES,2,"$9,100",jul-08,2008,No
4218,1940,Mastercard,Debit,5.53686E+15,may-24,575,YES,2,"$8,993",ago-07,2010,No
5451,1940,Discover,Credit,6.22203E+15,jun-23,688,YES,1,"$8,000",nov-06,2009,No
3230,1940,Visa,Debit,4.91041E+15,feb-21,257,NO,2,$311,jun-01,2011,No
663,1132,Mastercard,Credit,5.98851E+15,nov-20,754,YES,2,"$9,700",ene-20,2020,No
1712,1132,Mastercard,Debit,5.94814E+15,jul-21,785,YES,1,"$23,399",feb-20,2020,No
217,895,Visa,Credit,4.41917E+15,nov-23,167,YES,1,"$10,300",ene-09,2013,No
3483,895,Mastercard,Debit,5.67004E+15,may-24,368,NO,2,"$12,100",jun-10,2015,No
1116,895,Mastercard,Debit (Prepaid),5.49087E+15,oct-18,222,YES,2,$49,feb-07,2017,No
4333,1556,Mastercard,Debit,5.22539E+15,sep-23,891,YES,2,"$24,772",ago-10,2010,No
1955,1556,Visa,Credit,4.96532E+15,mar-21,413,YES,2,"$15,300",feb-20,2020,No
2972,1556,Mastercard,Debit (Prepaid),5.49759E+15,jul-22,306,YES,2,$55,may-08,2008,No
412,1556,Amex,Credit,3.84781E+14,feb-20,476,YES,2,"$11,200",ene-20,2020,No
664,1025,Mastercard,Credit,5.09879E+15,jul-20,488,YES,2,"$7,800",ene-20,2020,No
1713,1025,Mastercard,Debit,5.94859E+15,feb-20,386,YES,1,"$13,558",feb-20,2020,No
906,1025,Visa,Credit,4.65511E+15,sep-21,146,YES,1,"$8,500",ene-20,2020,No
1956,1025,Visa,Debit,4.47124E+15,feb-22,368,YES,2,"$11,237",feb-20,2020,No
2075,1972,Amex,Credit,3.82031E+14,ago-12,412,NO,2,"$6,000",mar-05,2013,No
5539,1972,Mastercard,Debit,5.89157E+15,sep-22,563,YES,1,$957,nov-08,2012,No
5321,1972,Amex,Credit,3.37919E+14,feb-20,7,YES,2,"$4,000",oct-17,2017,No
2466,1972,Mastercard,Credit,5.56621E+15,mar-24,115,YES,1,"$4,900",abr-04,2004,No
4041,86,Visa,Debit,4.29344E+15,abr-22,847,YES,1,"$7,967",jul-15,2015,No
3178,86,Mastercard,Debit,5.73889E+15,jun-19,261,YES,2,"$12,490",may-16,2016,No
907,86,Visa,Debit,4.64055E+15,jul-20,972,YES,2,"$9,043",ene-20,2020,No
1957,344,Visa,Debit,4.24184E+15,dic-22,229,YES,2,"$1,663",feb-20,2020,No
665,344,Mastercard,Debit,5.94389E+15,jun-22,355,YES,2,"$7,283",ene-20,2020,No
666,344,Mastercard,Debit,5.96632E+15,ene-21,442,YES,1,"$23,750",ene-20,2020,No
164,1189,Mastercard,Credit,5.19478E+15,jul-20,83,NO,1,"$8,100",ene-08,2015,No
1958,1189,Visa,Credit,4.74534E+15,oct-23,273,YES,2,"$11,800",feb-20,2020,No
4556,1189,Mastercard,Credit,5.73909E+15,mar-06,905,YES,1,"$15,200",sep-04,2014,No
2067,1189,Mastercard,Debit,5.72177E+15,oct-24,877,YES,2,"$1,633",mar-04,2011,No
6115,921,Visa,Debit,4.81603E+15,nov-23,163,YES,1,"$22,704",dic-15,2015,No
3537,921,Visa,Debit,4.22663E+15,oct-24,874,YES,1,"$24,069",jun-11,2011,No
3457,921,Visa,Debit,4.31973E+15,may-20,720,YES,1,"$35,073",jun-09,2009,No
4646,921,Mastercard,Debit,5.60734E+15,jul-23,833,YES,2,"$17,731",sep-07,2011,No
2541,921,Mastercard,Debit,5.53536E+15,abr-21,557,YES,1,"$33,980",abr-07,2010,No
3135,921,Mastercard,Debit,5.41566E+15,mar-24,112,YES,1,"$41,714",may-13,2013,No
2718,921,Mastercard,Debit,5.8384E+15,jun-24,439,NO,1,"$21,466",abr-13,2013,No
4675,921,Mastercard,Debit,5.57061E+15,feb-24,572,YES,1,"$30,547",sep-08,2008,No
5873,393,Visa,Debit,4.6712E+15,feb-24,89,YES,2,"$9,752",dic-06,2008,No
1055,1254,Mastercard,Debit (Prepaid),5.1178E+15,oct-22,845,YES,1,$114,feb-05,2009,No
6013,1254,Mastercard,Debit,5.48834E+15,nov-14,689,YES,2,"$14,934",dic-10,2010,No
5616,1254,Mastercard,Debit,5.1419E+15,nov-24,270,YES,1,"$20,294",nov-10,2010,No
1959,1254,Visa,Debit,4.08666E+15,nov-22,113,NO,2,"$20,674",feb-20,2020,No
2510,1254,Mastercard,Credit,5.80787E+15,may-21,343,YES,2,"$14,000",abr-06,2007,No
4145,212,Visa,Debit,4.02628E+15,feb-23,204,YES,2,"$9,310",ago-04,2009,No
908,212,Visa,Debit (Prepaid),4.11916E+15,ene-22,989,YES,1,$60,ene-20,2020,No
1074,212,Visa,Credit,4.9376E+15,ene-09,747,YES,1,"$10,200",feb-05,2008,No
2209,212,Visa,Debit,4.96067E+15,abr-10,645,YES,2,"$9,477",mar-08,2014,No
2418,212,Mastercard,Debit,5.11027E+15,ago-24,532,YES,2,"$6,795",abr-01,2009,No
4052,212,Amex,Credit,3.88351E+14,jul-23,188,YES,2,$900,jul-17,2017,No
991,1262,Mastercard,Debit,5.19513E+15,jul-20,542,YES,2,"$4,747",feb-01,2012,No
3324,1262,Mastercard,Debit,5.38497E+15,abr-22,569,YES,1,"$15,702",jun-06,2007,No
2432,1262,Mastercard,Debit,5.39174E+15,ene-17,80,YES,1,"$3,955",abr-02,2013,No
3794,122,Visa,Credit,4.23367E+15,mar-20,331,YES,2,"$8,200",jul-06,2013,No
2447,122,Mastercard,Credit,5.77257E+15,sep-20,678,YES,1,"$5,500",abr-03,2010,No
2034,122,Mastercard,Debit,5.6545E+15,oct-21,407,YES,3,"$15,774",mar-02,2007,No
2134,122,Visa,Credit,4.98242E+15,oct-23,669,YES,2,"$8,800",mar-06,2015,No
1382,1118,Visa,Debit,4.33619E+15,oct-24,795,NO,1,"$26,206",feb-18,2018,No
5274,1118,Mastercard,Debit,5.3819E+15,abr-21,179,YES,1,"$31,113",oct-13,2013,No
667,1118,Mastercard,Credit,5.41642E+15,feb-20,460,YES,1,"$21,100",ene-20,2020,No
362,1118,Visa,Credit,4.83309E+15,jun-23,461,YES,1,"$17,100",ene-17,2017,No
1960,1118,Visa,Debit,4.55438E+15,jun-20,561,YES,1,"$66,287",feb-20,2020,No
329,974,Mastercard,Credit,5.99821E+15,ago-20,214,YES,2,"$10,900",ene-14,2014,No
1131,974,Visa,Debit,4.93832E+15,jul-07,181,YES,1,"$36,271",feb-07,2010,No
2905,1274,Mastercard,Debit,5.67948E+15,mar-17,465,YES,2,"$5,391",may-06,2013,No
1075,1274,Visa,Debit,4.7994E+15,dic-20,310,YES,2,"$17,537",feb-05,2010,No
3200,1274,Amex,Credit,3.50212E+14,dic-24,981,YES,2,"$10,700",may-18,2018,No
3149,1274,Mastercard,Debit,5.97372E+15,sep-23,38,YES,1,"$18,573",may-14,2014,No
1714,1274,Mastercard,Debit,5.03699E+15,oct-24,867,YES,1,"$18,019",feb-20,2020,No
24,1274,Visa,Debit,4.18152E+15,abr-21,2,NO,2,"$15,160",ene-01,2007,No
234,1453,Mastercard,Debit,5.45316E+15,nov-11,732,YES,2,"$4,136",ene-10,2010,No
1117,1453,Mastercard,Debit,5.83617E+15,nov-24,80,YES,1,"$14,561",feb-07,2015,No
668,337,Mastercard,Debit (Prepaid),5.54024E+15,ene-24,40,YES,2,$86,ene-20,2020,No
3227,1023,Mastercard,Credit,5.07245E+15,jul-23,115,YES,2,"$17,100",jun-01,2011,No
3603,1903,Visa,Credit,4.786E+15,jul-15,707,YES,2,"$12,700",jun-15,2015,No
3568,1903,Mastercard,Debit,5.80971E+15,may-20,678,YES,1,"$54,517",jun-13,2013,No
2973,1903,Mastercard,Credit,5.9616E+15,may-21,233,YES,2,"$14,900",may-08,2008,No
3085,604,Amex,Credit,3.59466E+14,nov-24,426,YES,1,"$16,000",may-11,2011,No
4369,604,Mastercard,Debit,5.41576E+15,feb-20,464,NO,2,"$30,713",ago-11,2016,No
3434,604,Mastercard,Debit,5.40094E+15,nov-24,816,YES,2,"$33,158",jun-09,2013,No
4280,604,Visa,Debit (Prepaid),4.1664E+15,mar-22,843,YES,2,$29,ago-08,2014,No
2503,1637,Amex,Credit,3.27173E+14,may-22,496,YES,1,"$21,700",abr-06,2014,No
5319,1637,Visa,Credit,4.85104E+15,may-22,485,YES,2,"$12,500",oct-16,2016,No
256,1470,Visa,Debit,4.47458E+15,jul-20,20,NO,2,"$3,365",ene-10,2010,No
2280,1470,Mastercard,Debit,5.19089E+15,ago-20,16,YES,1,"$14,856",mar-11,2011,No
3392,1470,Mastercard,Debit,5.20589E+15,ago-23,839,YES,1,"$5,989",jun-08,2014,No
3896,1470,Mastercard,Debit,5.79425E+15,ene-24,162,YES,3,"$4,394",jul-09,2009,No
4050,1856,Visa,Debit (Prepaid),4.56132E+15,jun-23,420,YES,1,$85,jul-16,2016,No
3939,1856,Mastercard,Credit,5.50742E+15,jul-18,551,YES,1,"$10,600",jul-10,2013,No
257,1856,Visa,Debit,4.76609E+15,mar-16,750,YES,2,"$3,909",ene-10,2010,No
5949,1856,Visa,Debit,4.54847E+15,feb-20,50,YES,1,"$1,873",dic-08,2010,No
909,907,Visa,Debit,4.76439E+15,mar-22,429,YES,1,"$19,643",ene-20,2020,No
3783,907,Mastercard,Credit,5.14025E+15,may-22,989,YES,2,"$14,700",jul-06,2008,No
5203,907,Mastercard,Credit,5.72507E+15,jun-19,353,NO,1,"$8,800",oct-10,2010,No
669,1923,Mastercard,Credit,5.13254E+15,may-22,14,NO,1,"$7,900",ene-20,2020,No
2152,1923,Mastercard,Debit,5.27688E+15,may-14,149,YES,2,"$12,653",mar-07,2012,No
2041,1923,Discover,Credit,6.41626E+15,may-22,101,NO,1,"$11,400",mar-03,2014,No
3255,674,Mastercard,Credit,5.09868E+15,ene-21,475,NO,1,"$6,500",jun-03,2012,No
4786,674,Mastercard,Debit,5.29674E+15,feb-21,637,YES,1,"$1,407",sep-10,2018,No
2680,674,Mastercard,Debit,5.31755E+15,abr-13,455,YES,2,"$11,402",abr-11,2011,No
2405,674,Mastercard,Debit,5.81986E+15,mar-21,395,YES,2,"$4,501",abr-99,2015,No
5574,674,Mastercard,Debit,5.6153E+15,feb-22,923,YES,1,"$1,399",nov-09,2009,No
5348,674,Mastercard,Debit,5.84373E+15,oct-20,170,YES,2,"$14,466",nov-95,2007,No
47,674,Visa,Credit,4.4623E+15,abr-03,869,YES,1,"$8,000",ene-03,2008,No
910,1665,Visa,Debit,4.39764E+15,feb-20,546,YES,1,"$31,916",ene-20,2020,No
1961,548,Visa,Credit,4.15319E+15,ago-21,585,YES,3,"$7,800",feb-20,2020,No
1185,548,Mastercard,Debit,5.15492E+15,ago-13,791,NO,1,$570,feb-09,2010,No
6014,548,Mastercard,Debit,5.36466E+15,jun-23,944,YES,2,"$13,187",dic-10,2010,No
1715,548,Mastercard,Debit (Prepaid),5.39708E+15,feb-20,796,YES,1,$50,feb-20,2020,No
2651,209,Mastercard,Credit,5.75823E+15,jun-20,759,YES,1,"$8,900",abr-10,2010,No
3795,209,Visa,Debit,4.30595E+15,jul-21,42,YES,2,"$10,681",jul-06,2013,No
3218,209,Mastercard,Credit,5.21942E+15,nov-23,66,NO,2,"$2,500",jun-00,2011,No
258,209,Visa,Credit,4.21424E+15,may-20,231,YES,2,"$8,700",ene-10,2010,No
5575,209,Mastercard,Debit,5.81489E+15,feb-24,110,YES,2,"$10,227",nov-09,2012,No
4676,209,Mastercard,Debit,5.60709E+15,dic-21,968,YES,2,"$2,507",sep-08,2010,No
2806,730,Visa,Credit,4.49819E+15,ene-21,230,YES,2,"$19,400",may-99,2011,No
1118,730,Mastercard,Debit,5.93046E+15,ago-23,617,NO,1,"$29,268",feb-07,2010,No
4827,730,Visa,Debit,4.89342E+15,oct-24,941,YES,2,"$10,756",sep-11,2011,No
1716,670,Mastercard,Debit (Prepaid),5.03503E+15,ago-21,144,YES,2,$57,feb-20,2020,No
911,670,Visa,Debit,4.5567E+15,may-20,31,YES,2,"$10,705",ene-20,2020,No
5334,627,Visa,Credit,4.89759E+15,ago-21,424,YES,2,"$4,200",oct-18,2018,No
2210,924,Visa,Credit,4.4634E+15,sep-17,944,YES,2,"$5,800",mar-08,2011,No
2739,894,Visa,Credit,4.74416E+15,feb-20,983,YES,3,"$9,300",abr-14,2014,No
4612,894,Mastercard,Debit (Prepaid),5.17383E+15,ago-09,140,YES,1,$56,sep-06,2009,No
2123,894,Mastercard,Credit,5.83507E+15,dic-20,381,YES,1,"$8,200",mar-06,2014,No
1717,1633,Mastercard,Debit (Prepaid),5.08104E+15,dic-22,912,NO,2,$78,feb-20,2020,No
3038,1633,Amex,Credit,3.56561E+14,jun-20,388,NO,1,"$15,000",may-10,2015,No
5012,1633,Mastercard,Debit,5.35668E+15,sep-22,452,YES,1,"$11,495",oct-04,2014,No
670,1633,Mastercard,Debit,5.77375E+15,ago-24,145,YES,2,"$21,982",ene-20,2020,No
671,1593,Mastercard,Debit,5.27172E+15,may-21,709,YES,1,"$20,278",ene-20,2020,No
1718,1593,Mastercard,Debit,5.84604E+15,feb-20,788,NO,2,"$13,139",feb-20,2020,No
912,1593,Visa,Credit,4.85589E+15,oct-22,943,YES,1,"$9,900",ene-20,2020,No
1962,1593,Visa,Credit,4.06339E+15,mar-23,599,YES,1,"$8,900",feb-20,2020,No
2516,720,Visa,Debit,4.28917E+15,jun-13,338,NO,1,"$4,976",abr-06,2014,No
4136,720,Mastercard,Debit,5.54945E+15,ago-21,647,YES,1,$974,ago-04,2008,No
1963,720,Visa,Credit,4.34031E+15,abr-24,147,YES,2,"$2,000",feb-20,2020,No
2239,264,Visa,Credit,4.27759E+15,mar-22,388,YES,2,"$10,600",mar-09,2011,No
2729,827,Mastercard,Credit,5.24652E+15,may-24,408,YES,2,"$7,100",abr-14,2014,No
2836,827,Visa,Credit,4.99588E+15,ago-24,532,YES,1,"$6,800",may-02,2012,No
3897,827,Mastercard,Debit,5.46523E+15,ago-24,675,YES,2,"$4,887",jul-09,2015,No
4514,827,Mastercard,Debit,5.44757E+15,oct-12,975,YES,2,"$8,133",sep-01,2012,No
2815,414,Mastercard,Debit,5.48931E+15,feb-22,555,YES,1,"$62,703",may-01,2007,No
3958,414,Visa,Credit,4.56505E+15,jul-18,13,YES,1,"$23,500",jul-10,2010,No
235,1439,Mastercard,Debit,5.28985E+15,nov-17,351,YES,2,"$10,707",ene-10,2010,No
6094,1439,Visa,Debit,4.41915E+15,nov-22,287,YES,1,"$18,945",dic-13,2013,No
2246,843,Discover,Credit,6.42395E+15,mar-23,419,YES,2,"$6,600",mar-10,2011,No
913,843,Visa,Debit (Prepaid),4.50938E+15,may-22,775,NO,1,$57,ene-20,2020,No
4828,843,Visa,Debit,4.76125E+15,mar-22,492,YES,1,"$11,996",sep-11,2011,No
4370,843,Mastercard,Debit,5.4133E+15,oct-21,231,YES,1,"$18,026",ago-11,2011,No
184,843,Visa,Debit,4.44172E+15,mar-17,895,YES,2,"$10,495",ene-08,2011,No
4081,843,Visa,Debit,4.94107E+15,may-21,841,NO,2,"$9,946",jul-19,2019,No
2592,1008,Visa,Debit,4.34165E+15,ene-23,76,YES,2,"$20,245",abr-08,2008,No
5850,1008,Visa,Credit,4.92186E+15,feb-20,790,NO,1,"$5,100",dic-05,2010,No
2325,1008,Visa,Debit,4.40213E+15,may-22,178,YES,1,"$36,515",mar-13,2013,No
382,1008,Mastercard,Debit,5.03685E+15,dic-24,88,YES,2,"$15,306",ene-19,2019,No
4593,1008,Amex,Credit,3.98597E+14,abr-09,360,YES,1,"$20,600",sep-06,2008,No
6036,1834,Amex,Credit,3.83503E+14,jun-22,767,YES,1,"$7,300",dic-11,2011,No
1119,1834,Mastercard,Debit,5.77258E+15,jun-23,335,YES,2,"$10,348",feb-07,2014,No
5617,1834,Mastercard,Credit,5.75402E+15,mar-16,279,YES,1,"$3,300",nov-10,2010,No
1964,1126,Visa,Debit,4.22414E+15,mar-22,4,YES,1,"$20,318",feb-20,2020,No
672,881,Mastercard,Debit,5.54605E+15,may-20,380,YES,1,"$28,163",ene-20,2020,No
4732,881,Mastercard,Debit (Prepaid),5.26624E+15,oct-24,868,YES,2,$63,sep-09,2011,No
4439,881,Visa,Debit,4.82256E+15,abr-18,967,YES,1,"$31,491",ago-14,2014,No
4287,881,Amex,Credit,3.7266E+14,oct-21,981,YES,1,"$22,700",ago-09,2009,No
5714,679,Visa,Debit (Prepaid),4.4486E+15,nov-16,934,YES,2,$73,nov-15,2015,No
2894,679,Amex,Credit,3.26702E+14,nov-17,478,YES,1,"$9,900",may-06,2007,No
5972,679,Mastercard,Debit,5.63617E+15,abr-21,14,YES,2,"$14,713",dic-09,2011,No
3741,679,Mastercard,Debit,5.50851E+15,may-23,468,YES,2,"$2,290",jul-05,2011,No
673,1333,Mastercard,Debit,5.49442E+15,ene-20,181,NO,1,"$28,203",ene-20,2020,No
674,1333,Mastercard,Credit,5.91793E+15,ene-20,876,YES,1,"$30,200",ene-20,2020,No
1719,1333,Mastercard,Debit,5.66434E+15,nov-21,184,YES,2,"$3,565",feb-20,2020,No
675,1333,Mastercard,Debit,5.69733E+15,jun-20,916,YES,1,"$3,565",ene-20,2020,No
1199,398,Visa,Debit,4.80101E+15,mar-21,290,YES,1,"$17,111",feb-09,2010,No
2012,398,Visa,Debit,4.58376E+15,ago-21,812,YES,2,"$21,264",mar-99,2009,No
5323,398,Mastercard,Debit,5.44955E+15,feb-20,419,YES,1,"$15,125",oct-17,2017,No
2337,398,Visa,Debit,4.7296E+15,feb-20,830,YES,2,"$16,472",mar-14,2014,No
676,151,Mastercard,Credit,5.08799E+15,nov-21,691,NO,2,"$12,800",ene-20,2020,No
1037,106,Mastercard,Debit,5.81057E+15,nov-20,736,YES,2,"$11,154",feb-04,2007,No
4654,106,Visa,Debit,4.22233E+15,nov-07,364,YES,1,"$19,419",sep-07,2010,No
2124,106,Mastercard,Credit,5.41624E+15,jun-22,790,YES,2,"$9,100",mar-06,2011,No
3484,106,Mastercard,Debit,5.83479E+15,may-22,402,YES,1,"$9,471",jun-10,2011,No
5310,106,Visa,Debit,4.14424E+15,feb-24,279,YES,2,"$10,331",oct-15,2015,No
2794,1784,Mastercard,Credit,5.86288E+15,nov-04,716,YES,1,"$15,900",may-97,2009,No
5330,1924,Mastercard,Credit,5.98624E+15,may-20,357,YES,1,"$5,200",oct-18,2018,No
5739,671,Mastercard,Credit,5.66771E+15,feb-20,982,YES,1,"$8,600",nov-18,2018,No
5592,671,Visa,Credit,4.71187E+15,may-24,453,YES,1,"$8,700",nov-09,2009,No
3485,1472,Mastercard,Debit,5.35291E+15,mar-18,231,YES,1,"$25,236",jun-10,2011,No
2196,1472,Mastercard,Credit,5.6539E+15,feb-11,81,YES,2,"$10,400",mar-08,2008,No
3393,1472,Mastercard,Debit (Prepaid),5.40304E+15,oct-24,879,YES,2,$38,jun-08,2013,No
4647,855,Mastercard,Debit (Prepaid),5.41926E+15,sep-20,839,YES,1,$106,sep-07,2010,No
3670,855,Visa,Debit,4.73076E+15,abr-21,269,YES,1,"$15,975",jul-01,2011,No
5916,855,Visa,Debit,4.67851E+15,dic-23,404,YES,2,"$12,188",dic-07,2011,No
5715,855,Visa,Debit,4.11803E+15,mar-22,471,YES,2,"$11,928",nov-15,2015,No
2702,855,Mastercard,Debit,5.06074E+15,ago-21,638,YES,2,"$13,841",abr-12,2012,No
4317,981,Amex,Credit,3.86475E+14,mar-24,151,YES,1,"$7,500",ago-10,2011,No
3828,1030,Visa,Debit,4.50412E+15,sep-13,420,YES,2,"$4,269",jul-07,2009,No
2936,1030,Mastercard,Credit,5.61588E+15,feb-24,761,YES,2,"$12,600",may-07,2011,No
2415,1030,Amex,Credit,3.35571E+14,sep-03,193,YES,1,"$16,500",abr-01,2016,No
4677,1030,Mastercard,Debit,5.94371E+15,nov-08,212,YES,1,"$19,152",sep-08,2009,No
4072,384,Visa,Debit,4.56308E+15,feb-24,522,YES,2,"$19,349",jul-18,2018,No
4492,80,Visa,Debit,4.74946E+15,sep-22,680,YES,2,"$1,703",sep-97,2009,No
307,80,Visa,Credit,4.28124E+15,jun-17,240,YES,2,"$2,800",ene-12,2012,No
2689,80,Visa,Debit,4.32102E+15,feb-24,881,YES,1,"$13,569",abr-11,2011,No
3829,80,Visa,Credit,4.29043E+15,ene-24,638,YES,1,"$10,700",jul-07,2008,No
3917,80,Visa,Credit,4.13557E+15,jun-22,582,YES,2,"$14,500",jul-09,2009,No
5027,1331,Mastercard,Debit (Prepaid),5.37601E+15,sep-21,68,YES,1,$26,oct-05,2010,No
6130,205,Visa,Debit,4.7056E+15,may-21,524,YES,2,"$25,621",dic-16,2016,No
3620,205,Mastercard,Debit,5.75124E+15,may-24,167,YES,1,"$12,193",jun-17,2017,No
3639,205,Visa,Debit,4.20906E+15,jul-18,375,YES,1,"$14,247",jun-18,2018,No
2861,205,Mastercard,Debit,5.62405E+15,feb-20,78,YES,2,"$14,859",may-04,2009,No
5037,1048,Visa,Credit,4.72982E+15,sep-14,625,NO,2,"$13,400",oct-05,2011,No
2048,1048,Mastercard,Credit,5.92302E+15,ago-20,116,YES,2,"$12,500",mar-03,2003,No
4509,1048,Amex,Credit,3.46056E+14,dic-09,56,YES,2,"$3,800",sep-01,2009,No
2542,1048,Mastercard,Debit,5.42447E+15,jun-14,575,YES,2,"$22,527",abr-07,2011,No
677,1801,Mastercard,Debit,5.58807E+15,sep-20,126,YES,1,"$7,284",ene-20,2020,No
5266,1490,Visa,Debit,4.02058E+15,abr-22,526,YES,1,"$22,856",oct-12,2012,No
1369,1490,Visa,Debit,4.03345E+15,ene-21,434,YES,1,"$20,225",feb-16,2016,No
1965,1490,Visa,Debit,4.58553E+15,feb-20,364,NO,1,"$15,742",feb-20,2020,No
5950,1490,Visa,Credit,4.75197E+15,nov-21,581,NO,1,"$11,400",dic-08,2008,No
2524,818,Amex,Credit,3.68779E+14,ago-08,125,YES,1,"$6,200",abr-07,2014,No
3728,818,Amex,Credit,3.78145E+14,oct-05,759,YES,2,$500,jul-05,2009,No
5540,818,Mastercard,Credit,5.71905E+15,nov-21,971,YES,1,"$7,100",nov-08,2017,No
5874,818,Visa,Debit,4.04373E+15,mar-22,390,YES,1,"$15,522",dic-06,2015,No
992,818,Mastercard,Debit,5.24077E+15,sep-23,370,YES,2,"$19,640",feb-01,2010,No
5499,1463,Mastercard,Debit,5.31454E+15,jun-20,410,YES,1,"$13,930",nov-07,2010,No
3591,1463,Mastercard,Debit,5.46277E+15,feb-21,951,YES,2,"$22,357",jun-15,2015,No
5245,1463,Mastercard,Credit,5.31504E+15,ene-22,772,YES,1,"$7,700",oct-11,2011,No
3542,1463,Amex,Credit,3.86623E+14,sep-23,553,NO,1,"$5,100",jun-12,2012,No
678,1835,Mastercard,Debit,5.45292E+15,ene-20,969,YES,2,"$12,191",ene-20,2020,No
2351,952,Visa,Debit,4.29588E+15,feb-24,602,YES,1,"$58,234",mar-15,2015,No
1275,952,Mastercard,Debit,5.35795E+15,jul-21,726,YES,2,"$76,966",feb-11,2011,No
3611,616,Mastercard,Credit,5.04647E+15,may-23,561,YES,2,"$4,500",jun-16,2016,No
6050,638,Mastercard,Debit,5.68916E+15,jul-24,698,YES,1,"$25,551",dic-11,2011,No
2068,638,Mastercard,Debit,5.64806E+15,mar-21,353,YES,2,"$21,253",mar-04,2011,No
3394,638,Mastercard,Debit,5.8542E+15,dic-23,551,YES,2,"$10,274",jun-08,2008,No
4445,638,Amex,Credit,3.75716E+14,nov-15,431,YES,2,"$4,800",ago-15,2015,No
914,638,Visa,Debit,4.04937E+15,dic-23,739,YES,2,"$19,934",ene-20,2020,No
1966,1366,Visa,Debit,4.41953E+15,sep-22,578,YES,2,"$8,829",feb-20,2020,No
315,1366,Mastercard,Credit,5.24425E+15,jul-24,684,YES,2,"$12,400",ene-13,2013,No
2374,1366,Mastercard,Debit,5.14868E+15,feb-20,917,YES,1,"$17,691",mar-18,2018,No
2974,443,Mastercard,Debit,5.56799E+15,may-13,643,YES,2,"$15,317",may-08,2013,No
6111,336,Mastercard,Debit,5.11823E+15,jun-20,208,YES,1,"$19,612",dic-15,2015,No
679,611,Mastercard,Debit,5.79742E+15,ene-20,154,YES,2,"$10,304",ene-20,2020,No
2364,973,Mastercard,Debit,5.57074E+15,feb-21,20,YES,1,"$16,229",mar-17,2017,No
5716,973,Visa,Debit,4.51591E+15,nov-24,871,YES,1,"$8,366",nov-15,2015,No
5706,973,Visa,Debit,4.06062E+15,jun-23,39,YES,2,"$7,688",nov-14,2014,No
3833,973,Amex,Credit,3.43206E+14,sep-24,201,YES,1,"$8,300",jul-08,2015,No
680,632,Mastercard,Debit,5.19964E+15,may-22,927,YES,1,"$16,557",ene-20,2020,No
3898,1918,Mastercard,Debit,5.05441E+15,ago-24,161,YES,2,"$18,627",jul-09,2015,No
1967,1827,Visa,Debit,4.80772E+15,ago-22,174,YES,1,"$23,156",feb-20,2020,No
3959,1827,Visa,Debit,4.27716E+15,feb-24,419,YES,1,"$30,041",jul-10,2011,No
5246,1827,Mastercard,Debit,5.01E+15,feb-24,908,YES,1,"$29,137",oct-11,2011,No
4546,1827,Amex,Credit,3.59523E+14,jul-21,87,YES,1,"$10,400",sep-04,2017,No
3395,1827,Mastercard,Credit,5.76518E+15,feb-22,980,YES,2,"$13,500",jun-08,2008,No
5727,1827,Mastercard,Debit,5.0021E+15,feb-23,917,YES,1,"$17,663",nov-16,2016,No
681,70,Mastercard,Debit,5.45873E+15,ago-21,24,NO,2,"$30,637",ene-20,2020,No
4464,672,Mastercard,Debit,5.39219E+15,oct-21,452,NO,1,"$8,540",ago-17,2017,No
3396,672,Mastercard,Debit,5.30232E+15,feb-12,347,YES,1,"$9,397",jun-08,2010,No
915,672,Visa,Debit,4.7234E+15,sep-20,740,YES,1,"$12,329",ene-20,2020,No
5001,672,Visa,Debit,4.5986E+15,ene-20,17,YES,1,"$8,333",oct-03,2007,No
5345,1461,Visa,Credit,4.53646E+15,sep-20,102,YES,2,"$5,200",oct-19,2019,No
2668,1461,Visa,Debit,4.53413E+15,ago-10,827,YES,2,"$35,757",abr-10,2011,No
2886,1461,Mastercard,Credit,5.7789E+15,mar-15,908,NO,1,"$16,600",may-05,2015,No
4535,1461,Mastercard,Debit,5.58359E+15,jun-20,661,YES,2,"$23,754",sep-03,2018,No
2090,1461,Mastercard,Debit,5.72869E+15,oct-24,532,YES,2,"$14,480",mar-05,2009,No
103,1461,Mastercard,Debit,5.62547E+15,oct-23,564,YES,2,"$6,237",ene-06,2007,No
916,510,Visa,Credit,4.06133E+15,feb-23,114,NO,1,"$9,200",ene-20,2020,No
917,510,Visa,Debit,4.49786E+15,ene-20,573,YES,2,"$14,797",ene-20,2020,No
5638,256,Visa,Credit,4.04201E+15,feb-23,177,YES,1,"$9,400",nov-10,2013,No
3989,256,Visa,Debit (Prepaid),4.86899E+15,jun-24,248,YES,2,$50,jul-11,2011,No
6089,256,Mastercard,Credit,5.76497E+15,feb-20,402,YES,2,"$1,800",dic-13,2013,No
2850,256,Amex,Credit,3.43199E+14,oct-24,496,YES,1,"$12,400",may-04,2014,No
147,256,Visa,Credit,4.57748E+15,dic-10,553,YES,2,"$14,300",ene-07,2007,No
1276,256,Mastercard,Debit,5.35572E+15,dic-24,956,YES,1,"$27,489",feb-11,2011,No
1968,1410,Visa,Debit,4.793E+15,ene-22,998,YES,2,"$7,846",feb-20,2020,No
1720,574,Mastercard,Credit,5.94389E+15,sep-21,437,YES,2,"$12,500",feb-20,2020,No
435,574,Discover,Credit,6.74148E+15,abr-20,360,NO,2,"$10,500",ene-20,2020,No
1721,574,Mastercard,Debit (Prepaid),5.68067E+15,feb-20,195,YES,1,$72,feb-20,2020,No
1722,574,Mastercard,Credit,5.54492E+15,may-20,158,YES,1,"$8,800",feb-20,2020,No
6015,1837,Mastercard,Debit,5.83778E+15,ene-11,189,YES,1,"$11,199",dic-10,2010,No
259,1837,Visa,Debit,4.20582E+15,may-20,679,YES,1,"$8,800",ene-10,2010,No
5275,1837,Mastercard,Debit (Prepaid),5.82507E+15,sep-21,940,YES,1,$83,oct-13,2013,No
2256,1837,Mastercard,Debit,5.75761E+15,nov-24,657,NO,1,"$7,217",mar-10,2010,No
5307,1974,Mastercard,Credit,5.28279E+15,sep-22,115,YES,2,"$9,000",oct-15,2015,No
278,1974,Mastercard,Debit,5.80504E+15,ene-20,947,YES,1,"$15,195",ene-11,2011,No
2257,1974,Mastercard,Debit,5.52211E+15,feb-24,663,YES,1,"$14,747",mar-10,2010,No
1723,30,Mastercard,Debit,5.68333E+15,feb-20,447,YES,2,"$8,998",feb-20,2020,No
1429,1270,Amex,Credit,3.40244E+14,mar-23,846,YES,2,"$20,400",feb-20,2020,No
4313,1270,Visa,Debit,4.55428E+15,sep-22,212,YES,2,"$13,653",ago-09,2016,No
222,1815,Amex,Credit,3.71092E+14,feb-20,858,YES,2,"$17,800",ene-10,2011,No
4582,1815,Mastercard,Debit (Prepaid),5.20079E+15,jul-24,836,YES,2,$52,sep-05,2015,No
4371,1815,Mastercard,Debit (Prepaid),5.90668E+15,sep-23,935,YES,2,$56,ago-11,2011,No
2035,1815,Mastercard,Debit,5.15969E+15,ene-24,232,YES,2,"$3,099",mar-02,2012,No
682,805,Mastercard,Debit,5.991E+15,may-20,214,YES,1,"$11,805",ene-20,2020,No
918,805,Visa,Debit,4.25675E+15,ene-20,433,YES,1,"$17,535",ene-20,2020,No
3233,464,Amex,Credit,3.52397E+14,ago-22,465,YES,2,"$18,000",jun-02,2011,No
1724,1042,Mastercard,Debit (Prepaid),5.84999E+15,nov-24,858,YES,2,$95,feb-20,2020,No
2170,1579,Discover,Credit,6.78972E+15,sep-20,817,YES,1,"$8,200",mar-08,2014,No
11,1579,Mastercard,Debit,5.92729E+15,nov-23,964,YES,2,"$2,143",ene-99,2013,No
4163,1579,Mastercard,Debit,5.18479E+15,dic-21,128,YES,2,"$6,550",ago-05,2016,No
3976,1579,Mastercard,Credit,5.1482E+15,abr-24,384,YES,2,"$12,800",jul-11,2011,No
3830,1579,Visa,Debit,4.70789E+15,feb-20,848,YES,1,"$15,960",jul-07,2010,No
683,830,Mastercard,Credit,5.93093E+15,feb-20,744,YES,2,"$19,000",ene-20,2020,No
3899,830,Mastercard,Debit,5.9812E+15,jun-16,143,YES,1,"$26,575",jul-09,2011,No
4678,465,Mastercard,Credit,5.61333E+15,jun-21,118,YES,2,"$5,800",sep-08,2008,No
2433,465,Mastercard,Debit,5.34096E+15,may-21,458,YES,2,"$16,047",abr-02,2011,No
4879,1954,Visa,Credit,4.8025E+15,abr-24,196,YES,2,"$5,900",sep-14,2014,No
2387,1954,Mastercard,Debit,5.88572E+15,may-24,538,YES,2,"$22,722",mar-19,2019,No
316,1954,Mastercard,Debit,5.54487E+15,jul-13,422,YES,2,"$21,258",ene-13,2013,No
4749,959,Visa,Debit (Prepaid),4.57084E+15,jul-20,4,YES,2,$18,sep-09,2009,No
1231,959,Mastercard,Debit (Prepaid),5.03052E+15,ago-23,680,YES,2,$8,feb-10,2017,No
5693,1049,Visa,Debit,4.96763E+15,mar-23,284,YES,2,"$14,446",nov-13,2013,No
2816,1049,Mastercard,Credit,5.58294E+15,ago-16,142,YES,1,"$10,500",may-01,2009,No
5823,1049,Visa,Debit,4.78844E+15,dic-23,234,YES,2,"$13,122",dic-04,2009,No
5553,1049,Visa,Debit,4.60624E+15,nov-12,70,YES,1,"$24,519",nov-08,2014,No
1310,1049,Visa,Credit,4.66123E+15,may-15,53,YES,1,"$9,400",feb-12,2012,No
4265,1049,Mastercard,Debit,5.14588E+15,mar-22,66,YES,2,"$12,121",ago-08,2010,No
684,1925,Mastercard,Credit,5.32712E+15,nov-21,101,NO,2,"$1,300",ene-20,2020,No
685,1925,Mastercard,Credit,5.86759E+15,ene-20,102,YES,1,"$17,500",ene-20,2020,No
3940,1088,Mastercard,Credit,5.75996E+15,ene-23,828,YES,1,"$10,700",jul-10,2011,No
4574,1088,Amex,Credit,3.56217E+14,ene-23,298,YES,2,"$7,300",sep-05,2010,No
6095,1088,Visa,Debit,4.66169E+15,jun-16,432,YES,1,"$15,194",dic-13,2013,No
4106,14,Visa,Credit,4.4931E+15,jun-24,137,YES,1,"$5,400",ago-01,2008,No
2076,14,Amex,Credit,3.36131E+14,dic-22,979,YES,2,"$14,100",mar-05,2008,No
2164,14,Visa,Debit,4.61083E+15,abr-18,523,YES,2,"$3,899",mar-07,2008,No
5159,14,Mastercard,Debit (Prepaid),5.64453E+15,may-20,601,YES,1,$22,oct-09,2010,No
3082,14,Visa,Debit,4.12457E+15,abr-22,870,NO,1,"$16,464",may-10,2012,No
4266,162,Mastercard,Debit,5.12565E+15,may-22,824,YES,1,"$39,591",ago-08,2011,No
5938,162,Mastercard,Debit,5.09978E+15,dic-22,812,YES,1,"$39,452",dic-08,2010,No
5694,162,Visa,Debit,4.33878E+15,mar-14,826,YES,2,"$27,266",nov-13,2013,No
2240,162,Visa,Credit,4.52485E+15,oct-20,975,YES,2,"$15,400",mar-09,2012,No
3569,162,Mastercard,Credit,5.47524E+15,feb-14,774,YES,1,"$16,700",jun-13,2013,No
5371,1692,Mastercard,Debit,5.38318E+15,mar-20,716,YES,1,"$38,048",nov-01,2007,No
5618,1692,Mastercard,Debit,5.55458E+15,ene-22,904,YES,2,"$7,564",nov-10,2013,No
3646,1692,Mastercard,Debit,5.65688E+15,nov-23,789,YES,2,"$35,203",jul-91,2010,No
5838,380,Mastercard,Credit,5.76482E+15,jul-23,815,YES,2,"$10,800",dic-05,2010,No
3538,380,Visa,Credit,4.01815E+15,may-23,544,NO,2,"$8,000",jun-11,2011,No
4219,141,Mastercard,Debit,5.81575E+15,feb-24,221,YES,1,"$4,729",ago-07,2014,No
3028,141,Visa,Credit,4.36235E+15,ene-21,283,YES,2,"$6,400",may-09,2009,No
5514,141,Visa,Credit,4.62029E+15,feb-22,745,YES,1,"$9,200",nov-07,2014,No
4073,141,Visa,Credit,4.59532E+15,ago-18,349,NO,1,"$8,000",jul-18,2018,No
2952,141,Visa,Debit,4.38595E+15,feb-22,796,YES,2,"$17,235",may-07,2007,No
3941,1348,Mastercard,Debit,5.37218E+15,nov-20,785,YES,2,$1,jul-10,2010,No
3086,1348,Amex,Credit,3.13148E+14,oct-21,576,YES,2,$0,may-11,2011,No
2669,1348,Visa,Debit,4.92416E+15,sep-10,790,YES,1,$1,abr-10,2010,No
4042,1348,Visa,Debit,4.13905E+15,ago-18,15,YES,1,$1,jul-15,2015,No
4137,1348,Mastercard,Debit,5.7925E+15,dic-24,554,YES,1,$0,ago-04,2009,No
4982,1348,Discover,Credit,6.28386E+15,abr-23,427,YES,1,$0,oct-03,2007,No
6137,1256,Mastercard,Debit,5.77273E+15,oct-21,852,YES,2,"$28,850",dic-18,2018,No
5160,1256,Mastercard,Credit,5.94873E+15,jun-15,95,YES,1,"$15,700",oct-09,2010,No
236,1256,Mastercard,Debit (Prepaid),5.01879E+15,ene-21,807,YES,2,$79,ene-10,2011,No
6116,1256,Visa,Credit,4.8887E+15,ene-20,276,YES,2,"$18,500",dic-15,2015,No
1969,1690,Visa,Debit,4.69356E+15,may-22,281,YES,2,"$14,495",feb-20,2020,No
686,1690,Mastercard,Debit,5.48799E+15,dic-23,103,YES,2,"$15,906",ene-20,2020,No
5717,169,Visa,Debit,4.03203E+15,jul-22,167,YES,1,"$10,194",nov-15,2015,No
5655,169,Mastercard,Debit (Prepaid),5.74654E+15,sep-21,335,YES,2,$91,nov-11,2011,No
3256,169,Mastercard,Debit,5.99505E+15,feb-24,267,YES,1,"$12,591",jun-03,2010,No
2317,169,Mastercard,Debit,5.80287E+15,jul-22,990,NO,1,"$10,574",mar-13,2013,No
4220,1955,Mastercard,Debit (Prepaid),5.39195E+15,ene-20,356,YES,2,$92,ago-07,2009,No
4184,1955,Mastercard,Debit,5.75171E+15,mar-21,435,YES,1,"$7,338",ago-06,2016,No
5712,1807,Mastercard,Debit,5.67841E+15,mar-22,24,YES,2,"$26,838",nov-15,2015,No
4123,1807,Visa,Debit,4.96337E+15,sep-09,418,YES,1,"$38,154",ago-03,2011,No
2823,1807,Amex,Credit,3.21247E+14,ago-20,300,YES,2,"$13,200",may-02,2014,No
165,1807,Mastercard,Debit (Prepaid),5.20723E+15,mar-14,198,YES,1,$89,ene-08,2015,No
2837,1807,Amex,Credit,3.42755E+14,abr-07,743,YES,2,"$3,900",may-03,2008,No
5875,102,Visa,Debit,4.73578E+15,jul-24,45,YES,1,"$7,676",dic-06,2010,No
3816,257,Mastercard,Debit,5.72398E+15,mar-22,703,YES,2,"$13,345",jul-07,2010,No
4386,257,Visa,Credit,4.57571E+15,nov-24,777,YES,1,"$8,000",ago-11,2011,No
5127,257,Mastercard,Debit (Prepaid),5.75668E+15,mar-22,331,YES,2,$87,oct-08,2012,No
104,257,Mastercard,Debit,5.55675E+15,oct-24,516,YES,2,"$6,395",ene-06,2014,No
687,911,Mastercard,Credit,5.28817E+15,ene-23,828,YES,1,"$8,900",ene-20,2020,No
2748,987,Mastercard,Debit (Prepaid),5.92932E+15,feb-24,367,YES,1,$69,abr-15,2015,No
4146,987,Visa,Debit,4.78314E+15,ene-21,128,YES,1,"$18,912",ago-04,2008,No
5090,987,Mastercard,Debit,5.23273E+15,sep-21,971,YES,1,"$23,021",oct-07,2011,No
373,987,Mastercard,Debit,5.92018E+15,ago-21,420,YES,1,"$21,985",ene-18,2018,No
919,101,Visa,Credit,4.89253E+15,dic-23,286,YES,2,"$5,300",ene-20,2020,No
237,1141,Mastercard,Debit,5.78792E+15,jul-20,29,YES,2,"$2,397",ene-10,2013,No
3817,1141,Mastercard,Credit,5.62614E+15,nov-12,318,YES,2,"$2,800",jul-07,2010,No
3624,1141,Visa,Debit,4.14546E+15,feb-20,837,YES,1,"$10,466",jun-17,2017,No
3269,1141,Amex,Credit,3.82984E+14,dic-12,950,NO,1,"$9,400",jun-04,2011,No
5224,1141,Visa,Debit,4.09465E+15,jun-23,298,YES,2,"$20,161",oct-10,2010,No
1277,1682,Mastercard,Credit,5.39907E+15,sep-24,512,YES,1,"$12,600",feb-11,2015,No
2517,1682,Visa,Credit,4.63954E+15,ene-24,981,NO,1,"$14,300",abr-06,2007,No
3407,1682,Visa,Debit,4.40415E+15,mar-22,155,YES,1,"$23,452",jun-08,2011,No
238,1682,Mastercard,Credit,5.97034E+15,oct-21,757,YES,2,"$13,200",ene-10,2014,No
3408,1682,Visa,Credit,4.8923E+15,ene-13,50,YES,1,"$13,500",jun-08,2008,No
920,481,Visa,Credit,4.8802E+15,ene-24,660,YES,1,"$17,600",ene-20,2020,No
688,978,Mastercard,Debit,5.95061E+15,ago-20,608,YES,2,"$16,558",ene-20,2020,No
689,1550,Mastercard,Debit,5.51053E+15,dic-24,410,YES,1,"$44,717",ene-20,2020,No
1725,1550,Mastercard,Credit,5.44727E+15,nov-21,636,NO,1,"$13,700",feb-20,2020,No
690,1550,Mastercard,Debit,5.67976E+15,abr-20,123,YES,2,"$14,332",ene-20,2020,No
1970,1162,Visa,Debit,4.71631E+15,jun-22,984,YES,1,"$15,695",feb-20,2020,No
1454,1162,Discover,Credit,6.49213E+15,feb-20,811,YES,1,"$13,700",feb-20,2020,No
2365,172,Mastercard,Debit,5.19506E+15,oct-20,855,YES,1,"$19,600",mar-17,2017,No
3458,172,Visa,Debit,4.36606E+15,jun-21,186,YES,1,"$17,815",jun-09,2010,No
1232,172,Mastercard,Debit,5.45365E+15,nov-15,531,YES,1,"$16,373",feb-10,2010,No
31,892,Visa,Debit,4.47906E+15,nov-21,628,YES,2,"$14,340",ene-02,2009,No
5656,315,Mastercard,Debit (Prepaid),5.95687E+15,ago-24,701,YES,1,$109,nov-11,2011,No
1726,315,Mastercard,Debit,5.04654E+15,mar-23,821,YES,1,"$16,218",feb-20,2020,No
3121,315,Mastercard,Debit,5.94898E+15,may-24,710,YES,1,"$22,115",may-12,2012,No
3246,1739,Visa,Debit (Prepaid),4.44377E+15,abr-24,361,YES,1,$80,jun-02,2011,No
1727,836,Mastercard,Debit,5.17252E+15,feb-20,817,NO,2,"$18,261",feb-20,2020,No
2413,39,Visa,Debit,4.66045E+15,dic-12,610,YES,1,"$1,325",abr-00,2011,No
2039,39,Visa,Credit,4.87773E+15,ene-23,537,YES,2,"$16,900",mar-02,2007,No
413,155,Amex,Credit,3.04991E+14,feb-23,972,YES,2,"$6,500",ene-20,2020,No
279,155,Mastercard,Credit,5.68961E+15,feb-21,393,NO,1,"$7,800",ene-11,2011,No
239,155,Mastercard,Debit,5.29052E+15,dic-22,813,NO,1,"$9,294",ene-10,2011,No
2281,155,Mastercard,Debit,5.35895E+15,dic-11,324,YES,2,"$12,163",mar-11,2011,No
3111,155,Visa,Debit,4.97257E+15,ene-20,855,YES,2,"$14,959",may-11,2011,No
5793,155,Mastercard,Debit (Prepaid),5.0393E+15,nov-23,721,YES,2,$15,dic-03,2010,No
2026,1305,Mastercard,Debit,5.73539E+15,jul-22,260,YES,1,"$18,118",mar-01,2007,No
1260,1305,Visa,Debit,4.80417E+15,mar-23,32,YES,2,"$22,025",feb-10,2010,No
2229,1305,Mastercard,Credit,5.21601E+15,sep-11,983,YES,1,"$9,100",mar-09,2015,No
3409,1504,Visa,Debit,4.32036E+15,oct-13,729,YES,2,"$16,064",jun-08,2011,No
3486,1504,Mastercard,Credit,5.03947E+15,sep-24,356,YES,1,"$6,000",jun-10,2011,No
5373,1504,Visa,Debit,4.95129E+15,feb-23,776,YES,2,"$7,136",nov-01,2014,No
4963,1504,Discover,Credit,6.41884E+15,abr-21,423,YES,1,"$3,900",oct-02,2010,No
3977,1504,Mastercard,Debit,5.50869E+15,ene-20,469,YES,1,"$8,444",jul-11,2011,No
4119,1105,Mastercard,Debit,5.25644E+15,nov-20,880,YES,2,"$12,692",ago-03,2012,No
2036,1105,Mastercard,Debit,5.77241E+15,abr-20,218,YES,2,"$9,027",mar-02,2015,No
218,1105,Visa,Debit,4.75544E+15,oct-20,584,YES,1,"$4,507",ene-09,2019,No
691,1761,Mastercard,Debit,5.23762E+15,may-24,670,YES,1,"$17,963",ene-20,2020,No
1971,1761,Visa,Credit,4.71729E+15,feb-20,818,YES,1,"$12,200",feb-20,2020,No
1728,1761,Mastercard,Debit,5.99001E+15,feb-20,386,YES,2,"$1,996",feb-20,2020,No
1729,215,Mastercard,Debit,5.53214E+15,ene-21,154,YES,2,"$19,998",feb-20,2020,No
1430,215,Amex,Credit,3.68047E+14,feb-20,882,YES,2,"$15,600",feb-20,2020,No
1325,948,Mastercard,Debit,5.19691E+15,may-23,71,YES,1,"$13,035",feb-13,2013,No
3083,948,Visa,Credit,4.76334E+15,jun-23,488,YES,2,"$8,300",may-10,2010,No
1265,948,Amex,Credit,3.71833E+14,jul-24,591,YES,2,"$6,200",feb-11,2011,No
5695,948,Visa,Debit,4.94815E+15,mar-24,688,YES,2,"$11,795",nov-13,2013,No
3376,948,Discover,Credit,6.16789E+15,may-11,138,YES,1,"$7,900",jun-08,2013,No
1455,862,Discover,Credit,6.66628E+15,feb-20,112,YES,1,"$12,900",feb-20,2020,No
921,862,Visa,Debit,4.22392E+15,dic-20,371,YES,2,"$6,556",ene-20,2020,No
3167,862,Mastercard,Credit,5.17049E+15,may-22,731,NO,1,"$3,800",may-15,2015,No
5103,1514,Visa,Credit,4.66242E+15,oct-21,439,YES,2,"$7,800",oct-07,2008,No
3325,1514,Mastercard,Credit,5.38273E+15,feb-16,56,YES,2,"$10,900",jun-06,2012,No
78,1514,Mastercard,Debit,5.60274E+15,dic-24,673,YES,1,"$1,846",ene-05,2005,No
4679,1514,Mastercard,Debit (Prepaid),5.22274E+15,ago-16,394,YES,1,$76,sep-08,2015,No
4334,1514,Mastercard,Credit,5.05255E+15,jul-20,940,NO,1,$0,ago-10,2010,No
2390,1698,Visa,Credit,4.93649E+15,ene-22,72,NO,1,"$13,400",mar-19,2019,No
922,1698,Visa,Credit,4.20969E+15,ene-20,565,YES,1,"$15,800",ene-20,2020,No
5639,1698,Visa,Debit,4.94996E+15,jun-11,341,YES,1,"$14,744",nov-10,2010,No
436,1316,Discover,Credit,6.19348E+15,feb-20,669,YES,1,"$8,700",ene-20,2020,No
692,1316,Mastercard,Debit,5.19643E+15,ene-22,696,YES,1,"$12,088",ene-20,2020,No
330,1316,Mastercard,Credit,5.24213E+15,nov-24,288,YES,2,"$4,700",ene-14,2014,No
1972,1316,Visa,Debit,4.93062E+15,ene-24,514,YES,2,"$11,983",feb-20,2020,No
1730,1316,Mastercard,Debit,5.89449E+15,feb-20,182,YES,1,"$11,557",feb-20,2020,No
693,1831,Mastercard,Debit,5.88968E+15,feb-20,815,YES,1,"$12,152",ene-20,2020,No
437,1831,Discover,Credit,6.12532E+15,oct-23,681,YES,2,"$11,100",ene-20,2020,No
2293,889,Visa,Credit,4.47686E+15,sep-22,669,YES,1,"$14,700",mar-11,2011,No
4522,526,Mastercard,Debit (Prepaid),5.75471E+15,jun-21,827,NO,1,$52,sep-02,2013,No
5204,526,Mastercard,Debit,5.42755E+15,dic-16,736,YES,1,"$3,224",oct-10,2013,No
5917,526,Visa,Debit,4.18631E+15,nov-20,674,YES,2,"$23,001",dic-07,2013,No
2091,526,Mastercard,Debit,5.50776E+15,ene-22,170,YES,1,"$23,652",mar-05,2014,No
5500,526,Mastercard,Debit (Prepaid),5.76366E+15,sep-20,688,YES,1,$86,nov-07,2013,No
5091,231,Mastercard,Debit (Prepaid),5.1335E+15,ago-21,528,YES,2,$80,oct-07,2011,No
4221,231,Mastercard,Debit,5.44368E+15,oct-22,473,YES,1,"$26,097",ago-07,2011,No
5718,231,Visa,Debit,4.55101E+15,may-23,466,YES,1,"$11,032",nov-15,2015,No
2474,231,Visa,Credit,4.63223E+15,ene-20,970,YES,1,"$8,900",abr-04,2011,No
414,231,Amex,Credit,3.10401E+14,feb-20,226,YES,2,"$4,700",ene-20,2020,No
5255,910,Visa,Debit,4.92541E+15,may-22,460,YES,1,"$10,523",oct-11,2011,No
1431,910,Amex,Credit,3.27605E+14,feb-20,199,YES,1,"$8,900",feb-20,2020,No
3918,876,Visa,Debit,4.9671E+15,may-21,962,YES,1,"$6,489",jul-09,2013,No
5773,876,Mastercard,Debit,5.49774E+15,sep-20,24,NO,2,"$9,146",dic-01,2012,No
5342,1509,Mastercard,Debit (Prepaid),5.01432E+15,mar-24,622,YES,1,$66,oct-19,2019,No
2352,1509,Visa,Debit,4.41774E+15,ene-23,990,NO,1,"$18,138",mar-15,2015,No
1347,1509,Mastercard,Debit,5.35221E+15,feb-21,443,YES,1,"$23,238",feb-14,2014,No
5276,1509,Mastercard,Debit,5.41064E+15,sep-22,983,YES,1,"$20,706",oct-13,2013,No
3685,1509,Visa,Credit,4.76214E+15,ago-22,495,YES,2,"$12,100",jul-02,2010,No
5696,1422,Visa,Debit,4.36389E+15,mar-20,662,YES,2,"$19,781",nov-13,2013,No
4983,1422,Discover,Credit,6.96761E+15,mar-23,334,YES,2,"$9,300",oct-03,2012,No
3212,1422,Mastercard,Debit,5.26755E+15,dic-22,984,NO,2,"$5,451",jun-99,2012,No
5515,1422,Visa,Debit,4.10325E+15,feb-16,23,YES,2,"$6,491",nov-07,2013,No
923,1400,Visa,Credit,4.05108E+15,feb-23,42,YES,1,"$6,900",ene-20,2020,No
415,1400,Amex,Credit,3.83476E+14,may-24,835,NO,2,"$6,100",ene-20,2020,No
3796,492,Visa,Debit,4.83745E+15,may-22,288,YES,1,"$16,905",jul-06,2008,No
1002,1516,Mastercard,Debit,5.503E+15,abr-20,552,YES,1,"$47,153",feb-02,2006,No
3960,1516,Visa,Debit,4.77638E+15,dic-22,190,YES,2,"$25,010",jul-10,2010,No
5973,1649,Mastercard,Debit,5.17847E+15,dic-22,562,YES,1,$232,dic-09,2010,No
4410,1649,Mastercard,Credit,5.0122E+15,feb-16,674,YES,2,$100,ago-13,2013,No
3697,1649,Mastercard,Debit (Prepaid),5.85594E+15,abr-17,656,YES,1,$80,jul-03,2011,No
1432,1573,Amex,Credit,3.37444E+14,dic-22,542,YES,2,"$3,300",feb-20,2020,No
3326,583,Mastercard,Debit,5.79917E+15,ene-21,85,YES,1,"$3,483",jun-06,2013,No
343,583,Amex,Credit,3.45109E+14,feb-24,963,YES,2,"$13,900",ene-15,2015,No
3238,1811,Mastercard,Debit,5.15828E+15,oct-24,616,YES,1,"$70,187",jun-02,2011,No
291,1811,Visa,Debit,4.07758E+15,dic-21,84,NO,2,"$7,821",ene-11,2014,No
3355,1811,Mastercard,Debit,5.97888E+15,oct-24,708,YES,2,"$96,637",jun-07,2007,No
4894,1811,Discover,Credit,6.97763E+15,mar-22,233,YES,2,"$44,200",sep-16,2016,No
2165,1811,Visa,Debit (Prepaid),4.0658E+15,ago-23,765,NO,1,$68,mar-07,2007,No
331,1811,Mastercard,Debit (Prepaid),5.32034E+15,ene-21,628,YES,1,$54,ene-14,2014,No
3978,1811,Mastercard,Debit,5.87937E+15,may-22,403,YES,1,"$62,519",jul-11,2011,No
3141,1811,Visa,Debit,4.91034E+15,nov-22,246,YES,1,"$87,408",may-13,2013,No
202,1054,Mastercard,Debit,5.91385E+15,mar-24,237,YES,2,"$15,100",ene-09,2009,No
3860,1054,Mastercard,Debit,5.34956E+15,may-24,875,YES,1,"$2,303",jul-08,2011,No
924,1054,Visa,Credit,4.29519E+15,mar-23,349,YES,2,"$9,000",ene-20,2020,No
5921,1678,Amex,Credit,3.56005E+14,oct-21,507,YES,1,"$12,600",dic-08,2008,No
3435,1678,Mastercard,Debit,5.24008E+15,may-21,393,YES,1,"$25,027",jun-09,2009,No
4680,1678,Mastercard,Debit,5.12794E+15,ene-23,896,YES,1,"$30,424",sep-08,2011,No
1731,333,Mastercard,Debit,5.68921E+15,ago-22,924,YES,2,"$14,304",feb-20,2020,No
5311,1412,Visa,Debit,4.62122E+15,jun-16,682,YES,2,"$19,081",oct-15,2015,No
5687,1412,Mastercard,Debit,5.39534E+15,sep-20,501,YES,2,"$17,401",nov-13,2013,No
3067,1412,Mastercard,Credit,5.13568E+15,jul-21,505,YES,1,"$12,800",may-10,2016,No
3942,1412,Mastercard,Debit (Prepaid),5.67001E+15,jul-15,698,YES,1,$42,jul-10,2011,No
3436,1412,Mastercard,Debit,5.81816E+15,jun-14,212,NO,2,"$10,404",jun-09,2010,No
3715,177,Mastercard,Debit,5.51772E+15,jul-13,347,YES,1,"$39,422",jul-04,2009,No
2681,177,Mastercard,Credit,5.23714E+15,sep-23,589,YES,1,"$11,900",abr-11,2011,No
1152,177,Mastercard,Debit,5.97492E+15,jun-22,102,YES,2,"$4,880",feb-08,2010,No
3653,177,Mastercard,Debit,5.7649E+15,abr-20,255,YES,2,"$25,392",jul-98,2014,No
694,390,Mastercard,Credit,5.5919E+15,feb-20,836,YES,1,"$18,500",ene-20,2020,No
695,390,Mastercard,Debit (Prepaid),5.077E+15,ene-22,241,YES,1,$57,ene-20,2020,No
3539,1577,Visa,Credit,4.81686E+15,nov-22,197,YES,1,"$10,100",jun-11,2014,No
3437,1577,Mastercard,Debit,5.76465E+15,mar-24,596,YES,1,"$2,037",jun-09,2013,No
3504,1577,Visa,Debit,4.99136E+15,ene-21,244,YES,2,"$21,999",jun-10,2015,No
2394,1577,Mastercard,Debit,5.5575E+15,ene-21,576,YES,2,"$15,793",abr-94,2012,No
4090,1609,Mastercard,Debit,5.67526E+15,ene-21,833,NO,1,"$28,844",ago-98,2011,No
4681,1609,Mastercard,Debit,5.59539E+15,ago-23,519,YES,1,"$34,023",sep-08,2008,No
5992,1609,Amex,Credit,3.35445E+14,sep-22,999,YES,1,"$19,400",dic-10,2013,No
3510,1609,Amex,Credit,3.39793E+14,jun-23,936,YES,1,"$16,100",jun-11,2011,No
2353,1762,Visa,Credit,4.30032E+15,ago-22,628,YES,2,"$18,400",mar-15,2015,No
3410,917,Visa,Debit,4.19197E+15,ene-18,802,YES,2,"$17,314",jun-08,2014,No
2887,917,Mastercard,Debit,5.40439E+15,oct-20,819,YES,1,"$20,999",may-05,2007,No
5068,917,Visa,Debit,4.47595E+15,nov-06,530,YES,2,"$7,199",oct-06,2013,No
2652,1717,Mastercard,Debit,5.08993E+15,ago-20,17,YES,1,"$23,956",abr-10,2010,No
6122,1717,Mastercard,Debit,5.7734E+15,feb-19,800,YES,2,"$17,695",dic-16,2016,No
1383,1717,Visa,Debit,4.24655E+15,ago-22,593,YES,2,"$22,765",feb-18,2018,No
363,1717,Visa,Debit,4.51508E+15,feb-20,194,YES,1,"$15,934",ene-17,2017,No
3029,1355,Visa,Debit,4.10764E+15,oct-17,870,YES,1,"$9,295",may-09,2009,No
3068,1355,Mastercard,Debit,5.16484E+15,ago-23,26,YES,2,"$7,112",may-10,2014,No
166,1668,Mastercard,Debit,5.55057E+15,jul-24,941,YES,2,"$23,712",ene-08,2009,No
4185,1668,Mastercard,Debit,5.549E+15,feb-21,29,YES,1,"$33,471",ago-06,2011,No
4893,1668,Visa,Debit,4.9829E+15,feb-20,864,YES,1,"$23,240",sep-15,2015,No
4440,1668,Visa,Debit,4.24973E+15,jul-22,917,YES,1,"$18,828",ago-14,2014,No
4803,1668,Visa,Credit,4.16172E+15,oct-10,265,YES,1,"$14,000",sep-10,2016,No
1153,1668,Mastercard,Debit (Prepaid),5.9213E+15,jul-22,404,YES,2,$20,feb-08,2017,No
5260,1293,Mastercard,Debit,5.03746E+15,may-21,117,YES,1,"$16,339",oct-12,2012,No
696,1293,Mastercard,Debit,5.07815E+15,jul-21,614,YES,2,"$23,902",ene-20,2020,No
925,1597,Visa,Debit,4.77717E+15,dic-24,558,YES,2,"$38,025",ene-20,2020,No
926,1597,Visa,Credit,4.69611E+15,jul-20,495,YES,2,"$22,900",ene-20,2020,No
697,1597,Mastercard,Debit,5.45269E+15,jul-24,803,YES,1,"$24,682",ene-20,2020,No
927,202,Visa,Credit,4.26942E+15,feb-24,906,YES,2,"$6,200",ene-20,2020,No
1973,493,Visa,Debit,4.09705E+15,oct-24,652,YES,2,"$9,241",feb-20,2020,No
1261,361,Visa,Credit,4.97268E+15,jun-22,555,NO,2,"$11,500",feb-10,2010,No
5839,361,Mastercard,Debit,5.71092E+15,sep-21,13,NO,1,"$14,958",dic-05,2009,No
4703,361,Visa,Debit (Prepaid),4.39488E+15,mar-21,15,YES,2,$20,sep-08,2008,No
5055,361,Mastercard,Debit,5.6153E+15,jun-08,29,NO,1,"$4,581",oct-06,2009,No
260,1659,Visa,Debit,4.41946E+15,feb-23,113,YES,1,"$18,116",ene-10,2010,No
3438,1659,Mastercard,Debit,5.64212E+15,mar-20,731,YES,1,"$23,082",jun-09,2009,No
185,1659,Visa,Credit,4.1993E+15,sep-15,515,YES,2,"$19,100",ene-08,2008,No
5056,1659,Mastercard,Debit,5.47946E+15,ago-23,700,YES,2,"$23,740",oct-06,2014,No
959,1659,Mastercard,Debit,5.49993E+15,nov-21,570,YES,1,"$22,242",feb-96,2012,No
3540,1659,Visa,Credit,4.44557E+15,sep-20,474,YES,2,"$12,700",jun-11,2011,No
1974,289,Visa,Credit,4.57027E+15,feb-24,74,YES,2,"$5,000",feb-20,2020,No
698,289,Mastercard,Debit,5.11829E+15,ene-20,713,YES,1,"$7,640",ene-20,2020,No
148,737,Visa,Debit,4.40009E+15,jun-20,700,NO,1,"$6,789",ene-07,2009,No
6144,737,Mastercard,Credit,5.41371E+15,oct-24,454,YES,1,"$6,600",dic-19,2019,No
5013,1733,Mastercard,Debit,5.91807E+15,sep-23,879,YES,2,$898,oct-04,2007,No
6016,278,Mastercard,Debit,5.60182E+15,may-23,832,NO,1,"$137,669",dic-10,2010,No
2518,278,Visa,Credit,4.30936E+15,ago-23,207,YES,1,"$58,100",abr-06,2011,No
3919,278,Visa,Credit,4.74434E+15,jun-20,810,YES,2,"$49,300",jul-09,2010,No
6123,278,Mastercard,Debit,5.9455E+15,ene-23,428,YES,1,"$92,828",dic-16,2016,No
5619,278,Mastercard,Credit,5.07992E+15,oct-22,242,YES,2,"$55,300",nov-10,2010,No
699,618,Mastercard,Debit (Prepaid),5.39055E+15,feb-24,292,NO,2,$71,ene-20,2020,No
2282,618,Mastercard,Debit,5.12017E+15,feb-22,784,YES,1,"$11,591",mar-11,2011,No
4372,618,Mastercard,Debit,5.53839E+15,jul-19,115,YES,1,"$8,633",ago-11,2011,No
3411,618,Visa,Debit,4.37725E+15,feb-24,393,YES,1,"$12,496",jun-08,2010,No
2937,753,Mastercard,Debit (Prepaid),5.33301E+15,ene-09,836,YES,2,$4,may-07,2009,No
1311,753,Visa,Credit,4.03366E+15,ene-23,95,YES,2,"$8,000",feb-12,2012,No
5644,753,Discover,Credit,6.26882E+15,may-22,829,YES,1,"$8,600",nov-11,2011,No
5697,489,Visa,Debit (Prepaid),4.55016E+15,may-20,764,YES,1,$71,nov-13,2013,No
5069,489,Visa,Debit,4.69182E+15,nov-23,564,YES,2,"$11,347",oct-06,2009,No
4233,489,Visa,Credit,4.39235E+15,ene-24,539,YES,1,"$8,800",ago-07,2012,No
4051,489,Visa,Credit,4.174E+15,jul-23,922,YES,1,"$14,700",jul-16,2016,No
2991,90,Visa,Debit,4.08671E+15,may-10,977,YES,2,"$9,661",may-08,2015,No
1100,90,Visa,Debit,4.22438E+15,mar-15,585,YES,2,"$26,872",feb-06,2015,No
1233,90,Mastercard,Debit (Prepaid),5.45432E+15,mar-20,429,YES,1,$102,feb-10,2010,No
4682,1264,Mastercard,Debit,5.66675E+15,abr-23,756,NO,1,"$10,767",sep-08,2008,No
1732,1264,Mastercard,Debit,5.48236E+15,nov-24,625,YES,1,"$14,393",feb-20,2020,No
1975,18,Visa,Debit (Prepaid),4.94009E+15,ene-24,337,YES,2,$62,feb-20,2020,No
118,376,Visa,Credit,4.47279E+15,oct-20,900,YES,2,"$25,300",ene-06,2009,No
1262,376,Visa,Debit,4.96119E+15,ago-21,629,NO,1,"$28,884",feb-10,2015,No
4704,376,Visa,Debit,4.06123E+15,ago-24,127,YES,1,"$2,696",sep-08,2013,No
325,376,Visa,Credit,4.84636E+15,mar-13,650,YES,1,"$9,200",ene-13,2013,No
5576,579,Mastercard,Debit,5.4814E+15,ago-19,754,NO,2,"$21,005",nov-09,2010,No
2197,218,Mastercard,Debit,5.93206E+15,ene-23,263,NO,1,"$18,689",mar-08,2009,No
167,218,Mastercard,Credit,5.22632E+15,abr-20,569,YES,1,"$9,300",ene-08,2008,No
2846,218,Mastercard,Debit,5.72109E+15,jul-22,570,YES,2,"$9,789",may-03,2013,No
240,218,Mastercard,Debit,5.03103E+15,mar-24,565,YES,2,"$11,694",ene-10,2012,No
4091,218,Visa,Debit,4.36674E+15,jun-23,763,YES,1,"$11,592",ago-98,2015,No
6017,218,Mastercard,Credit,5.10249E+15,dic-14,615,YES,1,"$8,100",dic-10,2010,No
4465,218,Mastercard,Debit,5.21208E+15,nov-21,836,YES,1,"$11,647",ago-17,2017,No
1976,1320,Visa,Debit,4.41732E+15,abr-22,598,NO,1,"$10,693",feb-20,2020,No
4859,42,Mastercard,Debit,5.58524E+15,sep-20,555,YES,1,"$10,776",sep-13,2013,No
2824,42,Discover,Credit,6.63875E+15,jun-21,943,YES,1,"$6,300",may-02,2011,No
2742,42,Discover,Credit,6.12833E+15,feb-19,56,YES,2,"$5,600",abr-15,2015,No
4592,1170,Visa,Credit,4.19287E+15,jul-21,680,YES,1,"$7,900",sep-05,2009,No
4353,1170,Visa,Debit,4.20661E+15,nov-21,873,YES,2,"$19,442",ago-10,2010,No
2573,1531,Mastercard,Credit,5.69728E+15,feb-24,18,YES,2,"$7,500",abr-08,2008,No
928,1275,Visa,Credit,4.0846E+15,nov-21,121,YES,2,"$2,000",ene-20,2020,No
1977,1275,Visa,Debit,4.74916E+15,oct-24,568,YES,1,"$10,800",feb-20,2020,No
4092,26,Amex,Credit,3.8622E+14,sep-17,281,NO,2,"$3,900",ago-99,2010,No
4868,1937,Visa,Credit,4.47859E+15,oct-24,207,YES,2,"$5,500",sep-13,2013,No
3,1937,Visa,Credit,4.28989E+15,abr-20,736,YES,2,"$16,400",ene-95,2015,No
4193,1937,Visa,Debit (Prepaid),4.41849E+15,may-21,868,YES,2,$53,ago-06,2012,No
1186,1937,Mastercard,Debit,5.01605E+15,nov-13,561,NO,1,"$17,883",feb-09,2017,No
3327,1937,Mastercard,Debit,5.66391E+15,ago-24,385,YES,2,"$12,212",jun-06,2006,No
3030,1177,Visa,Credit,4.37523E+15,nov-23,566,YES,1,"$15,800",may-09,2015,No
4164,1177,Mastercard,Credit,5.35046E+15,dic-24,315,YES,1,"$26,400",ago-05,2008,No
4860,1177,Mastercard,Debit,5.16746E+15,sep-21,218,YES,2,"$25,993",sep-13,2013,No
4016,1177,Visa,Debit (Prepaid),4.03167E+15,may-22,372,YES,2,$59,jul-13,2013,No
3529,1032,Mastercard,Debit (Prepaid),5.75915E+15,ago-23,644,YES,2,$8,jun-11,2011,No
1056,1032,Mastercard,Debit,5.14735E+15,jul-20,325,NO,2,"$1,955",feb-05,2013,No
3961,397,Visa,Debit,4.39873E+15,sep-22,592,YES,1,"$7,159",jul-10,2011,No
3179,397,Mastercard,Debit,5.16679E+15,oct-21,167,YES,1,"$12,172",may-16,2016,No
2574,397,Mastercard,Debit,5.74835E+15,ene-21,704,YES,2,"$10,889",abr-08,2010,No
2543,566,Mastercard,Credit,5.12418E+15,feb-20,308,YES,2,"$10,800",abr-07,2010,No
3122,566,Mastercard,Debit (Prepaid),5.01951E+15,dic-13,156,YES,1,$58,may-12,2012,No
3439,566,Mastercard,Credit,5.57867E+15,feb-23,118,YES,1,"$11,000",jun-09,2009,No
4547,566,Amex,Credit,3.04564E+14,nov-24,170,YES,2,"$12,700",sep-04,2008,No
5577,566,Mastercard,Credit,5.58864E+15,sep-12,525,YES,1,"$10,100",nov-09,2009,No
3247,1581,Amex,Credit,3.35921E+14,feb-22,743,NO,1,"$11,300",jun-03,2007,No
2519,1581,Visa,Debit,4.56472E+15,dic-20,446,YES,1,"$26,596",abr-06,2015,No
5541,1581,Mastercard,Debit,5.86216E+15,ene-23,117,YES,2,"$1,807",nov-08,2013,No
5374,1581,Discover,Credit,6.49428E+15,jul-24,471,YES,1,"$9,700",nov-02,2005,No
5840,1581,Mastercard,Credit,5.60717E+15,mar-20,51,YES,1,"$12,300",dic-05,2010,No
5666,1332,Visa,Debit,4.69221E+15,oct-24,841,YES,1,"$40,914",nov-11,2011,No
2406,1332,Visa,Debit,4.73376E+15,sep-21,982,YES,1,"$21,749",abr-99,2008,No
4880,1332,Visa,Debit,4.31826E+15,oct-24,152,YES,1,"$39,491",sep-14,2014,No
2166,1648,Visa,Debit,4.72182E+15,jun-21,106,YES,2,"$97,352",mar-07,2019,No
2624,1648,Visa,Debit,4.55986E+15,abr-21,475,NO,2,"$5,921",abr-09,2010,No
5388,1648,Mastercard,Debit,5.28303E+15,oct-23,972,YES,2,"$54,057",nov-03,2012,No
1187,1648,Mastercard,Debit,5.48913E+15,feb-21,287,NO,2,"$64,565",feb-09,2019,No
5282,1648,Visa,Credit,4.69999E+15,jun-22,973,YES,1,"$36,700",oct-13,2013,No
4787,17,Mastercard,Debit,5.11284E+15,jun-22,367,YES,1,"$7,175",sep-10,2017,No
4962,17,Amex,Credit,3.9624E+14,oct-24,814,YES,1,"$2,800",oct-02,2011,No
2520,349,Visa,Credit,4.95717E+15,ago-23,860,YES,2,"$3,600",abr-06,2006,No
4314,349,Visa,Debit,4.84839E+15,sep-20,393,YES,1,"$30,348",ago-09,2010,No
4843,1200,Visa,Credit,4.99389E+15,jun-22,784,YES,2,"$6,000",sep-12,2012,No
3505,228,Visa,Credit,4.21321E+15,ene-23,746,YES,1,"$1,700",jun-10,2010,No
4545,484,Visa,Debit,4.59792E+15,jul-06,864,YES,2,"$10,755",sep-03,2020,No
5794,484,Mastercard,Debit,5.81469E+15,nov-23,196,YES,2,"$61,262",dic-03,2016,No
3662,484,Amex,Credit,3.85811E+14,ene-13,173,YES,1,$0,jul-01,2009,No
1733,1099,Mastercard,Credit,5.80557E+15,jun-23,887,YES,2,"$3,500",feb-20,2020,No
3196,1480,Mastercard,Credit,5.67747E+15,ene-18,686,YES,2,"$7,100",may-17,2017,No
1188,1449,Mastercard,Debit (Prepaid),5.15421E+15,sep-22,821,YES,2,$51,feb-09,2013,No
241,1449,Mastercard,Debit,5.13453E+15,feb-22,755,YES,2,"$11,457",ene-10,2016,No
1003,1449,Mastercard,Debit,5.92514E+15,jun-23,273,NO,2,"$1,563",feb-02,2011,No
5707,1417,Visa,Debit,4.75531E+15,jul-21,531,YES,2,"$37,325",nov-14,2014,No
2975,1417,Mastercard,Credit,5.79047E+15,oct-22,1,NO,1,"$14,200",may-08,2016,No
3397,1417,Mastercard,Debit,5.1645E+15,sep-21,490,YES,1,"$28,815",jun-08,2015,No
1234,1417,Mastercard,Debit (Prepaid),5.08292E+15,feb-21,774,YES,2,$85,feb-10,2010,No
3920,1417,Visa,Debit,4.55149E+15,nov-18,892,YES,2,"$15,285",jul-09,2009,No
280,267,Mastercard,Debit,5.62564E+15,jul-23,310,YES,2,"$10,636",ene-11,2011,No
326,267,Visa,Debit,4.77146E+15,oct-15,970,YES,1,"$12,891",ene-13,2013,No
4411,267,Mastercard,Debit,5.40483E+15,oct-21,72,YES,1,"$11,885",ago-13,2013,No
5389,373,Mastercard,Debit,5.43531E+15,feb-17,45,YES,2,"$2,849",nov-03,2012,No
4750,373,Visa,Debit,4.62383E+15,ago-23,233,YES,1,"$3,867",sep-09,2009,No
261,373,Visa,Debit,4.1392E+15,oct-21,9,YES,2,"$6,688",ene-10,2016,No
2817,373,Mastercard,Debit,5.42215E+15,dic-20,242,YES,2,"$8,021",may-01,2018,No
2283,1772,Mastercard,Debit,5.30675E+15,may-22,271,YES,1,"$27,201",mar-11,2011,No
5918,1772,Visa,Credit,4.14832E+15,dic-20,313,YES,2,"$12,800",dic-07,2009,No
56,1772,Mastercard,Debit (Prepaid),5.99336E+15,mar-20,94,YES,2,$96,ene-04,2011,No
5657,1772,Mastercard,Debit,5.62638E+15,may-23,982,NO,2,"$16,426",nov-11,2011,No
1978,1418,Visa,Credit,4.40249E+15,nov-21,627,YES,1,"$9,100",feb-20,2020,No
4516,1774,Visa,Debit,4.29612E+15,ene-23,314,YES,1,"$14,546",sep-01,2008,No
2003,1774,Discover,Credit,6.9745E+15,dic-20,192,YES,1,"$8,400",mar-97,2013,No
5578,1774,Mastercard,Debit,5.50018E+15,oct-20,43,YES,2,"$10,815",nov-09,2020,No
5939,1774,Mastercard,Credit,5.64709E+15,mar-21,480,NO,1,"$4,000",dic-08,2012,No
2407,964,Visa,Debit,4.08663E+15,may-20,881,YES,1,"$11,254",abr-99,2018,No
2593,964,Visa,Debit,4.8422E+15,sep-20,497,YES,2,"$2,271",abr-08,2008,No
2811,964,Visa,Debit,4.7801E+15,dic-07,604,YES,2,"$6,311",may-00,2013,No
294,964,Amex,Credit,3.40046E+14,feb-20,218,YES,1,"$13,700",ene-12,2012,No
4885,72,Mastercard,Credit,5.42822E+15,sep-24,953,YES,1,"$14,300",sep-15,2015,No
1734,6,Mastercard,Credit,5.07066E+15,feb-20,516,YES,2,"$14,600",feb-20,2020,No
2366,1527,Mastercard,Credit,5.8018E+15,jun-21,527,YES,2,"$7,100",mar-17,2017,No
203,1433,Mastercard,Debit,5.34667E+15,ene-24,734,YES,1,"$4,534",ene-09,2010,No
4485,1433,Visa,Credit,4.88954E+15,jul-21,890,YES,2,"$4,200",ago-19,2019,No
5841,1433,Mastercard,Debit,5.8958E+15,may-24,48,NO,1,"$27,117",dic-05,2005,No
2544,1785,Mastercard,Debit,5.35656E+15,abr-23,125,NO,2,"$14,404",abr-07,2015,No
2153,1785,Mastercard,Debit,5.45651E+15,ago-12,557,YES,2,"$6,360",mar-07,2016,No
2037,1785,Mastercard,Debit,5.17604E+15,nov-20,119,YES,1,"$4,701",mar-02,2017,No
4079,1476,Mastercard,Debit,5.08651E+15,may-24,613,YES,1,"$13,793",jul-19,2019,No
3553,1476,Mastercard,Debit,5.5682E+15,dic-12,676,YES,1,"$27,569",jun-12,2012,No
264,1476,Amex,Credit,3.51119E+14,may-21,551,YES,1,"$10,400",ene-11,2011,No
3990,455,Visa,Debit,4.32599E+15,feb-21,114,NO,1,"$14,959",jul-11,2011,No
4064,455,Visa,Debit,4.57336E+15,oct-22,267,YES,2,"$19,713",jul-17,2017,No
348,455,Mastercard,Debit (Prepaid),5.14608E+15,mar-22,662,YES,1,$90,ene-15,2015,No
1433,1553,Amex,Credit,3.2139E+14,feb-20,287,YES,2,"$15,500",feb-20,2020,No
929,1553,Visa,Credit,4.03757E+15,may-23,634,NO,1,"$19,200",ene-20,2020,No
930,532,Visa,Debit,4.76681E+15,jun-20,723,YES,1,"$16,610",ene-20,2020,No
3142,532,Visa,Debit,4.77723E+15,jun-23,559,YES,1,"$21,793",may-13,2013,No
931,532,Visa,Debit,4.17516E+15,jul-22,655,NO,1,"$15,261",ene-20,2020,No
292,532,Visa,Debit,4.09263E+15,abr-24,721,YES,1,"$25,919",ene-11,2011,No
57,1092,Mastercard,Debit,5.57521E+15,ene-16,88,YES,2,"$4,546",ene-04,2010,No
1456,1092,Discover,Credit,6.732E+15,jul-22,82,YES,2,"$9,600",feb-20,2020,No
1979,1819,Visa,Debit,4.08612E+15,abr-24,744,YES,1,"$9,238",feb-20,2020,No
1735,1819,Mastercard,Debit,5.67457E+15,oct-22,702,YES,2,"$15,474",feb-20,2020,No
3834,528,Amex,Credit,3.08645E+14,jul-22,930,YES,2,"$9,500",jul-08,2015,No
25,528,Visa,Debit,4.28755E+15,abr-03,482,YES,1,"$7,030",ene-01,2011,No
5161,528,Mastercard,Debit (Prepaid),5.20052E+15,may-20,493,YES,2,$25,oct-09,2010,No
3150,328,Mastercard,Debit,5.90078E+15,ago-24,694,YES,2,"$15,125",may-14,2014,No
1263,328,Visa,Credit,4.73745E+15,jun-20,626,YES,2,"$13,200",feb-10,2010,No
4186,328,Mastercard,Debit (Prepaid),5.09715E+15,sep-06,617,YES,2,$130,ago-06,2014,No
364,1282,Visa,Debit,4.4704E+15,nov-23,109,YES,1,"$13,193",ene-17,2017,No
4815,1282,Mastercard,Debit,5.35939E+15,may-20,975,YES,1,"$16,187",sep-11,2011,No
4945,783,Mastercard,Debit,5.35925E+15,oct-20,401,YES,2,"$1,627",oct-00,2013,No
105,783,Mastercard,Credit,5.0841E+15,oct-07,908,YES,2,"$5,600",ene-06,2008,No
5795,783,Mastercard,Credit,5.6377E+15,sep-24,146,YES,1,"$9,600",dic-03,2016,No
1434,1325,Amex,Credit,3.37243E+14,jul-20,64,YES,1,"$89,900",feb-20,2020,No
1435,1325,Amex,Credit,3.66279E+14,jul-24,517,YES,2,"$44,100",feb-20,2020,No
1980,687,Visa,Debit,4.41873E+15,feb-20,79,YES,2,"$19,446",feb-20,2020,No
2266,1693,Visa,Credit,4.74566E+15,ago-23,938,NO,2,"$29,900",mar-10,2017,No
5940,1693,Mastercard,Debit,5.1281E+15,mar-17,726,YES,1,"$33,506",dic-08,2011,No
932,1542,Visa,Debit,4.17017E+15,jul-23,65,YES,1,"$20,971",ene-20,2020,No
2906,1542,Mastercard,Debit (Prepaid),5.71246E+15,jun-20,814,YES,2,$65,may-06,2009,No
4829,36,Visa,Debit,4.88779E+15,jun-19,31,YES,2,"$18,808",sep-11,2013,No
1736,36,Mastercard,Debit,5.40267E+15,jul-21,292,NO,2,"$8,723",feb-20,2020,No
2611,360,Mastercard,Debit,5.64121E+15,dic-16,668,YES,2,"$28,003",abr-09,2009,No
2719,360,Mastercard,Debit,5.16828E+15,jul-22,939,YES,2,"$15,972",abr-13,2013,No
4441,360,Visa,Debit,4.00531E+15,oct-18,106,YES,1,"$22,342",ago-14,2014,No
3592,360,Mastercard,Debit,5.00833E+15,abr-20,382,NO,1,"$21,058",jun-15,2015,No
700,555,Mastercard,Debit (Prepaid),5.82614E+15,abr-21,787,YES,2,$26,ene-20,2020,No
1981,136,Visa,Debit,4.27025E+15,ago-23,977,NO,1,"$24,605",feb-20,2020,No
701,136,Mastercard,Debit,5.94106E+15,nov-21,888,YES,2,"$23,529",ene-20,2020,No
1982,136,Visa,Debit,4.45143E+15,ene-23,354,YES,2,"$20,780",feb-20,2020,No
2710,603,Visa,Credit,4.95865E+15,nov-22,821,YES,2,"$3,900",abr-12,2012,No
5205,1794,Mastercard,Debit,5.32072E+15,jul-24,264,YES,2,"$4,392",oct-10,2017,No
3069,329,Mastercard,Credit,5.3767E+15,oct-20,991,YES,1,"$12,300",may-10,2013,No
1362,329,Amex,Credit,3.3755E+14,abr-24,449,YES,2,"$11,100",feb-16,2016,No
4082,329,Visa,Debit (Prepaid),4.33682E+15,nov-20,943,YES,2,$93,jul-19,2019,No
4788,329,Mastercard,Credit,5.02875E+15,jul-24,278,YES,1,"$9,500",sep-10,2015,No
5824,1181,Visa,Credit,4.89572E+15,nov-22,687,YES,1,"$12,000",dic-04,2011,No
136,1181,Mastercard,Debit,5.62782E+15,jul-20,309,YES,2,"$11,999",ene-07,2015,No
3642,1181,Mastercard,Credit,5.77287E+15,ene-21,811,YES,2,$0,jun-19,2019,No
5842,1181,Mastercard,Debit,5.10777E+15,sep-21,77,YES,2,"$18,991",dic-05,2011,No
1094,1181,Mastercard,Debit,5.14129E+15,oct-24,209,YES,1,"$27,146",feb-06,2011,No
32,598,Visa,Debit (Prepaid),4.40554E+15,oct-24,340,YES,2,$32,ene-02,2009,No
2040,598,Visa,Debit,4.7068E+15,abr-23,754,YES,2,"$19,103",mar-02,2011,No
2361,598,Visa,Credit,4.49708E+15,oct-21,609,YES,2,"$11,400",mar-16,2016,No
5038,990,Visa,Debit (Prepaid),4.5731E+15,oct-23,912,YES,1,$75,oct-05,2007,No
2267,1777,Visa,Credit,4.28772E+15,dic-20,945,YES,1,"$12,700",mar-10,2020,No
5014,1777,Mastercard,Debit (Prepaid),5.86393E+15,may-23,815,YES,1,$61,oct-04,2012,No
1207,1777,Discover,Credit,6.89096E+15,ago-18,17,YES,2,"$24,400",feb-10,2011,No
4557,1777,Mastercard,Debit,5.52352E+15,feb-23,646,YES,2,"$32,895",sep-04,2005,No
1057,1777,Mastercard,Credit,5.2832E+15,sep-06,183,YES,1,"$14,300",feb-05,2010,No
702,998,Mastercard,Credit,5.86799E+15,nov-23,890,NO,1,"$9,400",ene-20,2020,No
703,998,Mastercard,Debit,5.27824E+15,ene-24,334,YES,1,"$11,364",ene-20,2020,No
2917,1872,Visa,Debit,4.57983E+15,jul-23,234,YES,1,"$24,308",may-06,2011,No
5819,1872,Mastercard,Debit,5.72862E+15,jul-11,308,YES,1,"$26,328",dic-04,2005,No
2918,1872,Visa,Debit,4.1683E+15,jun-18,37,YES,1,"$21,655",may-06,2009,No
308,1872,Visa,Debit,4.65609E+15,ene-22,257,YES,1,"$23,300",ene-12,2012,No
3962,1872,Visa,Credit,4.48131E+15,may-23,653,YES,1,"$15,900",jul-10,2013,No
4267,1872,Mastercard,Credit,5.7471E+15,mar-23,145,YES,2,"$8,500",ago-08,2011,No
933,1743,Visa,Debit (Prepaid),4.93858E+15,sep-20,779,YES,1,$60,ene-20,2020,No
1983,1743,Visa,Debit,4.70627E+15,feb-21,662,NO,2,"$15,234",feb-20,2020,No
934,1743,Visa,Debit,4.75667E+15,oct-22,215,YES,2,"$30,870",ene-20,2020,No
935,1743,Visa,Debit,4.59654E+15,mar-21,466,YES,1,"$30,155",ene-20,2020,No
2781,1000,Mastercard,Debit,5.86486E+15,mar-20,31,YES,1,"$23,088",abr-18,2018,No
1737,1708,Mastercard,Debit,5.9328E+15,dic-24,567,YES,2,"$23,397",feb-20,2020,No
704,1708,Mastercard,Credit,5.76819E+15,mar-22,263,YES,2,"$9,100",ene-20,2020,No
936,799,Visa,Credit,4.63263E+15,feb-20,343,YES,2,"$6,600",ene-20,2020,No
2284,799,Mastercard,Credit,5.60809E+15,feb-20,715,YES,2,"$7,000",mar-11,2011,No
3650,144,Amex,Credit,3.67474E+14,dic-01,558,YES,1,"$11,600",jul-98,2009,No
1436,144,Amex,Credit,3.75208E+14,dic-22,512,YES,2,$0,feb-20,2020,No
4457,144,Mastercard,Debit,5.96252E+15,nov-22,627,YES,2,"$14,699",ago-16,2016,No
5247,144,Mastercard,Debit,5.8918E+15,jul-22,370,YES,2,"$20,289",oct-11,2011,No
1235,781,Mastercard,Debit,5.72481E+15,dic-24,821,YES,2,"$16,474",feb-10,2010,No
1984,781,Visa,Debit,4.44154E+15,feb-20,193,YES,2,"$3,356",feb-20,2020,No
937,781,Visa,Debit,4.13022E+15,feb-20,602,YES,2,"$14,679",ene-20,2020,No
4388,781,Discover,Credit,6.30852E+15,ago-20,770,YES,2,"$4,300",ago-12,2012,No
5390,1572,Mastercard,Debit,5.14604E+15,sep-21,676,YES,1,$946,nov-03,2015,No
5092,1572,Mastercard,Debit,5.02427E+15,abr-24,101,YES,2,"$7,720",oct-07,2007,No
3151,1572,Mastercard,Credit,5.53664E+15,ago-15,627,YES,2,"$3,500",may-14,2014,No
2775,793,Visa,Credit,4.0309E+15,abr-23,880,YES,1,"$13,700",abr-17,2017,No
4234,793,Visa,Credit,4.70772E+15,feb-24,530,YES,1,"$16,700",ago-07,2007,No
938,1681,Visa,Credit,4.58509E+15,ago-21,873,YES,1,"$18,800",ene-20,2020,No
2545,1179,Mastercard,Debit,5.57526E+15,abr-20,712,YES,2,"$15,518",abr-07,2011,No
4466,1179,Visa,Debit,4.38145E+15,oct-24,135,YES,2,"$27,313",ago-17,2017,No
2612,1179,Mastercard,Debit,5.51793E+15,jun-22,283,YES,1,"$21,989",abr-09,2009,No
4760,1179,Discover,Credit,6.34059E+15,feb-20,737,YES,1,"$12,900",sep-10,2013,No
5128,1179,Mastercard,Debit,5.03761E+15,oct-21,213,YES,2,"$20,026",oct-08,2010,No
5283,114,Visa,Debit,4.99709E+15,mar-23,106,YES,2,"$10,676",oct-13,2013,No
3398,114,Mastercard,Debit,5.56329E+15,jul-23,711,YES,2,"$27,447",jun-08,2010,No
3070,114,Mastercard,Debit,5.4715E+15,ene-19,875,YES,2,"$16,617",may-10,2011,No
939,114,Visa,Debit,4.40618E+15,sep-20,386,YES,2,"$12,173",ene-20,2020,No
1738,271,Mastercard,Debit,5.7589E+15,dic-21,876,NO,1,"$2,105",feb-20,2020,No
6112,1107,Mastercard,Debit,5.67819E+15,abr-23,765,YES,1,"$16,678",dic-15,2015,No
3698,1107,Mastercard,Debit,5.25913E+15,mar-20,719,YES,1,"$14,123",jul-03,2006,No
1985,1107,Visa,Debit,4.7799E+15,jul-23,172,YES,1,"$11,281",feb-20,2020,No
8,1107,Mastercard,Credit,5.46276E+15,sep-21,665,NO,2,"$10,300",ene-98,2006,No
2872,1107,Visa,Debit (Prepaid),4.21895E+15,abr-20,609,YES,2,$102,may-04,2011,No
6079,517,Visa,Debit,4.5292E+15,dic-19,956,YES,1,"$11,254",dic-12,2012,No
5335,517,Visa,Debit,4.6243E+15,may-23,695,NO,2,"$10,703",oct-18,2018,No
106,517,Mastercard,Credit,5.78183E+15,abr-21,342,YES,1,"$5,000",ene-06,2016,No
1739,517,Mastercard,Debit,5.81466E+15,sep-21,53,YES,2,"$8,002",feb-20,2020,No
2268,624,Visa,Debit,4.42822E+15,ene-12,800,YES,2,"$18,969",mar-10,2010,No
1326,624,Mastercard,Debit,5.62078E+15,abr-19,203,YES,1,"$12,931",feb-13,2013,No
2992,1215,Visa,Debit,4.05298E+15,jul-08,922,YES,2,"$18,112",may-08,2011,No
5476,1992,Visa,Debit,4.59954E+15,jun-21,352,YES,1,"$13,034",nov-06,2006,No
5327,1992,Visa,Debit (Prepaid),4.73544E+15,abr-21,440,YES,1,$71,oct-17,2017,No
1132,1992,Visa,Debit,4.34636E+15,may-21,819,YES,1,"$10,374",feb-07,2007,No
4442,1992,Visa,Debit,4.46426E+15,sep-16,11,YES,1,"$13,382",ago-14,2014,No
3797,1992,Visa,Debit,4.16953E+15,feb-20,372,YES,1,"$11,063",jul-06,2011,No
705,968,Mastercard,Credit,5.01396E+15,mar-20,831,YES,2,$700,ene-20,2020,No
5974,19,Mastercard,Debit (Prepaid),5.886E+15,feb-23,676,YES,2,$55,dic-09,2011,No
1133,1605,Visa,Debit,4.60716E+15,ene-24,954,YES,1,"$18,358",feb-07,2010,No
3231,1605,Visa,Credit,4.05081E+15,oct-22,906,YES,1,"$8,700",jun-01,2010,No
5975,1605,Mastercard,Debit,5.24275E+15,dic-09,558,YES,2,"$1,966",dic-09,2011,No
3123,463,Mastercard,Debit,5.04365E+15,nov-17,56,YES,1,"$13,257",may-12,2012,No
5746,463,Visa,Debit,4.04954E+15,dic-19,952,YES,1,"$20,297",nov-19,2019,No
1986,1365,Visa,Credit,4.86864E+15,abr-23,143,YES,2,"$7,500",feb-20,2020,No
3328,809,Mastercard,Debit,5.75183E+15,oct-18,741,YES,1,"$31,696",jun-06,2015,No
1202,590,Amex,Credit,3.61344E+14,sep-10,837,YES,2,"$7,400",feb-10,2012,No
262,590,Visa,Debit,4.77021E+15,nov-22,959,NO,2,"$7,644",ene-10,2010,No
2555,1904,Visa,Credit,4.90633E+15,jun-21,740,NO,1,"$13,600",abr-07,2011,No
2575,1904,Mastercard,Debit (Prepaid),5.01814E+15,nov-22,978,YES,1,$40,abr-08,2011,No
3656,1904,Mastercard,Debit (Prepaid),5.56096E+15,ago-07,327,YES,2,$61,jul-00,2013,No
1004,1904,Mastercard,Debit,5.66075E+15,jul-22,27,YES,1,"$7,597",feb-02,2005,No
2498,1904,Visa,Credit,4.42409E+15,jul-24,996,NO,2,"$9,900",abr-05,2006,No
1120,545,Mastercard,Debit,5.50075E+15,dic-21,290,YES,2,"$7,898",feb-07,2014,No
6140,545,Amex,Credit,3.1256E+14,feb-20,667,YES,1,"$12,700",dic-19,2019,No
5802,545,Visa,Debit,4.02606E+15,abr-18,850,NO,1,"$34,329",dic-03,2010,No
2125,789,Mastercard,Debit,5.73395E+15,ago-21,629,NO,1,"$25,206",mar-06,2018,No
4523,789,Mastercard,Debit (Prepaid),5.35804E+15,oct-21,787,YES,1,$89,sep-02,2012,No
2269,789,Visa,Debit,4.46699E+15,abr-24,542,YES,3,"$15,143",mar-10,2014,No
3071,742,Mastercard,Credit,5.86773E+15,oct-10,868,YES,2,"$12,700",may-10,2010,No
4751,742,Visa,Debit (Prepaid),4.02137E+15,abr-24,489,YES,2,$53,sep-09,2009,No
3900,742,Mastercard,Debit (Prepaid),5.45124E+15,jul-23,89,YES,2,$67,jul-09,2016,No
3943,742,Mastercard,Debit,5.52438E+15,abr-20,727,NO,2,"$22,839",jul-10,2015,No
706,612,Mastercard,Debit,5.18475E+15,may-24,395,YES,1,"$17,252",ene-20,2020,No
2294,612,Visa,Debit,4.41446E+15,mar-24,962,YES,1,"$19,103",mar-11,2011,No
4031,612,Visa,Debit,4.62279E+15,may-20,682,NO,1,"$15,619",jul-14,2014,No
2375,612,Mastercard,Debit,5.28868E+15,feb-20,742,YES,1,"$17,512",mar-18,2018,No
186,612,Visa,Credit,4.4462E+15,nov-20,745,YES,1,"$9,300",ene-08,2008,No
3512,612,Discover,Credit,6.45983E+15,mar-21,613,YES,2,"$9,300",jun-11,2011,No
4925,612,Mastercard,Debit,5.11641E+15,ene-21,641,YES,1,"$13,584",sep-19,2019,No
1437,536,Amex,Credit,3.6166E+14,feb-20,359,YES,2,"$8,300",feb-20,2020,No
940,536,Visa,Credit,4.17794E+15,oct-24,935,YES,1,"$7,000",ene-20,2020,No
707,536,Mastercard,Debit (Prepaid),5.2742E+15,ene-20,614,YES,1,$80,ene-20,2020,No
941,536,Visa,Debit,4.86899E+15,feb-20,851,YES,1,"$3,678",ene-20,2020,No
708,536,Mastercard,Debit,5.97971E+15,feb-20,245,YES,1,"$5,826",ene-20,2020,No
1438,523,Amex,Credit,3.21787E+14,mar-24,747,YES,2,"$8,200",feb-20,2020,No
2713,523,Discover,Credit,6.36422E+15,oct-23,14,YES,1,"$13,000",abr-13,2013,No
3612,523,Mastercard,Debit,5.69051E+15,may-22,573,YES,2,"$20,430",jun-16,2016,No
709,523,Mastercard,Credit,5.0086E+15,feb-20,232,YES,1,"$8,300",ene-20,2020,No
2771,928,Mastercard,Debit,5.57807E+15,jul-19,703,YES,1,"$10,882",abr-17,2017,No
3572,928,Visa,Debit,4.32344E+15,mar-22,40,YES,1,"$19,454",jun-13,2013,No
3152,928,Mastercard,Debit,5.07586E+15,feb-20,982,YES,1,"$19,624",may-14,2014,No
1203,928,Amex,Credit,3.22674E+14,ago-12,250,YES,1,"$8,700",feb-10,2010,No
710,928,Mastercard,Credit,5.25314E+15,dic-20,945,YES,1,"$8,000",ene-20,2020,No
4528,928,Visa,Debit,4.56574E+15,mar-20,549,YES,1,"$14,540",sep-02,2002,No
4335,928,Mastercard,Credit,5.17043E+15,jun-23,817,YES,1,"$7,300",ago-10,2013,No
3506,1642,Visa,Credit,4.94122E+15,mar-15,160,YES,2,"$12,200",jun-10,2010,No
3573,1642,Visa,Credit,4.22242E+15,ene-21,67,YES,1,"$5,000",jun-13,2013,No
5206,1642,Mastercard,Credit,5.45136E+15,mar-20,365,YES,1,"$11,200",oct-10,2010,No
6034,1642,Visa,Credit,4.75969E+15,jul-16,34,NO,2,"$11,200",dic-10,2011,No
4281,1642,Visa,Debit,4.68033E+15,dic-12,377,YES,1,"$26,730",ago-08,2010,No
332,495,Mastercard,Credit,5.67855E+15,jul-17,255,YES,2,"$11,500",ene-14,2014,No
1740,495,Mastercard,Debit,5.62297E+15,oct-22,227,YES,2,"$16,747",feb-20,2020,No
2521,495,Visa,Debit,4.33736E+15,sep-11,943,YES,1,"$11,574",abr-06,2009,No
137,495,Mastercard,Debit,5.29164E+15,jun-08,568,NO,1,"$13,772",ene-07,2009,No
2625,166,Visa,Debit,4.53978E+15,feb-21,740,YES,1,$271,abr-09,2012,No
5284,166,Amex,Credit,3.95311E+14,may-22,56,YES,2,"$16,100",oct-14,2014,No
1741,166,Mastercard,Debit,5.73344E+15,feb-20,667,YES,2,"$11,039",feb-20,2020,No
4836,1277,Mastercard,Credit,5.68504E+15,ago-17,135,YES,2,"$19,800",sep-12,2012,No
2714,718,Discover,Credit,6.59676E+15,nov-24,931,YES,2,"$5,700",abr-13,2013,No
5796,718,Mastercard,Credit,5.00349E+15,mar-11,861,NO,1,"$7,200",dic-03,2012,No
1189,718,Mastercard,Debit (Prepaid),5.16477E+15,sep-20,691,YES,2,$11,feb-09,2013,No
711,1962,Mastercard,Debit,5.42234E+15,oct-21,939,YES,2,"$45,373",ene-20,2020,No
3371,1962,Visa,Credit,4.41505E+15,jun-11,166,NO,1,"$21,000",jun-07,2015,No
3798,1962,Visa,Debit,4.34367E+15,ago-21,665,YES,1,"$43,287",jul-06,2013,No
2594,1962,Visa,Debit,4.45236E+15,jul-21,260,YES,1,"$42,176",abr-08,2008,No
2126,1962,Mastercard,Debit,5.32292E+15,mar-22,534,YES,2,"$19,789",mar-06,2010,No
2198,133,Mastercard,Debit,5.24133E+15,jul-22,436,YES,1,"$24,508",mar-08,2009,No
4683,133,Mastercard,Debit,5.38654E+15,mar-24,26,YES,1,"$25,197",sep-08,2011,No
6113,682,Mastercard,Credit,5.51208E+15,oct-22,765,YES,2,"$9,300",dic-15,2015,No
6145,682,Visa,Debit,4.60595E+15,ago-20,517,YES,1,"$16,047",dic-19,2019,No
5162,795,Mastercard,Debit,5.90254E+15,dic-23,983,YES,1,"$27,795",oct-09,2014,No
4357,795,Discover,Credit,6.91728E+15,abr-20,315,YES,2,"$16,100",ago-11,2011,No
5904,1849,Mastercard,Debit,5.57604E+15,may-23,481,YES,2,"$14,027",dic-07,2014,No
1011,1849,Discover,Credit,6.73754E+15,ago-24,595,YES,1,"$10,600",feb-03,2007,No
3661,1732,Visa,Debit,4.04432E+15,dic-23,596,YES,2,"$26,995",jul-00,2009,No
712,167,Mastercard,Credit,5.22687E+15,ene-20,75,YES,1,"$10,400",ene-20,2020,No
1742,167,Mastercard,Credit,5.06757E+15,sep-23,755,YES,2,"$11,400",feb-20,2020,No
942,167,Visa,Credit,4.7423E+15,ene-22,16,YES,2,"$11,900",ene-20,2020,No
1987,1496,Visa,Debit,4.41471E+15,sep-21,462,YES,1,"$29,065",feb-20,2020,No
713,1496,Mastercard,Debit (Prepaid),5.48308E+15,jul-23,594,YES,2,$55,ene-20,2020,No
943,1496,Visa,Debit (Prepaid),4.74917E+15,ene-20,187,YES,1,$89,ene-20,2020,No
1743,853,Mastercard,Credit,5.99469E+15,mar-20,708,YES,2,"$22,800",feb-20,2020,No
6096,237,Visa,Credit,4.18729E+15,abr-21,798,NO,2,"$4,300",dic-13,2013,No
3574,237,Visa,Debit,4.14542E+15,feb-21,398,NO,1,"$38,900",jun-13,2013,No
4238,769,Discover,Credit,6.51496E+15,nov-12,261,NO,1,"$9,500",ago-08,2009,No
1744,769,Mastercard,Debit,5.64887E+15,feb-20,686,YES,2,"$17,633",feb-20,2020,No
3298,2,Mastercard,Credit,5.19162E+15,nov-20,485,YES,1,"$7,400",jun-05,2011,No
3593,2,Mastercard,Debit,5.45895E+15,jul-24,47,YES,1,"$9,001",jun-15,2015,No
2576,2,Mastercard,Debit,5.07794E+15,ago-23,127,NO,2,"$9,669",abr-08,2011,No
6073,2,Mastercard,Debit,5.61744E+15,ago-24,813,YES,2,"$16,491",dic-12,2012,No
2919,2,Visa,Credit,4.80976E+15,dic-13,939,YES,1,"$7,800",may-06,2012,No
3153,313,Mastercard,Debit,5.40197E+15,feb-23,737,YES,2,"$12,183",may-14,2014,No
4804,313,Visa,Credit,4.14262E+15,dic-22,716,YES,1,"$8,900",sep-10,2016,No
714,1624,Mastercard,Debit,5.1412E+15,oct-23,639,NO,1,"$13,558",ene-20,2020,No
1988,1624,Visa,Credit,4.56239E+15,jun-23,2,YES,1,"$12,600",feb-20,2020,No
1745,958,Mastercard,Debit,5.50503E+15,oct-23,281,YES,1,"$10,742",feb-20,2020,No
944,958,Visa,Credit,4.39368E+15,feb-20,748,YES,2,"$8,100",ene-20,2020,No
945,958,Visa,Debit,4.45477E+15,oct-24,884,YES,1,"$12,240",ene-20,2020,No
2938,989,Mastercard,Credit,5.69649E+15,feb-24,764,YES,1,"$28,000",may-07,2007,No
4613,989,Mastercard,Debit,5.54548E+15,jun-20,645,NO,1,"$19,843",sep-06,2015,No
4354,989,Visa,Debit,4.35318E+15,feb-21,19,YES,2,"$4,707",ago-10,2010,No
3039,989,Amex,Credit,3.09385E+14,ene-24,251,YES,1,"$16,200",may-10,2010,No
3643,989,Mastercard,Debit (Prepaid),5.33119E+15,oct-20,359,YES,1,$58,jun-19,2019,No
4124,989,Visa,Credit,4.11985E+15,feb-20,170,YES,2,"$21,600",ago-03,2015,No
2511,989,Mastercard,Debit,5.67603E+15,ene-22,678,YES,2,"$4,707",abr-06,2015,No
3979,989,Mastercard,Debit,5.27028E+15,may-24,714,YES,3,"$27,178",jul-11,2011,No
2976,1562,Mastercard,Credit,5.81963E+15,mar-23,727,YES,2,"$8,100",may-08,2014,No
168,1562,Mastercard,Debit,5.98013E+15,feb-24,42,YES,2,"$16,815",ene-08,2014,No
3459,1562,Visa,Debit (Prepaid),4.88186E+15,feb-22,637,YES,1,$0,jun-09,2012,No
2907,1983,Mastercard,Credit,5.26889E+15,mar-23,905,YES,1,"$51,900",may-06,2009,No
3399,1983,Mastercard,Credit,5.6341E+15,feb-20,250,YES,1,"$17,700",jun-08,2009,No
2653,1983,Mastercard,Debit,5.34078E+15,jul-23,257,YES,1,"$47,211",abr-10,2010,No
191,1091,Amex,Credit,3.86479E+14,mar-24,172,NO,2,"$17,800",ene-09,2009,No
1384,1091,Visa,Debit,4.33088E+15,oct-19,22,YES,1,"$29,685",feb-18,2018,No
3507,1091,Visa,Credit,4.72486E+15,ago-24,403,NO,1,"$12,700",jun-10,2013,No
3334,1091,Visa,Debit,4.56195E+15,ago-22,691,YES,1,"$21,744",jun-06,2011,No
2013,759,Visa,Credit,4.41711E+15,may-02,812,YES,2,"$15,500",mar-99,2013,No
3716,759,Mastercard,Debit,5.41811E+15,may-22,529,YES,2,"$23,154",jul-04,2012,No
2230,759,Mastercard,Debit,5.86494E+15,mar-12,438,YES,2,"$8,747",mar-09,2009,No
3101,759,Mastercard,Debit,5.56541E+15,sep-24,992,YES,1,"$25,059",may-11,2011,No
2069,779,Mastercard,Credit,5.33384E+15,abr-18,191,YES,2,"$14,200",mar-04,2010,No
119,779,Visa,Debit,4.90602E+15,ene-24,889,YES,2,"$18,888",ene-06,2014,No
1058,779,Mastercard,Debit,5.2605E+15,oct-23,797,NO,2,"$3,099",feb-05,2013,No
4558,779,Mastercard,Debit,5.94825E+15,nov-21,348,YES,2,"$10,656",sep-04,2011,No
3299,779,Mastercard,Debit,5.51006E+15,jun-12,587,YES,2,"$12,698",jun-05,2010,No
4282,105,Visa,Credit,4.35958E+15,sep-22,939,YES,1,"$10,200",ago-08,2012,No
4443,105,Visa,Credit,4.83524E+15,abr-15,368,YES,2,"$10,100",ago-14,2014,No
3460,105,Visa,Credit,4.75401E+15,ene-21,604,YES,1,"$10,700",jun-09,2013,No
1103,105,Amex,Credit,3.27833E+14,jun-12,215,YES,2,"$6,100",feb-07,2008,No
2499,105,Visa,Credit,4.95665E+15,oct-23,15,YES,2,"$8,800",abr-05,2014,No
3632,1618,Mastercard,Debit,5.67732E+15,ene-20,927,YES,1,"$21,280",jun-18,2018,No
5363,1618,Mastercard,Debit (Prepaid),5.65879E+15,mar-23,663,YES,1,$111,nov-00,2010,No
3031,1618,Visa,Debit,4.7881E+15,ene-24,88,YES,1,"$26,608",may-09,2009,No
5729,1618,Visa,Debit,4.03239E+15,mar-22,88,YES,2,"$37,619",nov-16,2016,No
3239,1168,Mastercard,Debit,5.80945E+15,sep-20,480,YES,1,"$25,422",jun-02,2008,No
5300,1237,Visa,Debit,4.96761E+15,dic-20,790,YES,2,"$16,053",oct-14,2014,No
2017,1237,Amex,Credit,3.04727E+14,jul-22,930,YES,1,"$8,400",mar-01,2014,No
3944,1237,Mastercard,Debit,5.29303E+15,sep-21,829,YES,1,"$14,385",jul-10,2012,No
5163,1237,Mastercard,Debit,5.90863E+15,dic-20,276,YES,2,"$1,607",oct-09,2011,No
2092,1237,Mastercard,Debit (Prepaid),5.2954E+15,dic-15,543,YES,2,$51,mar-05,2007,No
3372,1237,Visa,Debit,4.92535E+15,sep-23,570,YES,2,"$5,646",jun-07,2019,No
4283,699,Visa,Debit,4.01536E+15,oct-21,867,YES,1,"$20,887",ago-08,2008,No
3285,699,Amex,Credit,3.61233E+14,ago-22,626,YES,1,"$9,500",jun-05,2005,No
3875,699,Visa,Debit,4.02911E+15,ago-24,637,YES,2,"$8,960",jul-08,2014,No
4012,646,Mastercard,Debit,5.08413E+15,may-22,379,YES,2,"$15,822",jul-13,2013,No
6090,646,Mastercard,Debit,5.17193E+15,ago-23,349,YES,1,"$17,057",dic-13,2013,No
2093,646,Mastercard,Credit,5.41719E+15,abr-21,638,YES,2,"$14,500",mar-05,2019,No
715,499,Mastercard,Debit,5.63709E+15,ene-23,543,YES,2,"$14,146",ene-20,2020,No
716,499,Mastercard,Debit,5.02426E+15,mar-20,539,YES,1,"$22,392",ene-20,2020,No
5976,1403,Mastercard,Debit,5.99753E+15,sep-13,563,YES,2,"$21,084",dic-09,2015,No
2830,1403,Mastercard,Debit,5.65892E+15,mar-24,179,YES,2,"$11,889",may-02,2014,No
5433,631,Mastercard,Credit,5.6933E+15,oct-09,646,YES,1,"$8,600",nov-05,2006,No
4355,631,Visa,Debit,4.08553E+15,sep-23,988,YES,1,"$1,740",ago-10,2010,No
4515,631,Mastercard,Debit,5.36426E+15,jun-22,255,YES,1,"$16,908",sep-01,2013,No
2818,631,Mastercard,Debit,5.16414E+15,jul-22,553,YES,1,"$15,591",may-01,2012,No
3784,631,Mastercard,Debit,5.09386E+15,may-08,697,YES,2,"$20,974",jul-06,2007,No
717,631,Mastercard,Credit,5.31708E+15,may-22,81,YES,1,"$7,200",ene-20,2020,No
2596,631,Amex,Credit,3.54554E+14,feb-24,512,NO,1,"$8,500",abr-09,2010,No
4138,1070,Mastercard,Debit,5.58824E+15,ago-22,902,YES,1,"$28,666",ago-04,2010,No
718,1070,Mastercard,Debit,5.07702E+15,feb-22,452,NO,2,"$24,334",ene-20,2020,No
2923,1070,Amex,Credit,3.31661E+14,feb-20,340,YES,2,"$13,100",may-07,2013,No
4684,1070,Mastercard,Debit (Prepaid),5.00351E+15,ene-11,406,YES,2,$53,sep-08,2012,No
2908,1070,Mastercard,Debit,5.48592E+15,nov-21,934,YES,1,"$16,898",may-06,2013,No
5072,1070,Amex,Credit,3.10909E+14,feb-21,334,YES,2,"$9,600",oct-07,2008,No
2455,291,Amex,Credit,3.48934E+14,abr-05,705,YES,2,"$6,800",abr-04,2010,No
3221,291,Amex,Credit,3.52222E+14,oct-24,412,YES,2,"$9,900",jun-01,2006,No
169,291,Mastercard,Debit (Prepaid),5.90019E+15,ago-18,94,YES,2,$52,ene-08,2011,No
5774,738,Mastercard,Credit,5.99768E+15,ago-20,937,YES,2,"$19,600",dic-01,2013,No
2270,738,Visa,Credit,4.9754E+15,oct-22,633,YES,2,"$19,300",mar-10,2010,No
1989,738,Visa,Debit,4.55461E+15,oct-20,551,YES,1,"$42,253",feb-20,2020,No
204,738,Mastercard,Debit,5.18629E+15,jun-23,648,YES,1,"$21,997",ene-09,2011,No
5140,142,Visa,Debit,4.24575E+15,feb-20,47,YES,2,"$20,902",oct-08,2015,No
1046,142,Visa,Debit,4.8498E+15,ene-21,469,YES,2,"$2,284",feb-04,2017,No
1990,1375,Visa,Credit,4.75074E+15,mar-22,97,YES,1,"$19,800",feb-20,2020,No
719,1375,Mastercard,Debit,5.31776E+15,jun-20,472,YES,1,"$18,364",ene-20,2020,No
5827,459,Amex,Credit,3.94463E+14,may-18,988,YES,1,"$6,500",dic-05,2016,No
5620,459,Mastercard,Debit,5.45569E+15,may-24,886,YES,2,"$1,200",nov-10,2010,No
3170,459,Visa,Credit,4.70216E+15,jul-22,32,YES,1,"$6,300",may-15,2015,No
1991,459,Visa,Debit,4.70291E+15,ago-24,296,YES,1,"$13,496",feb-20,2020,No
3625,459,Visa,Debit,4.77768E+15,mar-22,841,NO,2,"$10,636",jun-17,2017,No
120,459,Visa,Credit,4.11552E+15,feb-20,685,YES,1,"$7,000",ene-06,2018,No
1457,281,Discover,Credit,6.05775E+15,oct-22,941,YES,2,"$10,000",feb-20,2020,No
4453,281,Visa,Credit,4.02727E+15,feb-20,614,YES,2,"$5,700",ago-15,2015,No
946,498,Visa,Debit,4.30882E+15,feb-20,200,YES,1,"$9,845",ene-20,2020,No
720,498,Mastercard,Debit,5.76291E+15,ene-24,55,YES,2,"$13,597",ene-20,2020,No
3667,55,Mastercard,Credit,5.6543E+15,oct-15,534,YES,1,"$10,300",jul-01,2017,No
4505,55,Mastercard,Debit,5.27994E+15,sep-07,556,YES,2,"$17,775",sep-00,2008,No
3980,55,Mastercard,Debit,5.60395E+15,jul-21,279,YES,2,"$6,056",jul-11,2011,No
3265,55,Visa,Debit,4.80623E+15,ago-20,750,YES,1,"$1,736",jun-03,2012,No
5865,55,Mastercard,Debit,5.12487E+15,may-22,482,YES,1,"$20,573",dic-06,2014,No
6037,1370,Discover,Credit,6.4239E+15,dic-24,893,YES,1,"$18,400",dic-11,2011,No
4957,1370,Mastercard,Debit,5.83187E+15,jul-24,88,YES,2,"$12,610",oct-01,2007,No
170,1370,Mastercard,Debit,5.84879E+15,ago-20,354,YES,2,"$10,471",ene-08,2010,No
3464,1370,Amex,Credit,3.54175E+14,feb-23,490,YES,2,"$25,100",jun-10,2010,No
721,897,Mastercard,Credit,5.64892E+15,mar-22,9,YES,2,"$10,200",ene-20,2020,No
4458,897,Mastercard,Debit,5.03952E+15,sep-22,731,NO,1,"$13,460",ago-16,2016,No
1992,262,Visa,Debit,4.25888E+15,abr-22,889,NO,1,"$9,765",feb-20,2020,No
722,262,Mastercard,Credit,5.18424E+15,sep-23,200,YES,1,"$5,900",ene-20,2020,No
1746,262,Mastercard,Debit (Prepaid),5.92246E+15,sep-21,516,YES,1,$62,feb-20,2020,No
723,1781,Mastercard,Debit,5.20515E+15,mar-20,412,YES,1,"$10,673",ene-20,2020,No
6018,1781,Mastercard,Debit,5.27158E+15,nov-23,444,NO,2,"$14,959",dic-10,2013,No
3032,1781,Visa,Debit,4.42107E+15,oct-15,365,YES,2,"$4,924",may-09,2013,No
5554,457,Visa,Credit,4.76572E+15,jun-20,635,YES,1,"$12,900",nov-08,2010,No
3129,457,Amex,Credit,3.23996E+14,mar-21,845,YES,2,"$4,300",may-13,2013,No
4222,457,Mastercard,Debit,5.32543E+15,jul-24,405,YES,2,"$16,134",ago-07,2010,No
3751,457,Visa,Credit,4.82778E+15,jul-23,26,YES,2,"$7,900",jul-05,2006,No
2740,160,Visa,Debit,4.05222E+15,nov-20,695,YES,1,"$15,204",abr-14,2014,No
1747,160,Mastercard,Debit,5.04303E+15,oct-22,212,YES,2,"$12,282",feb-20,2020,No
4914,160,Mastercard,Debit (Prepaid),5.09718E+15,mar-20,487,YES,1,$79,sep-17,2017,No
3072,1655,Mastercard,Debit,5.12956E+15,feb-15,315,YES,2,"$22,679",may-10,2010,No
947,1655,Visa,Credit,4.84848E+15,feb-20,877,YES,1,"$5,500",ene-20,2020,No
1236,1655,Mastercard,Credit,5.27383E+15,dic-12,361,YES,1,"$8,400",feb-10,2013,No
1208,984,Discover,Credit,6.61767E+15,jun-22,357,YES,2,"$6,900",feb-10,2015,No
2796,984,Visa,Debit,4.73527E+15,ago-22,484,YES,1,"$14,217",may-97,2013,No
4088,984,Mastercard,Debit,5.46678E+15,feb-24,259,YES,1,"$9,226",ago-97,2015,No
3836,984,Discover,Credit,6.28687E+15,feb-20,286,YES,2,"$4,000",jul-08,2008,No
121,984,Visa,Credit,4.16314E+15,may-24,949,YES,2,"$10,600",ene-06,2015,No
724,1329,Mastercard,Debit (Prepaid),5.80968E+15,abr-20,851,YES,1,$69,ene-20,2020,No
725,1329,Mastercard,Debit,5.04974E+15,nov-24,203,NO,2,"$10,964",ene-20,2020,No
1748,1329,Mastercard,Debit,5.58697E+15,jul-23,920,NO,1,"$8,651",feb-20,2020,No
3154,1329,Mastercard,Debit,5.37162E+15,jul-17,17,YES,1,"$9,800",may-14,2014,No
3461,1535,Visa,Credit,4.08677E+15,jun-19,906,YES,2,"$9,200",jun-09,2009,No
187,1535,Visa,Debit,4.3153E+15,ago-21,887,YES,1,"$17,231",ene-08,2008,No
948,1220,Visa,Debit,4.44864E+15,may-22,705,YES,2,"$21,782",ene-20,2020,No
949,833,Visa,Debit,4.2432E+15,ene-20,369,YES,1,"$16,736",ene-20,2020,No
1749,833,Mastercard,Debit,5.88633E+15,abr-23,569,YES,1,"$16,986",feb-20,2020,No
2577,295,Mastercard,Debit,5.60666E+15,abr-24,859,YES,2,"$5,521",abr-08,2015,No
2101,1434,Visa,Debit,4.68353E+15,ene-23,987,YES,2,"$27,776",mar-05,2009,No
5776,1434,Amex,Credit,3.40473E+14,may-21,594,YES,1,"$10,800",dic-02,2012,No
3594,1434,Mastercard,Credit,5.58287E+15,may-16,523,YES,1,"$4,300",jun-15,2015,No
5765,1434,Mastercard,Credit,5.89485E+15,oct-20,560,YES,1,"$11,300",dic-00,2010,No
1750,208,Mastercard,Debit,5.97342E+15,may-23,54,YES,1,"$31,164",feb-20,2020,No
4980,208,Amex,Credit,3.31642E+14,ago-20,68,YES,1,"$13,900",oct-03,2003,No
2426,208,Visa,Debit,4.45579E+15,nov-23,216,YES,2,"$23,834",abr-01,2014,No
5640,1909,Visa,Debit,4.12983E+15,nov-21,941,YES,1,"$9,599",nov-10,2010,No
4017,1909,Visa,Debit,4.92881E+15,sep-21,962,YES,1,"$8,177",jul-13,2013,No
1136,1909,Amex,Credit,3.56754E+14,ene-15,199,YES,1,"$6,100",feb-08,2019,No
5207,1909,Mastercard,Debit,5.24493E+15,jul-20,633,YES,2,"$3,658",oct-10,2016,No
4752,1356,Visa,Credit,4.05418E+15,ago-22,45,YES,2,"$8,100",sep-09,2015,No
2862,1356,Mastercard,Credit,5.53344E+15,abr-05,746,YES,2,"$7,900",may-04,2009,No
1751,1356,Mastercard,Debit (Prepaid),5.01946E+15,may-24,607,YES,2,$57,feb-20,2020,No
4057,1356,Mastercard,Debit,5.85972E+15,ago-20,127,YES,1,"$12,170",jul-17,2017,No
5480,1356,Amex,Credit,3.09524E+14,sep-24,665,YES,2,"$10,400",nov-07,2009,No
5905,265,Mastercard,Credit,5.36968E+15,dic-24,992,YES,1,"$12,000",dic-07,2009,No
1264,265,Visa,Credit,4.17946E+15,oct-22,376,YES,2,"$16,600",feb-10,2010,No
2305,265,Mastercard,Debit,5.18747E+15,may-23,680,NO,1,"$13,900",mar-12,2012,No
2909,1947,Mastercard,Debit,5.61123E+15,ene-19,578,NO,2,"$11,817",may-06,2009,No
2271,1947,Visa,Debit,4.90952E+15,may-15,967,YES,1,"$1,433",mar-10,2010,No
205,1947,Mastercard,Debit,5.67172E+15,jul-22,733,YES,1,"$11,982",ene-09,2013,No
2654,1947,Mastercard,Debit,5.2634E+15,sep-22,84,YES,1,"$5,440",abr-10,2010,No
3159,1089,Visa,Debit,4.17139E+15,oct-20,702,YES,1,"$32,269",may-14,2014,No
3487,1089,Mastercard,Debit (Prepaid),5.99245E+15,jul-10,255,YES,1,$68,jun-10,2011,No
2682,1089,Mastercard,Debit,5.86255E+15,ago-22,206,YES,2,"$25,390",abr-11,2011,No
726,1790,Mastercard,Debit (Prepaid),5.90473E+15,sep-21,689,YES,2,$73,ene-20,2020,No
1752,1999,Mastercard,Debit,5.24527E+15,ene-21,956,YES,1,"$14,895",feb-20,2020,No
1993,1999,Visa,Credit,4.60596E+15,nov-22,710,YES,2,"$7,100",feb-20,2020,No
1753,614,Mastercard,Debit,5.17325E+15,feb-20,842,YES,1,"$12,829",feb-20,2020,No
4002,614,Mastercard,Debit,5.95383E+15,jul-24,781,YES,1,"$19,508",jul-12,2012,No
4753,614,Visa,Credit,4.67994E+15,may-21,328,YES,1,"$12,700",sep-09,2015,No
416,614,Amex,Credit,3.76263E+14,feb-20,498,YES,1,"$13,700",ene-20,2020,No
2094,614,Mastercard,Debit,5.30363E+15,sep-22,849,YES,1,"$26,467",mar-05,2007,No
6065,614,Visa,Debit,4.00982E+15,dic-11,343,YES,2,"$25,059",dic-11,2011,No
2953,614,Visa,Debit,4.20888E+15,sep-21,889,YES,2,"$17,403",may-07,2010,No
340,814,Visa,Credit,4.45859E+15,jul-24,713,YES,2,"$7,400",ene-14,2014,No
2955,814,Amex,Credit,3.04032E+14,jul-20,406,YES,2,"$14,300",may-08,2012,No
4536,814,Mastercard,Debit,5.97585E+15,oct-24,385,YES,2,"$8,262",sep-03,2018,No
4444,814,Visa,Credit,4.10754E+15,abr-18,877,YES,1,"$7,700",ago-14,2014,No
950,175,Visa,Debit (Prepaid),4.34216E+15,jun-20,911,YES,2,$37,ene-20,2020,No
5267,305,Visa,Debit,4.60894E+15,nov-15,656,NO,1,"$13,767",oct-12,2012,No
341,305,Visa,Debit (Prepaid),4.18165E+15,may-20,86,YES,1,$90,ene-14,2014,No
2448,305,Mastercard,Debit,5.02322E+15,may-06,739,YES,2,"$11,408",abr-03,2010,No
2338,1225,Visa,Credit,4.52906E+15,abr-20,270,YES,2,"$2,400",mar-14,2014,No
1163,1225,Visa,Credit,4.23487E+15,nov-24,759,YES,2,"$18,600",feb-08,2011,No
5762,1225,Mastercard,Debit,5.46919E+15,feb-24,610,YES,2,"$15,422",dic-99,2009,No
4754,1405,Visa,Debit,4.32499E+15,nov-24,374,YES,2,"$19,575",sep-09,2009,No
2690,1405,Visa,Debit (Prepaid),4.46572E+15,oct-20,476,YES,2,$62,abr-11,2011,No
2939,1405,Mastercard,Credit,5.52085E+15,feb-18,530,NO,1,"$10,800",may-07,2009,No
5922,1405,Amex,Credit,3.43577E+14,jul-13,751,YES,2,"$12,400",dic-08,2010,No
5039,1405,Visa,Debit,4.56322E+15,nov-22,673,YES,1,"$30,314",oct-05,2007,No
2578,1405,Mastercard,Debit,5.5996E+15,nov-20,190,YES,1,"$16,317",abr-08,2010,No
4844,1405,Visa,Debit,4.70059E+15,ene-23,458,YES,1,"$26,033",sep-12,2012,No
5420,1405,Visa,Credit,4.66877E+15,abr-23,733,NO,1,"$11,600",nov-04,2008,No
5994,1478,Discover,Credit,6.11355E+15,mar-22,285,YES,2,"$14,800",dic-10,2011,No
4789,1478,Mastercard,Debit,5.4186E+15,sep-24,749,YES,2,"$4,183",sep-10,2010,No
1237,1478,Mastercard,Debit,5.02448E+15,mar-24,877,YES,1,"$6,732",feb-10,2010,No
3415,1920,Amex,Credit,3.4759E+14,ago-21,561,YES,1,"$8,200",jun-09,2013,No
5579,1920,Mastercard,Debit,5.52383E+15,feb-24,247,NO,2,"$1,726",nov-09,2014,No
2791,1920,Visa,Debit,4.51567E+15,jun-20,91,NO,2,"$20,318",may-96,2015,No
3861,1920,Mastercard,Debit (Prepaid),5.19835E+15,sep-23,52,YES,2,$42,jul-08,2017,No
4412,241,Mastercard,Debit,5.64899E+15,sep-20,557,YES,1,"$18,654",ago-13,2013,No
4506,241,Mastercard,Debit,5.87761E+15,ago-23,436,YES,1,"$11,219",sep-00,2010,No
2749,241,Mastercard,Debit,5.42418E+15,nov-18,340,YES,1,"$11,143",abr-15,2015,No
3921,241,Visa,Credit,4.24198E+15,may-22,803,NO,1,"$6,900",jul-09,2012,No
58,241,Mastercard,Debit,5.33733E+15,abr-19,672,YES,2,"$12,861",ene-04,2008,No
3818,331,Mastercard,Debit,5.94944E+15,ene-21,269,YES,1,"$12,801",jul-07,2011,No
1994,331,Visa,Credit,4.35313E+15,mar-24,851,YES,2,"$6,300",feb-20,2020,No
417,8,Amex,Credit,3.6695E+14,jul-22,960,YES,1,"$12,900",ene-20,2020,No
418,8,Amex,Credit,3.51564E+14,abr-22,915,YES,2,"$12,800",ene-20,2020,No
727,1354,Mastercard,Debit,5.29078E+15,feb-20,372,YES,2,"$3,861",ene-20,2020,No
5447,1354,Visa,Debit,4.09893E+15,ago-07,821,YES,2,"$8,024",nov-05,2011,No
1995,1354,Visa,Debit,4.43371E+15,feb-20,989,YES,2,"$16,452",feb-20,2020,No
3102,1258,Mastercard,Debit,5.47783E+15,dic-20,288,YES,1,"$24,326",may-11,2011,No
1105,1258,Discover,Credit,6.11689E+15,abr-17,772,YES,2,"$9,600",feb-07,2012,No
3901,1258,Mastercard,Credit,5.11559E+15,nov-20,682,YES,2,"$5,400",jul-09,2010,No
4830,1258,Visa,Debit,4.24677E+15,dic-14,779,YES,1,"$26,158",sep-11,2011,No
206,1258,Mastercard,Debit (Prepaid),5.77725E+15,dic-23,26,YES,1,$65,ene-09,2009,No
5951,1258,Visa,Debit,4.44326E+15,jul-24,583,YES,1,"$24,674",dic-08,2010,No
3561,1258,Visa,Debit,4.70936E+15,nov-22,7,NO,1,"$14,484",jun-12,2012,No
3945,919,Mastercard,Debit,5.55977E+15,ene-21,233,YES,1,"$20,765",jul-10,2014,No
6124,919,Mastercard,Credit,5.07733E+15,abr-21,470,YES,2,"$17,100",dic-16,2016,No
4733,1447,Mastercard,Credit,5.86146E+15,feb-22,901,YES,1,"$3,600",sep-09,2009,No
728,902,Mastercard,Debit,5.26806E+15,mar-23,669,YES,1,"$14,139",ene-20,2020,No
951,1318,Visa,Credit,4.76379E+15,abr-24,729,YES,1,"$10,600",ene-20,2020,No
729,1318,Mastercard,Debit,5.93973E+15,ene-20,670,YES,1,"$22,844",ene-20,2020,No
730,1318,Mastercard,Debit,5.98964E+15,mar-20,385,YES,1,"$15,212",ene-20,2020,No
1458,1318,Discover,Credit,6.42967E+15,may-22,863,YES,2,"$17,300",feb-20,2020,No
731,1545,Mastercard,Debit,5.22927E+15,oct-22,810,YES,2,"$13,088",ene-20,2020,No
419,1545,Amex,Credit,3.49828E+14,ene-20,939,YES,1,"$5,700",ene-20,2020,No
1754,1545,Mastercard,Debit,5.23771E+15,feb-20,674,YES,1,"$19,294",feb-20,2020,No
732,1001,Mastercard,Debit,5.51024E+15,ene-20,842,YES,2,"$8,876",ene-20,2020,No
5070,1315,Visa,Debit,4.55103E+15,dic-13,610,YES,1,"$9,922",oct-06,2011,No
5719,1315,Visa,Debit,4.84877E+15,nov-24,454,YES,1,"$14,514",nov-15,2015,No
2556,1315,Visa,Debit,4.85766E+15,ene-23,655,NO,1,"$14,464",abr-07,2008,No
5434,1315,Mastercard,Credit,5.23778E+15,ene-21,520,YES,1,"$10,600",nov-05,2009,No
4790,323,Mastercard,Credit,5.01755E+15,sep-18,481,NO,1,"$5,900",sep-10,2011,No
4268,323,Mastercard,Debit,5.64449E+15,oct-24,413,YES,2,"$5,082",ago-08,2009,No
2135,323,Visa,Debit,4.3053E+15,may-16,895,NO,1,"$7,003",mar-06,2012,No
2467,323,Mastercard,Debit,5.36308E+15,jul-24,479,YES,2,"$7,364",abr-04,2009,No
5977,323,Mastercard,Debit,5.3657E+15,dic-20,476,YES,1,"$9,513",dic-09,2009,No
733,625,Mastercard,Debit,5.12285E+15,abr-24,156,YES,2,"$17,063",ene-20,2020,No
6125,979,Mastercard,Credit,5.03481E+15,feb-20,628,YES,2,"$5,700",dic-16,2016,No
5421,979,Visa,Credit,4.45099E+15,mar-23,271,YES,1,"$8,600",nov-04,2009,No
2613,979,Mastercard,Debit,5.50821E+15,may-24,164,YES,1,"$12,586",abr-09,2010,No
1755,537,Mastercard,Debit,5.74109E+15,feb-20,480,YES,1,"$36,967",feb-20,2020,No
1756,537,Mastercard,Debit,5.25981E+15,feb-20,147,YES,2,"$28,458",feb-20,2020,No
3012,1096,Mastercard,Credit,5.25782E+15,oct-20,52,YES,2,"$5,500",may-09,2009,No
5225,1096,Visa,Debit,4.24937E+15,oct-22,678,YES,1,"$26,222",oct-10,2010,No
4816,1347,Mastercard,Debit,5.42237E+15,dic-23,973,YES,2,"$21,802",sep-11,2011,No
3511,1347,Amex,Credit,3.4329E+14,feb-21,678,YES,2,"$13,100",jun-11,2011,No
5678,1347,Mastercard,Debit,5.2124E+15,nov-21,77,YES,2,"$17,079",nov-12,2012,No
5141,1395,Visa,Credit,4.75206E+15,dic-20,397,YES,2,"$31,500",oct-08,2008,No
4089,1395,Mastercard,Debit,5.08893E+15,feb-24,904,YES,1,"$51,412",ago-97,2008,No
3033,1614,Visa,Credit,4.60521E+15,may-19,438,YES,1,$0,may-09,2009,No
2095,1212,Mastercard,Debit,5.12779E+15,jun-21,895,YES,2,"$13,746",mar-05,2007,No
6117,1588,Visa,Debit,4.31638E+15,mar-22,580,YES,1,"$30,023",dic-15,2015,No
2016,1588,Visa,Credit,4.35434E+15,abr-24,195,YES,2,"$14,300",mar-00,2009,No
5952,121,Visa,Debit,4.71654E+15,feb-23,508,YES,1,"$18,137",dic-08,2011,No
420,121,Amex,Credit,3.78254E+14,ago-20,484,YES,3,"$10,700",ene-20,2020,No
349,121,Mastercard,Credit,5.34601E+15,dic-21,389,YES,1,"$10,000",ene-15,2015,No
1996,1773,Visa,Debit (Prepaid),4.93614E+15,mar-24,506,YES,2,$82,feb-20,2020,No
2703,1859,Mastercard,Debit,5.84394E+15,jun-21,609,YES,1,"$15,976",abr-12,2012,No
4991,1859,Mastercard,Debit,5.88001E+15,mar-23,187,YES,1,"$34,560",oct-03,2011,No
2241,1859,Visa,Credit,4.1585E+15,jul-20,263,YES,1,"$18,600",mar-09,2013,No
2419,1859,Mastercard,Debit (Prepaid),5.92269E+15,may-20,982,YES,1,$65,abr-01,2014,No
5018,1859,Visa,Debit,4.44156E+15,mar-22,974,YES,1,"$15,374",oct-04,2016,No
1997,1339,Visa,Credit,4.99003E+15,sep-22,28,YES,1,"$16,700",feb-20,2020,No
734,1339,Mastercard,Debit,5.15251E+15,jul-23,970,NO,1,"$20,534",ene-20,2020,No
735,1894,Mastercard,Debit,5.85461E+15,dic-24,371,YES,2,"$24,939",ene-20,2020,No
736,1894,Mastercard,Credit,5.82956E+15,abr-20,377,YES,1,"$15,200",ene-20,2020,No
2438,77,Visa,Credit,4.14269E+15,jul-14,401,YES,2,"$13,700",abr-02,2012,No
5906,77,Mastercard,Debit,5.79746E+15,feb-23,743,YES,2,"$7,949",dic-07,2010,No
438,77,Discover,Credit,6.40239E+15,abr-20,731,YES,1,"$9,300",ene-20,2020,No
4373,77,Mastercard,Debit,5.24765E+15,jun-23,180,YES,1,"$21,862",ago-11,2011,No
3621,77,Mastercard,Debit,5.56017E+15,abr-20,566,NO,2,"$15,988",jun-17,2017,No
4837,77,Mastercard,Debit,5.44376E+15,dic-14,623,NO,1,"$17,112",sep-12,2012,No
5688,77,Mastercard,Debit,5.0866E+15,oct-24,171,YES,1,"$27,063",nov-13,2013,No
5501,77,Mastercard,Debit,5.71347E+15,abr-21,887,YES,2,"$24,656",nov-07,2008,No
1076,1222,Visa,Debit,4.26188E+15,abr-22,882,YES,2,"$1,436",feb-05,2005,No
5364,363,Visa,Credit,4.4856E+15,jul-14,123,YES,1,"$18,700",nov-00,2010,No
5555,363,Visa,Debit,4.55426E+15,feb-11,650,YES,1,"$8,420",nov-08,2012,No
5208,363,Mastercard,Debit (Prepaid),5.31204E+15,oct-22,56,YES,1,$35,oct-10,2010,No
4434,634,Mastercard,Debit,5.26814E+15,dic-22,638,YES,1,"$22,995",ago-14,2014,No
3541,634,Visa,Debit,4.39761E+15,jul-23,634,YES,1,"$37,620",jun-11,2011,No
2272,634,Visa,Debit,4.15121E+15,dic-18,499,YES,1,"$18,220",mar-10,2011,No
3375,634,Amex,Credit,3.55152E+14,ene-22,511,YES,1,"$11,100",jun-08,2016,No
2579,628,Mastercard,Debit (Prepaid),5.4834E+15,abr-17,795,YES,1,$76,abr-08,2008,No
333,628,Mastercard,Debit,5.61491E+15,oct-21,288,YES,1,"$47,183",ene-14,2014,No
1757,628,Mastercard,Debit,5.25708E+15,feb-24,600,YES,2,"$44,912",feb-20,2020,No
3963,756,Visa,Debit,4.10992E+15,feb-23,276,YES,1,"$7,721",jul-10,2010,No
952,971,Visa,Credit,4.80988E+15,nov-23,507,NO,2,"$23,400",ene-20,2020,No
953,971,Visa,Debit,4.3259E+15,jun-23,877,YES,1,"$12,039",ene-20,2020,No
1998,971,Visa,Debit,4.01422E+15,mar-20,718,YES,2,"$10,971",feb-20,2020,No
737,971,Mastercard,Debit,5.2717E+15,feb-22,131,YES,2,"$14,570",ene-20,2020,No
954,971,Visa,Debit,4.07758E+15,oct-22,419,YES,2,"$12,195",ene-20,2020,No
1758,111,Mastercard,Debit,5.80587E+15,feb-20,145,YES,1,"$9,061",feb-20,2020,No
4413,111,Mastercard,Debit,5.80609E+15,ago-23,270,YES,2,"$10,964",ago-13,2013,No
1439,111,Amex,Credit,3.99823E+14,jul-21,676,YES,2,"$6,900",feb-20,2020,No
738,312,Mastercard,Debit,5.64127E+15,jun-23,654,YES,1,"$26,107",ene-20,2020,No
955,312,Visa,Debit (Prepaid),4.15405E+15,ene-20,751,YES,1,$76,ene-20,2020,No
1759,312,Mastercard,Debit,5.2074E+15,may-20,462,YES,2,"$19,613",feb-20,2020,No
956,312,Visa,Debit,4.82552E+15,oct-21,930,YES,1,"$17,569",ene-20,2020,No
1999,1627,Visa,Debit,4.34002E+15,oct-21,130,YES,2,"$10,099",feb-20,2020,No
4149,1359,Amex,Credit,3.10471E+14,may-20,922,YES,1,"$15,200",ago-05,2017,No
3699,1359,Mastercard,Debit,5.90501E+15,mar-23,993,YES,1,"$13,844",jul-03,2011,No
1760,174,Mastercard,Debit,5.01303E+15,abr-23,910,YES,1,"$18,748",feb-20,2020,No
1761,174,Mastercard,Debit,5.87919E+15,oct-20,924,YES,2,"$13,733",feb-20,2020,No
1762,174,Mastercard,Debit,5.01299E+15,dic-21,188,YES,2,"$20,623",feb-20,2020,No
739,420,Mastercard,Debit (Prepaid),5.32213E+15,jul-23,917,YES,2,$39,ene-20,2020,No
4817,488,Mastercard,Debit,5.53521E+15,ene-19,434,YES,1,"$12,759",sep-11,2011,No
5413,488,Mastercard,Debit,5.30443E+15,dic-22,266,NO,1,"$19,554",nov-04,2007,No
171,7,Mastercard,Debit,5.67344E+15,abr-23,44,NO,2,"$21,274",ene-08,2009,No
3335,7,Visa,Debit (Prepaid),4.73867E+15,ago-22,376,YES,1,$25,jun-06,2013,No
2490,7,Mastercard,Debit,5.55035E+15,ene-23,305,YES,2,"$12,868",abr-05,2012,No
1385,863,Visa,Debit (Prepaid),4.66977E+15,ene-20,338,YES,1,$80,feb-18,2018,No
4861,863,Mastercard,Debit,5.94685E+15,ene-23,589,YES,2,"$18,244",sep-13,2013,No
2750,863,Mastercard,Debit,5.27536E+15,jun-24,107,YES,2,"$11,402",abr-15,2015,No
3570,1854,Mastercard,Credit,5.51023E+15,jun-20,400,YES,1,"$7,200",jun-13,2013,No
3585,1854,Mastercard,Debit,5.82174E+15,jul-21,620,YES,1,"$22,975",jun-14,2014,No
2500,1041,Visa,Debit,4.95558E+15,oct-22,581,YES,2,"$5,579",abr-05,2010,No
2786,1616,Visa,Debit,4.47444E+15,oct-22,166,NO,1,"$56,039",abr-18,2018,No
2730,1616,Mastercard,Debit,5.72424E+15,dic-23,700,YES,1,"$28,861",abr-14,2014,No
5164,1616,Mastercard,Debit (Prepaid),5.21797E+15,sep-21,914,YES,1,$66,oct-09,2009,No
4734,1616,Mastercard,Credit,5.87779E+15,sep-22,793,NO,2,"$22,900",sep-09,2010,No
1763,1805,Mastercard,Credit,5.14546E+15,nov-23,913,YES,1,"$8,500",feb-20,2020,No
2546,1805,Mastercard,Credit,5.54175E+15,feb-22,58,NO,1,"$3,800",abr-07,2007,No
172,1284,Mastercard,Debit,5.75048E+15,jun-23,222,YES,2,"$9,789",ene-08,2009,No
6066,1284,Amex,Credit,3.5869E+14,mar-18,877,YES,2,"$10,800",dic-12,2012,No
2000,1735,Visa,Credit,4.86511E+15,jul-21,237,YES,1,"$15,100",feb-20,2020,No
1165,1735,Discover,Credit,6.51525E+15,abr-20,190,YES,1,"$15,700",feb-09,2011,No
3336,1735,Visa,Debit,4.49719E+15,may-15,378,YES,2,"$7,320",jun-06,2015,No
4053,1735,Amex,Credit,3.70617E+14,jun-18,911,NO,2,"$5,600",jul-17,2017,No
3700,1735,Mastercard,Debit,5.50651E+15,jun-21,743,YES,2,"$12,762",jul-03,2010,No
5057,1735,Mastercard,Credit,5.12934E+15,abr-24,444,YES,2,"$11,900",oct-06,2015,No
5828,1528,Discover,Credit,6.25911E+15,feb-14,854,YES,2,"$16,400",dic-05,2008,No
2491,1528,Mastercard,Debit,5.07446E+15,ago-17,226,YES,2,"$5,656",abr-05,2020,No
4805,1528,Visa,Debit (Prepaid),4.65378E+15,feb-24,233,YES,1,$107,sep-10,2015,No
4845,1528,Visa,Credit,4.72354E+15,abr-24,305,YES,2,"$7,800",sep-12,2012,No
3752,1528,Visa,Credit,4.78467E+15,feb-22,50,YES,2,"$7,700",jul-05,2015,No
4315,1528,Visa,Debit,4.84255E+15,dic-22,511,NO,3,"$8,033",ago-09,2014,No
740,1278,Mastercard,Debit (Prepaid),5.1114E+15,dic-22,302,YES,1,$56,ene-20,2020,No
1764,1278,Mastercard,Debit,5.30915E+15,feb-20,566,YES,1,"$21,099",feb-20,2020,No
741,1278,Mastercard,Debit,5.74313E+15,jul-21,955,YES,2,"$9,316",ene-20,2020,No
2863,591,Mastercard,Debit,5.27438E+15,ene-22,559,NO,2,"$21,971",may-04,2012,No
2199,591,Mastercard,Debit,5.2479E+15,mar-23,818,NO,1,"$10,442",mar-08,2016,No
2391,591,Visa,Credit,4.4095E+15,ago-19,435,NO,2,"$8,100",mar-19,2019,No
2285,97,Mastercard,Debit,5.44719E+15,dic-23,290,YES,2,"$9,956",mar-11,2011,No
3180,31,Mastercard,Debit,5.32559E+15,abr-20,663,YES,2,"$25,702",may-16,2016,No
3622,31,Mastercard,Debit,5.41872E+15,sep-19,758,YES,1,"$15,435",jun-17,2017,No
5594,31,Amex,Credit,3.14393E+14,dic-23,772,YES,2,"$11,500",nov-10,2010,No
742,1380,Mastercard,Debit,5.27748E+15,sep-23,765,YES,1,"$21,244",ene-20,2020,No
219,1380,Visa,Debit (Prepaid),4.40592E+15,jun-11,725,YES,1,$85,ene-09,2009,No
1295,1240,Visa,Credit,4.21247E+15,mar-23,449,YES,1,"$4,000",feb-11,2011,No
3876,1240,Visa,Debit,4.19175E+15,ago-22,915,YES,1,"$23,169",jul-08,2011,No
1361,1240,Visa,Debit,4.14078E+15,nov-22,794,YES,2,"$16,638",feb-15,2015,No
1121,932,Mastercard,Debit,5.4169E+15,may-23,533,YES,1,"$4,700",feb-07,2015,No
2626,932,Visa,Debit,4.75251E+15,jul-24,219,YES,2,"$3,648",abr-09,2009,No
2614,932,Mastercard,Credit,5.6922E+15,mar-24,761,YES,2,"$11,400",abr-09,2010,No
188,932,Visa,Credit,4.88275E+15,feb-22,251,YES,2,"$7,100",ene-08,2009,No
220,932,Visa,Debit,4.75954E+15,jun-19,306,YES,2,"$6,204",ene-09,2015,No
3562,932,Amex,Credit,3.13704E+14,sep-21,425,YES,2,"$6,100",jun-13,2013,No
2001,378,Visa,Debit (Prepaid),4.46356E+15,dic-20,748,NO,3,$61,feb-20,2020,No
5294,647,Mastercard,Debit,5.77707E+15,jul-18,895,YES,2,"$15,512",oct-14,2014,No
4460,647,Visa,Debit,4.73688E+15,jun-22,632,YES,2,"$8,332",ago-16,2016,No
4921,391,Amex,Credit,3.52641E+14,jun-23,945,YES,1,"$6,200",sep-19,2019,No
317,391,Mastercard,Debit,5.39672E+15,ago-21,596,YES,1,"$23,152",ene-13,2013,No
4936,391,Mastercard,Debit (Prepaid),5.18206E+15,sep-20,572,YES,2,$81,oct-98,2010,No
3488,391,Mastercard,Debit,5.02163E+15,ago-24,87,YES,1,"$11,812",jun-10,2010,No
3616,391,Visa,Debit,4.23917E+15,ene-20,156,YES,2,"$12,483",jun-16,2016,No
5182,391,Visa,Credit,4.92064E+15,ago-22,998,YES,1,"$9,100",oct-09,2010,No
957,588,Visa,Debit,4.33113E+15,feb-21,920,YES,2,"$21,787",ene-20,2020,No
439,588,Discover,Credit,6.20982E+15,ene-20,916,YES,2,"$12,000",ene-20,2020,No
1765,588,Mastercard,Debit,5.80089E+15,feb-20,80,YES,1,"$26,265",feb-20,2020,No
263,986,Visa,Debit,4.35122E+15,ago-12,302,YES,2,"$27,317",ene-10,2010,No
4755,986,Visa,Debit,4.94742E+15,ene-23,940,YES,2,"$15,094",sep-09,2011,No
2139,986,Discover,Credit,6.53752E+15,feb-23,573,NO,1,"$18,300",mar-07,2013,No
5295,1944,Mastercard,Debit,5.34523E+15,jun-18,321,NO,2,"$19,756",oct-14,2014,No
1304,1944,Mastercard,Debit,5.8674E+15,ene-22,493,NO,1,"$17,116",feb-12,2012,No
33,1944,Visa,Credit,4.80353E+15,sep-21,383,YES,1,"$11,100",ene-02,2009,No
1059,1944,Mastercard,Debit,5.0402E+15,nov-21,832,YES,1,"$2,468",feb-05,2005,No
4046,185,Mastercard,Debit,5.91655E+15,jul-24,314,YES,1,"$16,415",jul-16,2016,No
5361,185,Amex,Credit,3.0061E+14,ene-24,663,YES,1,"$6,900",nov-00,2013,No
2711,185,Visa,Credit,4.71852E+15,ene-21,492,YES,2,"$5,700",abr-12,2012,No
1305,1007,Mastercard,Credit,5.92951E+15,ago-20,237,NO,2,"$9,200",feb-12,2012,No
743,1110,Mastercard,Debit,5.58977E+15,ene-20,630,YES,1,"$28,074",ene-20,2020,No
3199,1110,Visa,Credit,4.99401E+15,dic-20,120,YES,1,"$14,400",may-17,2017,No
4122,820,,Debit,5.09513E+15,,410,YES,,$80,ene-20,,No
2859,825,Visa,Credit,5.95687E+15,jul-23,7,,1,"$12,057",sep-14,2020,No
44,970,Discover,Debit,5.11339E+15,ago-22,174,YES,3,,,2011,No
4065,646,Mastercard,,4.68288E+15,nov-12,740,YES,,"$13,200",,2015,
129,1180,Visa,Debit,5.21895E+15,,340,YES,1,"$20,765",oct-06,2020,No
5982,865,Visa,Debit,5.52754E+15,jun-20,713,NO,,$95,feb-20,2010,No
2832,1510,,Debit,5.80276E+15,dic-20,636,,2,"$20,699",feb-20,2011,No
3106,1094,Mastercard,Debit,5.67026E+15,sep-22,469,YES,1,"$52,609",jun-14,2013,No
3161,829,Visa,,5.97342E+15,jun-20,725,NO,1,,jun-06,2009,No
5779,1027,Mastercard,Debit,5.38348E+15,may-23,,,1,,may-15,2014,No
310,330,Mastercard,,5.5943E+15,mar-24,135,,1,,,2020,No
5747,436,Mastercard,,5.50855E+15,feb-20,464,,,,dic-03,2011,
944,1202,Discover,Credit,,nov-11,388,YES,2,"$6,100",jul-11,2018,No
1060,885,Visa,Credit,4.24655E+15,dic-21,929,YES,,"$15,500",feb-20,2016,
3293,1184,Mastercard,Credit,5.73616E+15,ago-24,204,YES,1,"$16,800",dic-09,2019,No
5919,614,Mastercard,,3.67474E+14,,785,,1,$64,ene-01,,
4674,1498,Visa,,5.03629E+15,,974,YES,1,"$9,300",may-09,2010,No
157,1573,Visa,Debit,4.662E+15,feb-24,598,NO,2,"$11,200",abr-99,2015,No
641,1231,Visa,Credit,4.97332E+15,abr-18,,,,"$15,285",mar-09,2014,No
880,504,Mastercard,,4.61639E+15,ene-24,8,YES,2,"$14,200",mar-08,,No
1849,871,Mastercard,Debit,5.68215E+15,,792,YES,,,ene-20,2012,
454,80,Mastercard,Debit,4.98239E+15,,440,,,,feb-20,2011,
2963,1603,,,5.01879E+15,sep-21,871,NO,,"$19,037",ago-05,2020,
2422,1361,Visa,Debit,4.96067E+15,feb-20,416,YES,2,$72,ene-19,,No
5871,592,Mastercard,Debit,5.47941E+15,feb-22,331,YES,1,"$15,300",jul-08,2020,No
1407,530,Mastercard,,5.10715E+15,sep-17,14,,1,,sep-13,,No
3814,1627,,Credit,4.16808E+15,,300,YES,1,"$12,100",nov-01,,
1249,729,,,5.60755E+15,,,YES,,"$7,700",jun-06,2010,No
5184,1491,Amex,Debit,5.12956E+15,may-22,744,YES,1,"$14,300",ene-08,2020,No
2641,1050,Mastercard,Debit,3.23578E+14,sep-20,560,YES,,,oct-04,2020,No
1964,160,Mastercard,Debit,5.97258E+15,,734,YES,1,"$6,611",dic-06,2013,No
5901,1694,Mastercard,Credit,4.45348E+15,jun-18,601,YES,2,,feb-20,,No
82,638,Visa,Debit,5.79652E+15,nov-24,174,,2,,feb-15,,
2182,1507,Mastercard,,5.9867E+15,jun-23,123,,2,$45,abr-11,2020,No
3775,255,,,4.26055E+15,,125,YES,1,,ene-20,,No
3862,568,Visa,,5.85591E+15,,698,NO,1,,jul-18,2010,No
4039,868,Visa,Credit,,oct-20,,NO,2,"$12,948",,,
2268,419,Mastercard,Debit,,sep-23,412,YES,2,"$8,500",feb-20,2015,No
2246,1095,,Debit,5.83187E+15,jul-20,130,,1,"$18,700",ene-20,2011,No
2293,117,Mastercard,Debit,5.88063E+15,abr-21,326,YES,1,"$20,827",feb-20,2020,No
1927,1485,Mastercard,Debit (Prepaid),4.75681E+15,mar-23,320,NO,2,"$25,900",,2020,
5859,822,Mastercard,Credit,4.29951E+15,jul-20,842,YES,1,"$17,400",may-13,2011,
5072,1922,,Credit,4.38595E+15,feb-20,,YES,,"$7,100",,2015,No
271,66,Visa,Credit,4.25467E+15,ago-23,195,YES,1,"$15,182",jul-06,2017,
3222,1375,Mastercard,,4.40072E+15,,971,,2,,may-08,,No
3952,266,,Debit,,,,YES,2,"$22,392",abr-10,2012,
1018,400,Mastercard,Debit,,jun-22,,YES,2,,ene-20,,
1173,449,Visa,Credit,4.58782E+15,jun-23,,YES,2,"$7,300",dic-08,2020,No
6133,1037,Mastercard,Credit,4.09333E+15,jun-22,912,YES,1,"$16,900",jul-10,2020,No
1251,1968,,Credit,5.273E+15,,54,YES,,"$36,271",abr-08,,
4248,28,Visa,Credit,5.02903E+15,,15,YES,2,$56,sep-13,2020,No
1439,1293,Mastercard,Debit,,,129,YES,2,,dic-10,2016,
5103,278,Visa,,4.42342E+15,,65,YES,2,,,2007,No
466,1882,Mastercard,Credit,4.35939E+15,ago-20,633,YES,1,$102,ene-11,2014,No
263,1124,Mastercard,Debit,5.28753E+15,feb-24,688,YES,2,"$8,200",mar-01,2010,No
2248,601,Visa,Debit (Prepaid),5.07861E+15,oct-11,285,,,"$17,512",dic-15,2008,No
1754,1365,Mastercard,Credit,,jul-24,288,YES,1,"$9,800",ene-09,2010,No
5274,1562,Mastercard,Debit (Prepaid),,ene-13,,YES,2,"$8,332",jun-04,2014,No
5884,185,Discover,Credit,5.89232E+15,dic-20,370,YES,2,"$24,389",,2008,No
4125,630,Mastercard,Credit,5.69326E+15,,742,NO,2,"$20,042",jul-10,,No
3967,1521,Visa,,5.12855E+15,dic-22,495,YES,1,,oct-09,2013,No
645,711,Visa,Debit,5.72806E+15,jun-22,,,2,,may-05,2020,No
1958,1972,Visa,Credit,,abr-23,468,YES,2,"$2,841",,2012,No
3173,1381,,Debit,4.68353E+15,abr-23,488,YES,1,"$17,211",sep-19,2010,
3953,1353,Mastercard,Debit,5.30824E+15,,,YES,1,,oct-07,2020,No
5981,1030,Mastercard,Debit (Prepaid),4.56931E+15,,852,,,"$6,700",feb-20,2019,
5182,944,Mastercard,Debit,3.14281E+14,nov-21,778,YES,1,"$22,115",jun-08,2010,No
5936,248,Visa,Credit,5.50611E+15,mar-21,987,YES,2,"$32,488",abr-09,,No
3522,772,Mastercard,Debit,4.30288E+15,feb-21,347,YES,1,"$30,298",mar-10,2014,No
4755,1799,Visa,Debit,4.81317E+15,feb-20,783,,1,$72,jun-99,2020,
5936,607,Discover,Credit,,,959,YES,,"$6,138",ene-20,2014,
4756,1539,Amex,Credit,3.25863E+14,abr-14,995,,2,"$9,700",oct-15,2020,No
1702,1302,Visa,Debit,5.11829E+15,feb-20,609,YES,,"$6,138",ene-20,,No
2320,1425,Mastercard,,4.93739E+15,abr-24,60,,2,"$29,465",,,No
5645,1323,,Debit,,ago-20,25,NO,1,"$9,300",ago-09,,No
2605,145,Mastercard,Debit,4.07658E+15,,137,YES,,,,2013,
2894,639,Amex,Debit,3.84781E+14,ago-22,267,,2,"$25,942",sep-04,2011,No
2882,607,Visa,Debit,4.17343E+15,ene-24,298,YES,2,"$9,400",sep-06,2010,No
5337,804,,Debit,4.41917E+15,ene-17,931,YES,,,abr-15,2020,No
2820,1124,,,,nov-22,981,YES,1,"$14,146",jun-13,2011,
4142,1901,Mastercard,Credit,3.3647E+14,may-21,908,YES,2,"$8,500",,,No
3256,730,,Debit,5.15829E+15,nov-22,32,YES,1,"$7,900",ago-10,,No
2428,664,,Credit,,jul-24,,YES,,"$16,203",,2004,No
1905,162,Visa,,5.78323E+15,,,YES,2,"$7,300",jul-08,,No
2815,1682,,Debit,5.48935E+15,ago-20,808,YES,1,,,2008,
1323,1800,,Debit,5.90321E+15,,994,YES,2,$32,feb-09,2016,No
6089,472,Visa,Debit (Prepaid),5.31376E+15,jul-20,428,YES,,"$21,098",oct-11,2009,No
4889,661,Visa,Debit,4.71848E+15,abr-23,998,YES,,"$19,097",jul-00,2011,No
4288,1082,Amex,Debit,4.84953E+15,nov-22,31,YES,2,,may-17,2013,No
353,1805,Visa,Debit (Prepaid),4.78137E+15,nov-20,820,YES,2,"$10,224",sep-08,2020,No
1476,1131,Mastercard,Debit (Prepaid),5.76212E+15,feb-24,245,YES,2,"$12,500",feb-20,2018,No
5084,1721,,Credit,3.73002E+14,abr-21,846,YES,2,"$53,036",feb-98,,No
1349,1511,Mastercard,,5.69487E+15,jun-20,690,,1,"$5,800",may-08,,
2565,380,Mastercard,,5.83939E+15,feb-24,178,NO,1,"$9,898",,2012,No
2831,1677,Mastercard,Credit,5.45937E+15,abr-21,408,YES,1,"$11,265",jun-18,2012,No
4572,16,Mastercard,Credit,4.75193E+15,jul-21,288,YES,,"$4,400",jul-10,2014,
1813,1385,,,5.31326E+15,may-18,39,,2,$76,nov-14,,No
2047,701,Mastercard,Debit,4.57792E+15,feb-24,,YES,2,"$6,710",may-13,2009,No
5344,28,,Credit,,oct-22,761,YES,1,$91,ene-11,2016,
5671,1259,,Debit,4.63429E+15,dic-23,297,,,"$37,722",,2005,
1737,632,Mastercard,Credit,5.75287E+15,feb-22,360,YES,1,$33,feb-14,2019,No
454,1169,Mastercard,Debit,4.8923E+15,sep-12,498,YES,2,"$18,301",jun-09,2008,No
5197,219,Visa,Credit,4.73076E+15,jun-20,433,YES,1,"$8,500",feb-10,2020,No
43,1025,Visa,Credit,4.36723E+15,jul-22,585,YES,2,"$48,502",may-07,2011,No
22,74,Visa,Debit,4.54118E+15,jul-22,24,YES,1,"$26,110",jul-02,2009,No
10264,884,Amex,Debit,5.66278E+15,sep-22,997,YES,2,"$6,600",ago-11,2011,No
5842,1329,Visa,Credit,4.066E+15,abr-23,244,NO,2,"$17,042",sep-96,2011,No
5209,1324,Visa,Credit,5.19195E+15,jul-21,910,YES,2,"$8,427",abr-06,2010,No
828,860,Visa,Debit,5.8883E+15,may-22,389,YES,2,"$20,930",nov-02,2015,No
141,1375,Visa,Credit,5.31102E+15,ago-16,194,YES,1,"$10,909",sep-06,2010,No
10602,1521,Mastercard,Debit,4.10503E+15,feb-20,990,YES,2,"$26,404",jul-19,2005,No
10607,1034,Mastercard,Credit,5.9568E+15,dic-24,39,YES,1,"$20,779",nov-16,2010,No
10702,2062,Mastercard,Credit,4.54879E+15,feb-20,977,YES,2,"$16,679",ago-00,2009,No
4468,287,Mastercard,Debit,5.13251E+15,jun-21,915,NO,2,"$12,021",ene-10,2011,No
339,6495,Mastercard,Credit,5.27537E+15,feb-21,732,YES,1,"$6,993",sep-10,2010,No
8921,1123,Mastercard,Debit,5.57604E+15,jul-20,,YES,1,"$18,912",feb-19,2015,No
3917,1900,Mastercard,Debit,5.91173E+15,oct-23,849,YES,2,"$9,100",sep-09,2009,No
2388,6954,Amex,Debit,5.19162E+15,mar-24,472,YES,2,"$9,737",06/12/2024,2011,No
3368,1332,Mastercard,Credit,5.51775E+15,jun-20,950,YES,1,"$7,000",abr-08,2012,No
2100,776,Mastercard,Credit,4.77021E+15,jul-20,326,NO,1,"$50,915",ago-10,2008,No
4704,2860,Visa,Debit,5.13204E+15,sep-19,944,YES,2,"$15,568",jun-10,2010,No
2177,425,Mastercard,Credit,5.72646E+15,feb-20,497,YES,1,"$23,260",ene-20,2020,No
9354,1811,Visa,Debit,4.81707E+15,ene-24,777,YES,2,"$10,681",ene-20,2020,No
956,447,Visa,Debit,4.02223E+15,ago-16,964,YES,2,"$23,481",dic-99,2018,No
3976,1727,Visa,Debit,5.26632E+15,mar-24,814,YES,1,"$15,800",feb-09,2020,No
4197,409,Visa,Debit,5.71819E+15,dic-22,296,YES,2,"$39,533",ene-20,2010,No
4580,614,Mastercard,Debit,4.69646E+15,nov-24,949,YES,1,"$31,662",jul-03,2016,No
4050,5199,Mastercard,Credit,4.20185E+15,sep-23,52,YES,2,"$14,600",feb-20,2020,No
1613,4750,Mastercard,Credit,5.84887E+15,mar-24,838,YES,1,"$19,670",03/04/2025,2014,No
6314,1238,Mastercard,Credit,5.30974E+15,oct-18,115,YES,1,"$9,146",mar-12,2011,No
3603,1561,Mastercard,Debit (Prepaid),4.28287E+15,mar-22,117,YES,1,"$16,900",feb-04,2011,No
3473,408,Visa,Debit,5.2182E+15,ago-23,923,YES,1,"$15,149",feb-05,2017,No
8071,1557,Mastercard,Credit,5.99821E+15,jun-13,566,YES,2,$3,feb-05,2011,No
5852,1169,Visa,Debit,5.98319E+15,sep-21,939,YES,2,"$24,080",abr-09,2010,No
7238,1243,Visa,Credit,5.1921E+15,feb-18,405,NO,1,"$18,223",07/05/2026,2011,No
4051,1260,Amex,Debit,4.43547E+15,dic-23,628,YES,2,$91,jun-04,2018,No
256,27,Mastercard,Debit,3.15285E+14,may-22,851,NO,2,"$17,800",may-10,2020,No
1254,89,Mastercard,Credit,5.92016E+15,jun-22,232,NO,1,"$7,900",nov-10,2006,No
3635,110,Amex,Debit (Prepaid),5.24213E+15,oct-24,939,YES,1,"$9,696",jun-11,2014,No
439,1195,Visa,Credit,4.13157E+15,ago-22,486,YES,1,"$17,400",ene-20,2008,No
4958,1422,Mastercard,Debit,5.0646E+15,jul-03,252,YES,1,"$22,516",feb-20,2010,No
4636,865,Mastercard,Debit,4.91355E+15,feb-20,19,YES,1,"$21,692",ene-20,2020,No
4115,46,Visa,Credit,5.6629E+15,ago-21,665,YES,2,"$23,750",nov-14,2008,No
1773,92,Visa,Debit (Prepaid),5.26935E+15,sep-24,292,YES,2,,abr-16,2020,No
840,356,Mastercard,Credit,5.72179E+15,sep-20,397,YES,2,"$12,915",feb-10,2013,No
4440,729,Mastercard,Credit,5.88298E+15,may-21,847,YES,1,"$17,252",21/12/2024,2012,No
5035,435,Mastercard,Debit,4.66749E+15,oct-22,237,YES,2,"$11,969",05/02/2025,2018,No
2126,4993,Mastercard,Credit,4.91954E+15,ene-20,641,YES,2,"$12,500",feb-00,2013,No
204,419,Mastercard,Credit,5.71905E+15,ene-22,153,NO,2,"$1,993",may-19,2020,No
1337,1944,Mastercard,Credit,3.7611E+14,jul-22,930,YES,1,"$3,095",nov-14,2020,No
954,1881,Mastercard,Debit,5.92323E+15,jun-22,545,NO,1,$31,ene-20,2009,No
5730,4584,Mastercard,Credit,5.41053E+15,abr-22,112,YES,2,"$9,600",ene-16,2020,No
2991,85,Mastercard,Debit,4.44089E+15,dic-22,793,YES,2,"$34,319",feb-20,2011,No
1971,425,Discover,Credit,5.70636E+15,dic-23,873,YES,2,"$15,305",ene-20,2020,No
5117,1525,Mastercard,Debit,6.61767E+15,abr-24,569,YES,2,"$11,100",feb-20,2011,No
3220,1871,Mastercard,Credit,3.0405E+14,feb-22,218,YES,2,"$20,161",ene-10,2020,No
5766,1411,Visa,Credit,5.17223E+15,nov-24,758,YES,2,"$21,985",feb-20,2016,No
9107,1808,Visa,Credit,5.77165E+15,nov-24,287,YES,1,"$4,924",may-06,2020,No
2254,158,Mastercard,Credit,5.85973E+15,jun-21,591,YES,2,$34,dic-07,2020,No
1645,1434,Visa,Debit,4.86899E+15,mar-21,816,YES,1,"$8,400",jun-06,2010,No
1754,1522,Visa,Debit,5.85559E+15,mar-11,958,YES,1,"$13,400",jul-09,2011,No
4755,4119,Mastercard,Debit (Prepaid),4.6712E+15,may-11,171,YES,1,"$13,400",may-04,2020,No
2082,1955,Mastercard,Credit,4.7994E+15,jun-21,622,YES,1,"$32,784",oct-09,2020,No
1219,1669,Mastercard,Debit,4.19416E+15,sep-24,938,YES,1,"$22,679",03/05/2025,2016,No
8087,1543,Visa,Debit,5.29726E+15,ago-20,938,YES,1,"$20,428",ene-20,2007,No
1943,827,Visa,Debit,5.39212E+15,may-24,269,YES,2,"$14,116",ene-20,2018,No
2951,3530,Visa,Debit (Prepaid),4.25152E+15,sep-20,976,YES,1,"$15,400",ene-17,2010,No
4666,1151,Amex,Debit,4.78536E+15,jul-23,748,YES,2,"$18,281",17/02/2024,2006,No
4499,1933,Visa,Credit,4.95792E+15,nov-24,906,YES,2,"$6,700",feb-20,2016,No
2341,592,Mastercard,Credit,3.00106E+14,oct-22,976,YES,1,"$10,800",10/02/2025,2006,No
4504,76,Mastercard,Debit (Prepaid),4.2555E+15,ago-21,156,YES,1,"$14,300",19/06/2025,2020,No
608,629,Visa,Credit,4.25144E+15,may-20,859,YES,2,"$35,750",ene-02,2015,No
2948,1458,Mastercard,Debit,4.44057E+15,mar-24,912,YES,1,"$10,800",15/12/2025,2020,No
501,,Amex,Debit,5.68676E+15,oct-23,603,YES,2,"$23,404",jul-13,2016,No
5481,1618,Visa,Debit,5.9455E+15,may-21,883,YES,1,"$6,500",10/11/2023,2009,No
6076,1067,Mastercard,Credit,3.40046E+14,nov-19,978,NO,1,$66,abr-09,2019,No
3588,61,Discover,Debit,4.90865E+15,dic-23,24,YES,2,"$13,014",feb-07,2009,No
2901,46,Visa,Credit,4.84996E+15,ene-21,434,YES,1,"$14,263",sep-11,2011,No
5026,22,Visa,Credit,6.85608E+15,nov-23,783,NO,2,"$18,261",jul-09,2009,No
3471,323,Visa,Debit,5.66075E+15,ago-21,468,YES,1,"$2,290",jun-04,2010,No
770,408,Mastercard,Credit,5.26814E+15,may-22,224,YES,1,"$11,200",mar-10,2013,No
5467,3577,Mastercard,Credit,5.18714E+15,jul-21,490,YES,2,"$17,963",ene-20,2011,No
4747,1852,Mastercard,Debit,4.09893E+15,ene-21,530,YES,1,"$16,210",26/06/2024,2008,No
8509,1495,,Credit,5.29078E+15,abr-20,125,YES,2,"$10,673",ene-03,2019,No
862,1916,Discover,Debit,5.19691E+15,nov-18,412,YES,2,,oct-12,2013,No
4519,1555,Mastercard,Debit (Prepaid),4.83554E+15,may-24,108,NO,2,"$10,100",abr-07,2010,No
7209,4234,Mastercard,Debit,5.84999E+15,ene-23,636,YES,1,"$12,427",nov-10,2020,No
2551,1830,Visa,Debit,3.21787E+14,ene-23,671,YES,2,"$14,670",nov-04,2012,No
4095,452,Mastercard,Debit,5.98851E+15,oct-22,538,YES,2,"$1,900",feb-20,2015,No
1075,1797,Amex,Debit,5.08576E+15,ene-22,954,YES,2,"$62,861",abr-02,2010,No
2601,245,Mastercard,Debit,5.83187E+15,oct-24,226,YES,1,"$11,885",feb-12,2020,
2328,1811,Visa,Debit,5.96454E+15,dic-23,740,YES,2,"$9,431",dic-12,2007,No
8156,665,Visa,Credit,5.90751E+15,may-20,523,YES,1,"$28,963",ago-12,2020,No
10248,1593,Mastercard,Credit,5.27988E+15,dic-22,145,YES,2,"$20,827",jul-10,2015,No
5158,247,Mastercard,Debit,5.97971E+15,ene-20,79,YES,2,"$17,211",feb-20,2012,No
11108,707,Mastercard,Debit,4.1704E+15,jul-21,753,YES,1,"$9,400",feb-09,2020,No
125,957,Mastercard,Debit,6.41884E+15,mar-21,467,NO,2,"$1,513",feb-11,2014,No
993,1699,Mastercard,Credit,5.16635E+15,dic-20,417,YES,1,$620,feb-08,2020,No
2939,329,Visa,Debit (Prepaid),5.61747E+15,nov-20,53,YES,1,$625,jun-08,2020,No
1656,670,Visa,Credit,5.68226E+15,jun-20,232,YES,1,"$10,100",06/11/2023,2010,No
2133,1793,Visa,,5.78129E+15,ago-23,,,2,,jul-06,,No
834,1352,Discover,Debit (Prepaid),5.26167E+15,abr-14,359,YES,1,"$4,355",oct-08,2020,No
2249,920,Visa,Debit,,,754,YES,1,,,,No
4799,144,Visa,Debit,4.56322E+15,dic-12,440,YES,2,"$10,824",dic-11,2012,No
71,284,,Debit (Prepaid),4.27795E+15,dic-24,936,YES,2,"$10,900",ene-18,2010,
4776,254,Mastercard,Debit (Prepaid),5.30675E+15,ene-20,573,,1,$500,ene-07,2011,No
2915,106,Mastercard,,,feb-20,737,YES,,,may-05,2011,No
2370,53,,,4.57983E+15,may-20,84,YES,2,"$12,300",jul-05,2010,No
1593,1371,Visa,Debit,5.96772E+15,ene-23,575,YES,1,"$8,444",feb-05,2015,No
1302,259,Mastercard,Credit,6.42755E+15,jul-24,806,YES,1,$0,mar-05,2009,No
5453,1466,Mastercard,Debit,3.75809E+14,abr-24,363,YES,,"$6,600",feb-15,2016,
3302,519,Visa,Debit,,,230,YES,1,,,,No
849,1273,Visa,Debit,4.45058E+15,ene-20,806,YES,2,"$28,203",may-00,2010,No
5439,1082,Visa,Credit,,dic-22,592,YES,1,,oct-04,2010,No
848,723,Visa,Debit,,may-22,775,YES,2,,,2012,
3137,307,Visa,Credit,4.0554E+15,dic-23,697,YES,1,"$17,042",ago-19,2020,No
1245,980,Mastercard,Credit,4.71199E+15,jun-23,243,YES,1,,ene-20,,No
1656,586,Mastercard,Credit,4.74927E+15,ene-24,126,YES,2,"$31,163",feb-20,2007,
3815,1444,,Credit,4.47415E+15,ago-20,814,YES,1,"$20,573",feb-20,2014,No
5933,819,Mastercard,Debit,4.51547E+15,sep-10,29,YES,2,$63,oct-11,2007,No
1066,1423,,Debit,4.33849E+15,jun-23,,NO,2,"$29,973",,,No
3423,685,,Credit,4.57312E+15,,329,YES,2,"$30,000",,2012,No
5992,1877,,Debit (Prepaid),,dic-24,778,,2,"$4,581",feb-19,,
5483,313,,Debit,,feb-24,683,,1,$62,dic-10,,No
4005,1603,,Credit,4.91366E+15,,600,YES,1,,may-11,2016,
2848,604,Visa,Debit (Prepaid),5.61351E+15,ago-24,743,YES,,"$21,787",feb-08,,
2520,1855,Amex,Credit,5.93824E+15,dic-22,265,YES,1,"$8,633",feb-05,2014,
5550,354,Visa,Debit (Prepaid),4.97699E+15,nov-24,633,NO,2,"$14,340",,2020,No
302,440,,Debit,5.58685E+15,jul-20,831,YES,2,"$17,564",feb-20,2020,No
2956,781,,Debit,5.31514E+15,abr-20,,YES,2,,,2013,
4125,1583,Visa,Debit,4.98307E+15,ene-23,779,YES,1,"$12,247",feb-10,,No
182,492,Mastercard,Debit,4.09017E+15,abr-18,74,YES,2,"$23,260",jul-08,2011,No
3720,916,Visa,Debit,5.05653E+15,dic-22,575,YES,,"$6,200",feb-11,2011,No
1902,1195,Mastercard,,4.79378E+15,,,,1,"$6,993",ene-20,2015,
4005,29,Mastercard,Credit,5.24724E+15,sep-22,990,YES,1,,may-07,2020,No
5126,1106,Visa,Debit,5.02208E+15,,910,NO,1,"$12,600",feb-20,2011,No
673,118,Visa,Debit,5.94661E+15,dic-24,,NO,2,"$7,546",ene-20,2011,No
749,1966,Mastercard,Debit (Prepaid),,feb-20,,YES,1,"$6,491",dic-09,2010,No
3998,1610,Visa,Debit,,jun-22,530,YES,2,,jul-09,2020,No
738,678,Mastercard,Debit,,jul-22,958,YES,,"$11,700",ene-20,2009,No
48,548,Mastercard,Credit,4.72463E+15,ene-19,,,,,,2020,No
6020,970,Mastercard,Debit (Prepaid),4.59654E+15,oct-08,220,YES,2,"$11,157",ene-20,2016,No
6087,1138,,Credit,,,754,YES,2,,jul-14,2020,
4817,555,Mastercard,Credit,4.31867E+15,may-23,387,,1,,ene-10,,No
691,60,Visa,Debit,5.51024E+15,oct-16,416,YES,1,,mar-04,,No
6100,1302,Visa,Debit,,jul-21,,,2,,jun-04,2014,No
1032,1427,Visa,Credit,4.20831E+15,ago-24,838,YES,1,"$1,112",nov-11,2020,No
4419,1759,Amex,Debit,4.81668E+15,,288,YES,2,"$28,864",sep-06,,No
1909,851,Visa,,5.19959E+15,mar-23,405,,2,,,2010,No
3317,1209,Visa,Debit,5.92379E+15,,475,YES,1,$29,jul-08,2008,No
2715,560,Visa,Debit,,sep-15,,YES,1,,,2011,
913,639,,Debit,,sep-20,192,YES,2,,,,No
4648,1542,Visa,Credit,,feb-24,,,1,,jul-09,2011,No
5353,1187,Amex,,5.93355E+15,may-18,143,YES,2,"$9,900",,2020,
1603,1844,Mastercard,Debit (Prepaid),,,,YES,,"$20,097",dic-02,2008,
5034,24,Visa,,3.58698E+14,jul-23,,YES,2,"$29,041",feb-09,2016,No
5907,1680,,,5.29875E+15,feb-22,614,NO,1,"$7,967",ago-18,2013,No
781,619,Mastercard,Debit,4.78467E+15,oct-20,827,YES,2,$42,jun-03,2020,
1108,564,,Credit,,oct-15,908,,2,"$7,842",,2010,
917,1195,,Debit,6.59676E+15,jun-24,512,YES,2,"$23,137",ago-04,2007,No
105,1111,,,5.68938E+15,abr-21,283,,2,"$8,165",dic-00,2011,No
149,433,,Credit,,,930,YES,,,may-17,2011,No
2510,114,Mastercard,Debit (Prepaid),,oct-24,,YES,1,"$17,559",ago-05,2019,
6116,1050,Mastercard,Debit,6.78466E+15,oct-22,328,NO,2,"$7,100",ago-07,2020,No
2726,948,Mastercard,Debit,4.6641E+15,oct-20,760,YES,1,"$9,700",feb-99,2011,No
6014,1018,Mastercard,Debit,5.75708E+15,feb-20,,,1,"$31,896",,,No
1142,1504,Mastercard,Debit,,,547,,,"$19,037",oct-14,2008,
2998,1757,Mastercard,,5.36907E+15,sep-23,,YES,,"$14,269",sep-05,2020,No
2834,1336,Mastercard,Debit,5.23483E+15,,,YES,2,$66,dic-07,2017,No
5527,650,Mastercard,Debit,4.36858E+15,ago-22,623,YES,1,"$25,808",jun-05,2008,No
5359,1071,,Credit,4.87949E+15,abr-24,,,,"$9,700",dic-04,2010,
706,1441,Mastercard,,4.3421E+15,,274,YES,1,,,2015,
3034,1882,Mastercard,Debit,4.00331E+15,,369,NO,2,,ene-20,,No
3755,309,Visa,Debit,5.20515E+15,may-21,,YES,1,"$9,998",dic-09,2020,No
5974,1227,Mastercard,Debit,,oct-11,300,,2,"$18,500",dic-13,2015,No
4061,1966,,,5.26625E+15,nov-23,,,,"$19,107",ene-20,2011,No
4060,549,Amex,Debit,4.98604E+15,oct-22,720,YES,2,$22,oct-04,2012,No
4032,1245,Mastercard,,5.44514E+15,ago-23,,,1,"$14,100",dic-07,2020,No
42,1592,Mastercard,Debit,5.85507E+15,sep-24,330,NO,1,"$13,400",nov-02,2012,No
5517,1777,,Credit,4.11889E+15,ago-20,831,,1,"$13,700",jun-04,2013,No
4131,190,Mastercard,Debit,6.343E+15,jun-20,959,YES,,,,2007,No
2210,1791,Mastercard,Debit,,,239,YES,1,,ene-20,2008,
2038,1586,,Credit,,,90,YES,,"$6,824",abr-06,2020,No
2696,1787,,Credit,4.03203E+15,,54,,,"$17,100",abr-07,2017,No
2071,1184,Mastercard,Debit,6.63078E+15,,603,YES,2,"$18,358",jul-10,2020,No
5144,1233,Mastercard,Debit,,dic-04,864,YES,1,"$14,000",jun-08,2010,
2328,1731,,,,sep-23,674,NO,1,,nov-11,,No
2701,1037,Visa,Credit,5.26056E+15,jul-15,633,YES,2,"$17,700",oct-04,2011,No
2637,106,Mastercard,Credit,4.88186E+15,ene-20,499,YES,2,"$10,100",may-05,2012,No
2712,1084,Amex,Debit,4.33739E+15,jul-17,186,YES,2,,jun-12,2012,No
4187,31,Mastercard,Credit,5.44835E+15,oct-22,216,YES,1,"$24,519",oct-07,2013,No
504,998,Visa,Debit,5.57019E+15,,,YES,,"$25,900",jul-06,2020,No
1458,147,Visa,,,oct-22,915,NO,1,,,,No
3557,1997,,Debit,5.0244E+15,feb-23,,YES,,$67,abr-08,,No
949,811,Visa,Debit,,feb-24,,NO,1,"$19,600",jun-96,2012,No
4963,656,,Debit,4.98041E+15,mar-20,,YES,,"$11,999",sep-13,2020,
5656,1140,Visa,Credit,5.29303E+15,oct-22,,,,"$26,303",,,No
2621,1369,,Debit,,dic-23,530,,2,"$10,200",,,No
851,1690,Visa,Debit,4.44232E+15,dic-21,314,YES,2,"$20,902",nov-04,2011,No
2534,1920,Mastercard,Debit,,may-20,,,2,,dic-03,2018,No
5417,100,Visa,Debit,6.75565E+15,jul-22,846,YES,2,"$13,218",feb-20,2016,No
3291,63,Visa,Debit,4.07758E+15,ago-23,192,YES,2,"$18,116",ene-20,2010,No
10405,1116,Mastercard,Debit,4.09334E+15,feb-20,788,YES,2,"$2,121",abr-99,2011,No
2625,684,Mastercard,Debit,4.30459E+15,feb-20,212,YES,2,"$20,111",ene-20,2013,No
6500,1069,Mastercard,Debit,5.28931E+15,ago-10,780,YES,2,"$15,317",feb-02,2012,No
5755,1314,Visa,Debit,5.93219E+15,may-11,476,YES,2,"$9,741",feb-98,2014,No
2348,1296,Mastercard,Debit,4.86033E+15,abr-24,913,YES,2,"$12,931",dic-02,2009,No
2178,2156,Mastercard,Debit,5.29052E+15,may-24,59,YES,2,"$18,500",,2013,No
1322,835,Visa,Debit,5.02427E+15,feb-24,313,YES,2,"$10,831",nov-04,2011,No
3261,1520,Mastercard,Debit,5.08115E+15,dic-22,441,YES,1,"$15,200",sep-11,2020,No
3247,970,Visa,Debit,3.55152E+14,sep-24,84,NO,2,"$30,119",oct-13,2012,No
2727,1735,Mastercard,Credit,5.11747E+15,jun-22,281,YES,2,"$34,888",sep-04,2008,No
3100,1168,Visa,Debit,5.35559E+15,mar-24,868,YES,2,"$18,579",02/01/2026,2020,No
3252,921,Visa,Debit,4.40665E+15,feb-22,154,NO,1,$63,may-09,2014,No
6055,860,Mastercard,Debit,4.26059E+15,dic-21,574,YES,3,"$16,227",sep-93,2008,No
7440,767,Amex,Debit,4.36194E+15,ene-23,23,YES,1,"$13,700",mar-14,2011,No
4231,1731,Visa,Credit,3.88852E+14,may-24,154,NO,1,"$7,272",28/08/2025,2019,No
2335,2764,Amex,Debit (Prepaid),5.15164E+15,feb-23,540,YES,2,"$23,408",jun-11,2012,No
1641,74,Visa,Debit,5.41816E+15,mar-23,878,YES,2,"$27,305",may-04,2020,No
10052,362,Mastercard,Debit,3.59466E+14,jun-12,836,YES,1,"$10,400",dic-02,2008,No
6108,1879,Mastercard,Credit,,may-24,422,NO,1,"$16,786",ene-05,2013,No
4184,1253,Visa,Credit,6.6901E+15,oct-23,211,YES,1,"$7,900",mar-07,2010,No
6096,589,Discover,Debit,3.60425E+14,may-20,651,NO,1,"$32,704",abr-06,2016,No
4757,172,Mastercard,Credit,4.50937E+15,dic-21,940,YES,2,"$34,023",dic-09,2010,No
3509,272,Visa,Debit,5.21058E+15,nov-21,44,YES,2,"$13,788",ene-20,2019,No
10451,834,Mastercard,Debit,5.45084E+15,ene-14,85,YES,2,$44,mar-08,2017,No
5842,1948,Mastercard,Debit,5.14114E+15,feb-23,985,YES,1,"$8,000",may-15,2010,No
8410,1291,Discover,Debit,5.90514E+15,nov-17,639,YES,1,"$11,857",oct-98,2011,No
3975,1936,Mastercard,Credit,5.44997E+15,jun-23,439,YES,2,"$10,843",sep-10,2016,No
2664,2640,Mastercard,Credit,4.3163E+15,oct-23,942,NO,1,"$16,500",may-06,2009,No
3837,667,Visa,Credit,4.16561E+15,feb-23,582,YES,2,"$2,819",may-10,2011,No
5370,1972,Mastercard,Credit,5.73344E+15,oct-22,502,YES,2,"$14,213",jul-17,2019,No
2252,1564,Mastercard,Debit (Prepaid),4.22506E+15,may-23,905,YES,2,"$20,015",jun-04,2020,No
2023,97,Visa,Debit,,sep-15,902,YES,2,"$26,819",may-04,2010,No
3725,1330,Visa,Debit,5.79103E+15,jul-23,984,YES,1,"$14,321",mar-06,2020,No
4854,696,Discover,Credit,4.06117E+15,dic-23,839,YES,2,"$12,800",jul-10,2010,No
1612,480,Mastercard,Credit,4.35958E+15,ago-24,612,YES,1,"$6,138",dic-07,2009,No
930,747,Mastercard,Debit,6.2829E+15,may-22,618,YES,2,"$23,300",dic-15,2015,No
4092,958,Mastercard,Debit,4.63473E+15,dic-17,836,YES,2,"$12,183",oct-03,2014,No
1759,165,Mastercard,Debit,5.5864E+15,oct-20,203,NO,2,"$14,200",jul-10,2020,No
3674,1357,Visa,Debit,4.85301E+15,mar-22,412,YES,2,"$17,795",sep-17,2020,No
6914,1316,Visa,Debit,4.82518E+15,oct-24,2,YES,1,"$1,800",may-06,2017,No
2180,790,Mastercard,Debit,5.01173E+15,feb-20,367,YES,1,"$10,200",abr-07,2010,No
2004,891,Mastercard,Credit,3.60425E+14,oct-18,51,YES,1,"$8,300",may-08,2010,No
424,234,Visa,Credit,5.73212E+15,ene-23,385,YES,1,"$10,800",mar-13,2020,No
3325,921,Mastercard,Debit,5.01692E+15,feb-21,355,YES,1,"$10,700",may-09,2015,No
1434,1328,Mastercard,Debit,4.00317E+15,dic-18,587,YES,1,"$15,847",jun-15,2012,No
4708,2489,Mastercard,Debit,4.23425E+15,abr-23,332,,2,"$12,708",jun-09,2020,No
3884,6279,Visa,Debit (Prepaid),5.51398E+15,feb-20,819,YES,1,"$10,100",oct-04,2016,No
2744,16,Visa,Debit,5.21043E+15,feb-20,268,YES,1,"$20,026",sep-99,2020,No
4642,1049,Visa,Debit,4.15711E+15,jun-23,610,YES,1,"$28,066",feb-20,2016,No
8433,845,Mastercard,Debit,5.45292E+15,dic-21,349,YES,2,"$38,120",dic-07,2011,No
4913,1877,Visa,Debit,5.53378E+15,mar-22,859,NO,1,"$8,400",mar-08,2020,No
4067,958,Mastercard,Debit,4.5297E+15,dic-22,439,YES,1,"$16,465",13/09/2023,2014,No
5496,506,Mastercard,Debit,4.58376E+15,feb-20,379,YES,1,"$19,000",sep-14,2020,No
2431,449,Visa,Debit,4.71995E+15,mar-21,545,YES,1,"$18,200",jul-12,2015,No
4725,597,Visa,Debit (Prepaid),5.31102E+15,jun-05,594,YES,2,"$9,800",dic-04,2008,No
3421,235,Visa,Debit,5.77105E+15,sep-24,390,YES,1,"$20,661",10/07/2026,2012,No
5439,371,Mastercard,Credit,5.9081E+15,abr-22,302,NO,2,"$24,049",sep-02,2011,No
1810,1130,Visa,Debit,3.22453E+14,dic-20,905,YES,2,"$18,000",ene-20,2012,No
4587,1516,Mastercard,Credit,4.26282E+15,dic-20,929,YES,2,"$27,053",feb-20,2020,No
1909,1304,Mastercard,Credit,4.97655E+15,abr-22,139,YES,2,"$15,700",feb-20,2013,No
3295,328,Discover,Debit,4.13725E+15,ene-14,682,YES,2,,feb-20,2019,No
5015,1503,Mastercard,Debit,5.36625E+15,nov-18,985,YES,2,"$11,163",mar-08,2020,No
4418,2879,Mastercard,Credit,5.69179E+15,abr-21,269,YES,1,"$5,500",jun-08,2012,No
3590,5502,Mastercard,Debit,5.83257E+15,oct-15,778,YES,1,"$11,805",mar-11,2020,No
1100,76,Amex,Debit,5.95222E+15,may-24,604,YES,1,"$10,900",mar-15,2020,No
3186,1939,Mastercard,Credit,5.77961E+15,feb-20,135,YES,2,,jul-11,2020,No
5773,123,Mastercard,Debit,5.3009E+15,nov-20,697,YES,1,"$4,300",oct-07,2016,No
169,849,Mastercard,Debit,4.89674E+15,mar-16,721,YES,1,"$19,746",nov-09,2020,No
2298,1413,Mastercard,Debit,5.017E+15,mar-09,997,YES,2,"$32,269",oct-09,2020,No
5977,176,Visa,Credit,5.37162E+15,nov-06,382,YES,1,"$2,121",21/06/2026,2009,No
2189,1632,Mastercard,Debit,4.04484E+15,jun-24,792,YES,2,"$15,700",feb-16,2013,No
5614,270,Visa,Debit,6.66495E+15,feb-21,745,YES,2,"$15,300",feb-10,2020,No
2348,1595,Mastercard,Debit,5.40872E+15,oct-22,799,YES,1,"$11,364",feb-13,2016,No
6608,81,Mastercard,Debit,5.63082E+15,jun-22,480,YES,1,"$15,555",jul-09,2007,No
1752,1725,Mastercard,Credit,5.19586E+15,feb-20,185,NO,1,"$17,602",ene-20,2011,No
5316,1666,Amex,Debit (Prepaid),5.20729E+15,jun-22,793,YES,1,"$15,416",sep-07,2010,No
1075,1043,Visa,Debit,5.2304E+15,ago-22,143,YES,1,"$20,605",dic-02,2008,No
5338,3641,Mastercard,Debit,5.14114E+15,jul-24,996,YES,1,"$14,961",mar-13,2005,No
5626,1569,Mastercard,Credit,5.30974E+15,dic-20,542,YES,1,"$10,400",dic-07,2004,No
5616,572,Visa,Debit,5.83166E+15,nov-13,523,YES,2,"$11,029",may-10,2008,No
4239,293,Discover,Debit,5.96508E+15,sep-24,465,YES,2,"$7,400",jul-08,2011,No
148,1132,Visa,Debit,5.90942E+15,abr-22,992,NO,2,"$3,099",ago-08,2010,No
1334,840,Mastercard,Debit,5.80252E+15,oct-20,757,YES,1,"$10,882",abr-11,2011,No
2580,716,Mastercard,Debit,5.96011E+15,abr-21,206,NO,1,"$29,037",nov-07,2020,No
5516,229,Mastercard,Debit,4.60936E+15,nov-15,47,YES,1,"$16,094",jun-13,2019,No
4536,608,Mastercard,Debit,5.96124E+15,oct-24,888,YES,1,$86,ene-06,2010,No
693,861,Mastercard,Credit,5.94874E+15,jul-22,384,YES,2,"$31,307",feb-11,2009,No
5981,907,Mastercard,Debit,5.48906E+15,mar-21,222,YES,2,"$11,647",jul-08,2012,No
3448,1881,Mastercard,Debit,5.61092E+15,jun-24,585,YES,2,"$12,700",jun-16,2012,No
4692,832,Visa,Debit,5.53171E+15,may-09,586,YES,1,"$21,378",abr-09,2009,No
5942,1518,Visa,Credit,4.02609E+15,may-22,762,YES,2,"$10,311",feb-20,2010,No
2252,1889,Mastercard,Debit,4.71187E+15,ago-15,2,YES,1,"$12,014",sep-02,2011,No
5201,573,Mastercard,Credit,4.27926E+15,jun-22,806,YES,1,$39,jul-09,2020,No
1098,784,,Debit,5.07415E+15,dic-23,468,YES,1,"$6,300",abr-03,2013,No
1576,1517,Amex,Debit,4.4799E+15,jun-21,713,YES,2,"$10,000",feb-20,2007,No
3026,1877,Mastercard,Debit (Prepaid),4.6712E+15,sep-22,921,YES,1,"$44,568",feb-18,2008,No
1350,1178,Mastercard,Debit (Prepaid),6.63078E+15,abr-24,733,YES,1,"$22,700",jul-09,2012,No
1945,688,Visa,Credit,5.97585E+15,mar-22,367,YES,2,"$1,800",dic-01,2020,No
5532,647,Mastercard,Debit (Prepaid),5.24229E+15,ene-24,167,YES,1,,dic-08,2017,No
1233,1957,Mastercard,Debit,5.36739E+15,jun-22,478,YES,2,"$15,636",jul-13,2010,No
5143,1181,Mastercard,Debit,,,32,YES,,,may-08,2008,
2820,973,Mastercard,,5.4468E+15,jul-22,916,NO,2,,oct-13,,No
5869,394,,Debit,5.45124E+15,dic-23,,YES,1,"$26,231",ene-02,2020,No
2506,818,,Debit,5.52444E+15,feb-21,,NO,1,,,2010,
5654,659,Visa,Debit (Prepaid),5.6075E+15,jul-22,459,NO,2,$28,ene-20,2018,No
5862,221,Discover,Debit,4.21321E+15,oct-21,569,YES,2,"$23,157",nov-07,2013,No
3607,1227,Mastercard,,4.24677E+15,ene-22,,,1,,may-01,2010,
693,619,Visa,Debit,5.02328E+15,,,,,"$14,247",ago-12,,No
1917,1124,,Credit,5.369E+15,,58,YES,1,,sep-94,,
1399,385,Mastercard,Debit,3.45841E+14,jul-15,707,YES,2,"$3,800",ene-20,2006,No
3428,1507,Visa,Credit,4.51041E+15,nov-07,,YES,1,"$13,793",ene-06,2013,No
3776,132,Mastercard,Debit,5.64121E+15,sep-20,653,YES,2,"$6,300",jun-09,2017,No
4363,1108,Mastercard,Credit,,feb-24,127,YES,1,"$18,700",,2008,No
4703,1963,Mastercard,Debit,4.35122E+15,jun-23,507,YES,1,"$13,034",ago-01,2020,No
3061,1905,,,5.14665E+15,may-22,398,,1,$63,ene-20,,
1356,69,Mastercard,Debit,,ago-23,658,,1,"$21,274",jul-12,2013,No
6030,1648,Visa,Credit,4.90757E+15,mar-20,,YES,,,ene-06,,
3275,153,Mastercard,Credit,4.35172E+15,abr-21,468,,2,,,2012,
2783,207,Visa,Debit,5.65755E+15,oct-22,508,YES,,,ene-20,2013,No
611,1762,Mastercard,Credit,5.46501E+15,ago-21,886,NO,2,"$10,300",ago-18,,
4716,1111,Mastercard,Debit,4.03366E+15,abr-22,901,,1,,,2013,No
4585,256,Visa,Credit,3.50866E+14,abr-11,353,YES,2,"$7,400",jun-10,2020,
764,181,Mastercard,Credit,5.95754E+15,feb-20,78,YES,1,,,2010,No
4340,885,Mastercard,Debit,5.22414E+15,sep-24,258,YES,2,"$15,000",ene-20,2009,No
4306,426,Amex,Debit,5.16679E+15,may-22,318,YES,2,"$26,531",abr-09,2014,No
4468,209,Mastercard,Debit (Prepaid),4.27555E+15,may-21,600,YES,3,"$14,138",nov-99,2014,No
1985,1334,Visa,Debit,5.60755E+15,mar-15,992,YES,2,"$13,694",oct-08,,No
3707,523,Visa,Credit,6.75565E+15,ago-24,864,,2,,sep-08,,
1399,1717,Mastercard,Debit,5.39174E+15,abr-21,154,YES,2,"$18,400",jul-03,2018,No
4634,776,Visa,Debit,5.42924E+15,abr-18,754,YES,2,"$29,335",nov-08,2009,No
2641,1254,Visa,Debit,5.41707E+15,sep-21,587,YES,,"$13,972",may-07,2012,No
1008,771,Mastercard,Debit,4.62129E+15,jun-23,452,YES,1,"$5,400",mar-19,,No
1493,540,Visa,Debit,4.73139E+15,feb-24,141,YES,1,"$11,400",jul-07,2020,No
2347,126,Mastercard,Debit,4.32451E+15,dic-23,,NO,1,"$5,200",,2019,No
2831,775,Amex,,4.43483E+15,,,YES,1,"$5,216",abr-04,,
2669,964,,,4.23792E+15,ene-21,,YES,,"$12,783",oct-11,,No
5741,498,Amex,Debit,6.98313E+15,,,YES,2,"$19,369",,2013,
1902,946,Visa,Credit,5.66661E+15,dic-09,558,YES,2,"$1,837",,,No
4062,13,Visa,Debit,5.7925E+15,sep-22,424,,2,"$27,491",abr-12,2020,No
2228,1836,Visa,,,,811,YES,2,,,2020,No
4957,1193,Mastercard,,5.09863E+15,,64,,1,"$26,317",dic-07,,No
5555,621,Mastercard,Debit (Prepaid),4.56239E+15,nov-22,690,YES,1,"$11,800",ene-20,2020,No
3231,1556,Visa,Credit,,feb-21,92,YES,1,"$61,355",ene-20,2009,No
765,433,Mastercard,Credit,4.74838E+15,dic-22,,,1,"$25,613",ago-07,2013,No
4107,906,Mastercard,Credit,5.96105E+15,oct-22,94,YES,1,"$5,553",feb-20,,No
1632,1907,,,5.51311E+15,,945,YES,1,,ene-20,2020,No
5577,1158,,Debit,5.70133E+15,dic-09,,YES,2,,ene-20,2012,No
4642,1163,Visa,Debit,4.55986E+15,ago-20,311,YES,2,,nov-11,2012,No
2699,1039,,,3.62822E+14,abr-23,592,NO,2,"$8,300",,2016,No
2935,987,Amex,Debit,4.63594E+15,mar-21,467,YES,2,"$5,300",ago-07,2003,No
1971,318,,Credit,5.51772E+15,jul-22,,NO,,,,2007,No
2794,1223,Mastercard,Credit,4.18097E+15,,654,,2,"$19,488",jun-17,,No
5715,1560,,Debit (Prepaid),5.23347E+15,ene-22,518,YES,2,,ene-20,2013,No
2334,1397,Visa,Debit,,feb-14,,,1,"$17,686",ene-20,2007,No
3818,1750,Visa,,5.56804E+15,nov-24,369,YES,1,,oct-06,2020,No
1460,786,Mastercard,Credit,5.58197E+15,,,YES,2,"$21,751",nov-12,2008,No
3663,79,Mastercard,Debit,5.85587E+15,feb-20,842,YES,2,,feb-13,2020,No
3749,132,Visa,Credit,5.94337E+15,ago-24,230,,1,"$4,700",,2010,No
5764,1636,Visa,Credit,,ene-24,,YES,,,nov-13,2010,No
3561,1903,Visa,Credit,4.62029E+15,,632,NO,,"$9,300",oct-08,2007,No
2045,667,,Debit,,nov-20,,YES,2,"$44,717",,,No
1710,409,Visa,Credit,,sep-20,678,YES,1,"$28,069",,2012,No
5019,942,Visa,Credit,4.94742E+15,nov-22,405,YES,2,"$21,087",oct-01,2012,No
1092,1115,Visa,Credit,3.87424E+14,,,YES,2,"$27,489",mar-10,,
4295,1919,Mastercard,Debit,5.49387E+15,,812,YES,1,"$12,607",sep-17,2014,No
3914,1226,,,4.72919E+15,ene-22,926,,2,,sep-10,2008,No
3530,14,Mastercard,Debit (Prepaid),5.99798E+15,feb-20,,YES,2,"$10,909",sep-00,2012,No
5078,1887,,,5.12141E+15,,288,,2,"$11,300",feb-05,2020,
605,212,Mastercard,Debit,5.54007E+15,ene-22,749,YES,1,"$11,500",sep-00,,No
3979,1686,Visa,Debit,5.25356E+15,ago-24,,YES,1,"$15,300",,,
1192,773,Mastercard,Debit,,sep-21,873,YES,,,sep-10,2015,
2211,1767,Mastercard,Credit,4.4241E+15,,760,NO,1,,,2018,No
3816,859,Mastercard,,3.35921E+14,jun-20,245,YES,1,"$9,700",jun-03,2020,No
1700,1830,Amex,,,,,YES,,"$14,700",jun-08,2010,No
284,1095,Mastercard,Credit,,nov-22,382,YES,,"$15,353",jul-06,2011,No
4057,1894,Visa,Debit,4.31397E+15,oct-21,45,YES,,,ago-08,,No
6070,663,,Debit,5.96398E+15,mar-16,222,YES,,$67,jul-03,,No
3682,412,Amex,Credit,4.69621E+15,,,YES,1,"$24,298",,2012,
4852,1022,,Debit,,oct-08,,,1,"$2,942",oct-16,,No
4569,39,,Debit,4.58231E+15,nov-23,636,NO,1,"$14,200",jun-01,,No
3095,674,Mastercard,,4.33285E+15,feb-24,,,2,,ene-08,2012,
884,383,,Debit,4.33883E+15,ene-23,282,YES,1,$68,,2013,No
2210,1945,Mastercard,Credit,5.37147E+15,jul-23,715,,1,"$29,761",,2019,No
2124,1161,Mastercard,Debit,,nov-16,628,YES,,"$15,100",jun-06,2020,No
4176,1201,Visa,,,ene-22,54,,,,ene-20,2020,No
859,184,Mastercard,Debit,5.60709E+15,jul-22,706,YES,2,"$23,100",abr-14,2010,No
2910,1068,Mastercard,Debit,5.44506E+15,jun-20,91,YES,2,"$18,089",ene-20,2016,No
4885,1179,Visa,Credit,5.12092E+15,feb-21,782,YES,2,"$10,896",sep-04,2013,No
5631,327,,Debit,5.34811E+15,may-22,212,YES,1,$68,mar-10,2018,No
4719,1587,Visa,Debit (Prepaid),4.7646E+15,mar-24,710,YES,1,"$29,503",mar-13,2020,No
5968,1302,,Debit,,jul-22,64,YES,,$25,abr-05,2015,No
722,1613,Visa,Debit,,,466,,2,,may-05,2011,
5857,1227,Mastercard,,,jun-21,681,YES,1,,feb-17,,
1502,1779,,,5.41205E+15,,,YES,1,"$22,800",feb-10,,No
587,449,Visa,Debit (Prepaid),3.37715E+14,abr-24,856,YES,1,"$9,827",ago-14,2011,No
4366,278,Visa,Credit,5.03482E+15,,123,,,,abr-09,2020,
4216,80,,,3.58241E+14,oct-21,932,NO,,,ago-05,,No
4817,58,Visa,,4.93726E+15,,,YES,2,"$15,500",jun-10,2020,No
4895,1015,Mastercard,Debit,5.24634E+15,dic-23,931,YES,1,"$3,500",feb-18,2009,No
4028,421,Visa,Debit,5.85443E+15,ene-20,190,YES,2,"$13,500",feb-10,2005,No
3974,419,,Credit,5.98711E+15,ago-20,468,YES,2,$57,mar-08,2020,No
590,712,Mastercard,Debit,4.43547E+15,feb-22,962,YES,1,"$28,937",abr-15,2013,No
5230,362,Mastercard,Credit,5.03952E+15,dic-24,140,YES,2,"$13,400",jun-10,2016,No
465,1078,Mastercard,Debit,4.14542E+15,jun-22,162,YES,2,"$34,888",feb-09,2011,No
4121,579,Mastercard,Debit,5.06052E+15,ene-19,314,YES,2,"$6,100",sep-08,2008,No
1891,430,Mastercard,Debit,5.30511E+15,jun-22,245,YES,1,"$5,283",feb-11,2011,No
1258,1759,Visa,Credit,5.21612E+15,jul-21,954,YES,2,"$12,628",mar-16,2011,No
161,2769,Mastercard,Debit,4.6013E+15,ago-21,947,YES,1,"$40,384",jul-10,2015,No
698,1854,Mastercard,Credit,4.63891E+15,nov-20,911,YES,1,"$15,700",jun-19,2010,No
4753,1304,Mastercard,Credit,5.34956E+15,sep-23,446,YES,1,"$2,629",sep-13,2012,No
1478,1082,Visa,Credit,5.98968E+15,jul-20,198,YES,2,"$4,140",mar-07,2015,No
370,1928,Mastercard,Debit,4.02564E+15,oct-24,316,YES,1,"$2,400",feb-20,2014,No
5387,235,Visa,Debit (Prepaid),4.30106E+15,sep-14,58,YES,2,"$24,390",feb-20,2007,No
5081,1151,Mastercard,Credit,5.75048E+15,jun-23,274,YES,2,"$8,800",oct-09,2008,No
5581,1043,Mastercard,Credit,5.29105E+15,abr-22,742,YES,1,"$15,100",ene-20,2012,No
1756,195,Mastercard,Debit,4.33357E+15,nov-20,596,YES,1,"$13,139",15/07/2025,2008,No
4685,536,Mastercard,Debit,4.68053E+15,jun-20,318,YES,2,"$25,264",nov-08,2007,No
5889,1936,Mastercard,Debit,5.30138E+15,may-21,516,YES,2,"$17,611",ene-20,2010,No
2775,1104,Visa,Credit,5.62722E+15,may-24,830,YES,1,"$9,628",03/06/2025,2020,No
1522,55,Visa,Credit,5.06052E+15,may-19,78,YES,2,"$9,742",ago-09,2020,No
1044,1248,Visa,Debit,5.65638E+15,oct-24,250,YES,1,$59,may-07,2020,No
2643,1810,Visa,Debit,5.93132E+15,may-22,314,YES,2,"$2,800",nov-10,,No
2174,6101,Visa,Credit,5.71833E+15,jul-22,259,YES,1,"$10,100",ene-20,2007,No
9278,1020,Mastercard,Debit,3.38138E+14,,600,NO,2,"$4,583",feb-20,2020,No
3471,1824,Visa,Debit,5.81815E+15,dic-18,939,YES,1,"$12,183",sep-08,2017,No
4317,912,Mastercard,Credit,5.45789E+15,oct-20,912,YES,2,"$17,885",may-05,2020,No
1235,1166,Mastercard,Credit,5.32877E+15,jun-21,944,YES,1,"$21,200",sep-07,2011,No
782,5376,Visa,Debit,5.00833E+15,mar-20,329,YES,1,"$20,706",jul-08,2016,No
2418,42,Mastercard,Debit,4.09236E+15,jun-20,739,YES,1,"$25,815",sep-05,2005,No
1623,597,Mastercard,Debit (Prepaid),5.91576E+15,ago-22,904,YES,1,$130,18/01/2024,2020,No
4244,794,Mastercard,Debit,5.05412E+15,jul-18,160,YES,1,$61,abr-18,2010,No
4160,1125,Mastercard,Credit,4.40316E+15,jul-15,344,YES,1,"$5,300",sep-10,2010,No
5560,1675,Mastercard,Debit,5.81815E+15,jun-21,109,YES,1,"$7,202",feb-20,2008,No
3127,810,Mastercard,Debit,4.72182E+15,nov-19,14,NO,2,$85,sep-14,2016,
4985,526,Mastercard,Debit,5.40328E+15,jun-21,555,YES,2,"$31,845",nov-09,2011,
5006,1505,Amex,Credit,5.94095E+15,oct-21,518,YES,2,$57,nov-07,2020,No
11046,699,Visa,Debit (Prepaid),4.02555E+15,abr-20,269,YES,1,"$4,200",jul-08,2012,No
4019,62,Mastercard,Debit,4.07073E+15,jun-23,789,YES,1,"$8,000",mar-12,2011,No
1360,6052,Mastercard,Credit,5.88298E+15,oct-20,133,YES,1,"$1,952",ene-20,2009,No
4548,1221,Discover,Debit,4.47033E+15,jul-24,269,YES,1,$22,sep-11,2020,No
10562,331,Mastercard,Credit,4.00317E+15,ene-23,485,YES,1,$65,ago-07,2010,No
3461,6646,Mastercard,Debit,5.41495E+15,dic-21,119,YES,2,"$30,900",jun-02,2020,No
9847,932,Visa,Credit,3.54505E+14,oct-05,,YES,2,$96,feb-20,2010,No
5663,1995,Amex,Credit,5.59405E+15,ene-24,563,YES,1,"$29,648",abr-09,2010,No
7299,1416,Amex,Credit,5.36164E+15,oct-16,453,YES,2,"$12,800",may-12,2012,No
73,645,Mastercard,Debit,5.63617E+15,dic-20,574,YES,1,"$24,939",ene-20,2018,No
8716,515,Mastercard,Credit,5.01937E+15,may-24,414,YES,2,"$11,392",jun-15,2011,No
8453,928,Discover,Debit,3.16487E+14,jul-24,687,YES,2,,feb-20,2011,No
2884,1211,Mastercard,Debit,4.48302E+15,feb-13,39,YES,2,"$10,400",oct-11,2020,No
1951,1795,Visa,Credit,5.24765E+15,dic-21,688,YES,2,"$16,300",sep-17,2009,No
4183,1619,Visa,Credit,5.56643E+15,dic-08,985,YES,2,"$14,500",ene-18,2011,No
4281,2569,Mastercard,Debit (Prepaid),3.99832E+14,oct-22,738,YES,2,"$6,600",sep-03,2017,No
4766,1184,Mastercard,Debit (Prepaid),5.75118E+15,ene-22,904,YES,2,,abr-96,2020,No
3106,433,Visa,Debit,5.89025E+15,dic-20,359,YES,1,"$11,400",15/08/2023,2015,No
330,1898,Visa,Debit,3.63303E+14,oct-24,303,YES,3,"$7,600",ene-16,2020,No
4148,100,Mastercard,Debit,4.99209E+15,ene-24,215,NO,2,"$27,091",oct-05,2010,No
1585,239,Visa,Credit,5.55482E+15,abr-22,627,NO,1,"$21,022",ene-20,2010,No
9430,791,Visa,Debit (Prepaid),5.67424E+15,ene-23,512,YES,1,"$11,646",feb-00,2010,No
8577,267,Mastercard,Credit,4.99578E+15,ago-10,501,NO,1,"$14,600",feb-20,2016,No
3307,946,Mastercard,Credit,5.20729E+15,dic-15,895,YES,1,"$1,447",ene-09,2009,No
6973,3384,Mastercard,Credit,5.00007E+15,ene-20,204,YES,1,"$16,565",jul-10,2009,No
4891,830,Visa,Credit,4.4095E+15,dic-21,339,YES,1,"$17,775",28/02/2025,2011,No
4303,1775,Amex,Debit,5.08202E+15,feb-15,743,YES,1,"$1,500",nov-09,2020,No
2620,1521,Visa,Debit,4.1392E+15,jul-23,308,YES,1,"$4,300",oct-07,2011,
4462,361,Mastercard,Debit,5.00844E+15,jul-22,88,YES,2,"$6,532",sep-18,2008,No
3459,716,Mastercard,Debit,5.06597E+15,sep-21,588,YES,1,"$5,000",ene-20,2013,No
,6509,Visa,Debit,5.72725E+15,jun-24,49,YES,1,$59,03/10/2023,2012,No
2554,107,Visa,Credit,5.51772E+15,oct-21,141,YES,1,"$17,100",dic-07,2009,No
10847,919,Mastercard,Debit,5.0586E+15,nov-21,943,YES,2,"$24,104",dic-14,2007,No
1806,1429,Mastercard,Debit,4.95225E+15,feb-22,970,YES,1,"$4,140",nov-03,2010,No
4632,684,Mastercard,Debit (Prepaid),4.19971E+15,ago-11,155,YES,1,"$21,449",23/02/2024,2010,No
5084,1659,Visa,Debit,6.04314E+15,abr-05,573,NO,2,"$17,652",abr-09,2016,No
6746,1151,Mastercard,Credit,4.16946E+15,sep-20,850,YES,2,"$8,700",20/04/2024,2020,No
1151,3920,Mastercard,Credit,5.71634E+15,mar-19,820,YES,2,"$32,223",sep-01,2015,No
4557,878,Visa,Debit (Prepaid),4.75176E+15,abr-24,402,YES,2,"$20,770",jul-03,,No
4436,5217,Visa,Credit,5.44732E+15,dic-20,13,NO,2,"$8,400",jun-05,2010,No
5542,149,Amex,Debit (Prepaid),5.45651E+15,sep-20,512,YES,2,"$2,400",dic-08,2020,No
6104,359,Visa,Credit,5.95793E+15,ene-23,179,YES,2,"$9,900",mar-14,2016,No
1306,1828,Mastercard,Debit,4.0931E+15,sep-23,310,YES,2,"$5,700",feb-20,2011,No
854,2172,Visa,Debit (Prepaid),5.39866E+15,oct-22,847,YES,2,"$10,589",jul-15,2020,No
590,119,Amex,Debit,4.94814E+15,may-20,127,YES,2,"$16,094",jun-07,2009,No
2464,1738,Visa,Debit,5.63405E+15,nov-09,188,YES,1,$77,ene-20,2011,No
469,325,Visa,Credit,6.51525E+15,oct-21,482,NO,2,"$10,607",31/08/2023,2020,No
5866,2731,Visa,Debit (Prepaid),4.75183E+15,jun-23,893,YES,2,"$8,889",may-10,2007,No
1602,11,Visa,Credit,5.14588E+15,ene-24,788,YES,1,"$8,200",ene-20,2020,No
3793,1651,Mastercard,Debit (Prepaid),5.38368E+15,may-22,324,YES,1,"$18,494",feb-20,2013,No
284,671,Visa,Credit,4.84255E+15,mar-22,300,YES,1,"$13,193",jul-07,2020,No
7981,252,Mastercard,Debit,5.09035E+15,mar-18,818,YES,2,"$15,277",nov-15,2020,No
2699,356,Mastercard,Debit,5.07427E+15,jun-24,504,YES,1,"$7,767",sep-10,2011,No
837,757,Discover,Debit,5.54283E+15,ago-23,749,YES,1,"$22,800",may-06,2012,No
3357,881,Mastercard,Debit,5.8883E+15,jul-22,923,YES,1,"$7,700",feb-20,2015,No
8854,1374,Mastercard,Debit,5.89603E+15,dic-11,49,YES,1,"$4,000",jun-96,2010,No
5961,2350,Mastercard,Debit,4.48131E+15,abr-23,644,YES,2,"$10,100",19/12/2024,2012,No
2841,188,Mastercard,Debit,4.41946E+15,oct-22,398,YES,1,,23/11/2024,2014,No
2200,638,Mastercard,Debit,3.32229E+14,feb-20,836,YES,2,"$28,283",jul-02,2020,No
5983,28,Visa,Debit (Prepaid),4.54921E+15,sep-20,932,YES,1,$11,feb-05,2011,No
3133,212,Mastercard,Debit,6.84486E+15,jun-23,592,NO,1,"$18,721",jul-18,2009,No
3027,1901,Mastercard,Debit,5.43531E+15,feb-24,355,NO,2,"$17,848",ago-11,2010,No